Date,Region,Region_Number,iso_year,iso_week,filling_level,Capacity(TWh),Filled (TWh),Next_Publication_Date,filling_level_previous_week,change_filling_level
2019-02-17,EL,1,2019,7,0.36310306,6.0032635,2.1798034,2019-02-27 13:00:00,0.41177237,-0.04866931
2019-02-17,VASS,1,2019,7,0.42373908,36.044464,15.273448,2019-02-27 13:00:00,0.45098194,-0.02724287
2019-02-17,VASS,2,2019,7,0.5412796,23.237715,12.578101,2019-02-27 13:00:00,0.5553723,-0.014092684
2019-02-17,NO,0,2019,7,0.4560326,87.43758,39.874386,2019-02-27 13:00:00,0.47591925,-0.019886643
2019-02-17,EL,2,2019,7,0.5076181,34.04359,17.281143,2019-02-27 13:00:00,0.5234419,-0.015823781
2019-02-17,VASS,3,2019,7,0.42709455,28.155403,12.025019,2019-02-27 13:00:00,0.44198346,-0.014888912
2019-02-17,EL,5,2019,7,0.4369063,17.390587,7.598057,2019-02-27 13:00:00,0.4624821,-0.025575787
2019-02-17,EL,3,2019,7,0.45766133,8.920932,4.0827656,2019-02-27 13:00:00,0.48803106,-0.030369729
2019-02-17,EL,4,2019,7,0.4127246,21.079208,8.699908,2019-02-27 13:00:00,0.42175332,-0.009028703
2019-02-24,EL,3,2019,8,0.4303338,8.920932,3.8389783,2019-03-06 13:00:00,0.45766133,-0.027327538
2019-02-24,EL,2,2019,8,0.49713856,34.04359,16.924381,2019-03-06 13:00:00,0.5077004,-0.010561824
2019-02-24,VASS,2,2019,8,0.53150576,23.237715,12.35098,2019-03-06 13:00:00,0.5412591,-0.009753346
2019-02-24,EL,1,2019,8,0.31331533,6.0032635,1.8809146,2019-03-06 13:00:00,0.36310306,-0.04978773
2019-02-24,VASS,1,2019,8,0.39930636,36.044464,14.392784,2019-03-06 13:00:00,0.42373908,-0.024432719
2019-02-24,NO,0,2019,8,0.43921953,87.43758,38.404293,2019-03-06 13:00:00,0.45607755,-0.016858011
2019-02-24,EL,4,2019,8,0.40575472,21.079208,8.552988,2019-03-06 13:00:00,0.4127246,-0.006969899
2019-02-24,VASS,3,2019,8,0.41443616,28.155403,11.668617,2019-03-06 13:00:00,0.42709455,-0.012658387
2019-02-24,EL,5,2019,8,0.41251308,17.390587,7.1738443,2019-03-06 13:00:00,0.43685833,-0.024345249
2019-03-03,EL,5,2019,9,0.38681716,17.390587,6.726977,2019-03-13 13:00:00,0.41255796,-0.025740802
2019-03-03,VASS,2,2019,9,0.51671714,23.237715,12.007325,2019-03-13 13:00:00,0.53150576,-0.014788628
2019-03-03,EL,1,2019,9,0.26831892,6.0032635,1.6107892,2019-03-13 13:00:00,0.31331533,-0.04499641
2019-03-03,EL,2,2019,9,0.4868362,34.04359,16.573652,2019-03-13 13:00:00,0.4970582,-0.010222018
2019-03-03,NO,0,2019,9,0.42302784,87.43758,36.988533,2019-03-13 13:00:00,0.43917888,-0.01615104
2019-03-03,EL,4,2019,9,0.4001267,21.079208,8.434355,2019-03-13 13:00:00,0.40575472,-0.0056280196
2019-03-03,EL,3,2019,9,0.40506923,8.920932,3.613595,2019-03-13 13:00:00,0.4303338,-0.025264561
2019-03-03,VASS,1,2019,9,0.37803975,36.044464,13.62624,2019-03-13 13:00:00,0.3993872,-0.021347463
2019-03-03,VASS,3,2019,9,0.4041261,28.155403,11.378333,2019-03-13 13:00:00,0.41443616,-0.010310054
2019-03-10,EL,2,2019,10,0.47193867,34.04359,16.066486,2019-03-20 13:00:00,0.4868362,-0.014897525
2019-03-10,VASS,3,2019,10,0.38428688,28.155403,10.819752,2019-03-20 13:00:00,0.4041261,-0.019839227
2019-03-10,VASS,1,2019,10,0.35404,36.044464,12.761183,2019-03-20 13:00:00,0.37797448,-0.023934484
2019-03-10,EL,3,2019,10,0.36713433,8.920932,3.27518,2019-03-20 13:00:00,0.40506923,-0.0379349
2019-03-10,EL,4,2019,10,0.38543493,21.079208,8.124663,2019-03-20 13:00:00,0.4001267,-0.01469177
2019-03-10,NO,0,2019,10,0.40190107,87.43758,35.14126,2019-03-20 13:00:00,0.42307734,-0.021176279
2019-03-10,EL,5,2019,10,0.35930583,17.390587,6.248539,2019-03-20 13:00:00,0.38681716,-0.027511328
2019-03-10,EL,1,2019,10,0.23131867,6.0032635,1.388667,2019-03-20 13:00:00,0.26831892,-0.037000254
2019-03-10,VASS,2,2019,10,0.49838227,23.237715,11.5812645,2019-03-20 13:00:00,0.5167267,-0.018344402
2019-03-17,EL,3,2019,11,0.33108383,8.920932,2.953576,2019-03-27 13:00:00,0.36713433,-0.0360505
2019-03-17,VASS,1,2019,11,0.3296403,36.044464,11.881708,2019-03-27 13:00:00,0.35404,-0.024399698
2019-03-17,VASS,3,2019,11,0.3635459,28.155403,10.235782,2019-03-27 13:00:00,0.38428688,-0.020740986
2019-03-17,EL,2,2019,11,0.45644304,34.04359,15.5389595,2019-03-27 13:00:00,0.4720156,-0.015572548
2019-03-17,EL,5,2019,11,0.33001012,17.390587,5.7390695,2019-03-27 13:00:00,0.35930583,-0.029295713
2019-03-17,EL,4,2019,11,0.3692764,21.079208,7.7840548,2019-03-27 13:00:00,0.38543493,-0.016158521
2019-03-17,EL,1,2019,11,0.19567119,6.0032635,1.1746658,2019-03-27 13:00:00,0.23131867,-0.03564748
2019-03-17,VASS,2,2019,11,0.4792222,23.237715,11.136029,2019-03-27 13:00:00,0.49838227,-0.019160062
2019-03-17,NO,0,2019,11,0.3800333,87.43758,33.22919,2019-03-27 13:00:00,0.40190107,-0.021867752
2019-03-24,NO,0,2019,12,0.36629298,87.43758,32.02777,2019-04-03 13:00:00,0.3800333,-0.013740331
2019-03-24,EL,5,2019,12,0.31099057,17.390587,5.408308,2019-04-03 13:00:00,0.33001012,-0.019019544
2019-03-24,EL,1,2019,12,0.17069466,6.0032635,1.0247251,2019-04-03 13:00:00,0.19567119,-0.024976522
2019-03-24,VASS,2,2019,12,0.47312897,23.237715,10.994436,2019-04-03 13:00:00,0.47920644,-0.0060774684
2019-03-24,VASS,3,2019,12,0.34846315,28.155403,9.81112,2019-04-03 13:00:00,0.3635459,-0.015082747
2019-03-24,VASS,1,2019,12,0.31210765,36.044464,11.249753,2019-04-03 13:00:00,0.32968503,-0.01757738
2019-03-24,EL,3,2019,12,0.30711555,8.920932,2.7397568,2019-04-03 13:00:00,0.33108383,-0.02396828
2019-03-24,EL,2,2019,12,0.448739,34.04359,15.276687,2019-04-03 13:00:00,0.45644304,-0.0077040493
2019-03-24,EL,4,2019,12,0.35747036,21.079208,7.5351925,2019-04-03 13:00:00,0.3692764,-0.011806041
2019-03-31,EL,1,2019,13,0.1589024,6.0032635,0.95393306,2019-04-10 13:00:00,0.17069466,-0.011792257
2019-03-31,EL,4,2019,13,0.3552622,21.079208,7.488646,2019-04-10 13:00:00,0.35747036,-0.0022081733
2019-03-31,VASS,2,2019,13,0.46822318,23.237715,10.880437,2019-04-10 13:00:00,0.47312897,-0.00490579
2019-03-31,EL,3,2019,13,0.29901028,8.920932,2.6674502,2019-04-10 13:00:00,0.30711555,-0.008105278
2019-03-31,VASS,1,2019,13,0.30426753,36.044464,10.96716,2019-04-10 13:00:00,0.31210765,-0.007840127
2019-03-31,EL,2,2019,13,0.44562304,34.04359,15.1706085,2019-04-10 13:00:00,0.44866624,-0.0030432045
2019-03-31,EL,5,2019,13,0.29683396,17.390587,5.1621165,2019-04-10 13:00:00,0.31095627,-0.014122307
2019-03-31,VASS,3,2019,13,0.34340617,28.155403,9.668739,2019-04-10 13:00:00,0.34846315,-0.0050569773
2019-03-31,NO,0,2019,13,0.3601022,87.43758,31.486465,2019-04-10 13:00:00,0.36629298,-0.006190777
2019-04-07,NO,0,2019,14,0.34492314,87.43758,30.159245,2019-04-17 13:00:00,0.3601022,-0.015179068
2019-04-07,VASS,2,2019,14,0.45313665,23.237715,10.5298605,2019-04-17 13:00:00,0.46822318,-0.015086532
2019-04-07,VASS,3,2019,14,0.32684833,28.155403,9.202546,2019-04-17 13:00:00,0.34340617,-0.016557842
2019-04-07,EL,1,2019,14,0.14485402,6.0032635,0.8695969,2019-04-17 13:00:00,0.1589024,-0.014048383
2019-04-07,EL,4,2019,14,0.34211704,21.079208,7.2115564,2019-04-17 13:00:00,0.3552622,-0.013145149
2019-04-07,EL,2,2019,14,0.43472412,34.04359,14.799569,2019-04-17 13:00:00,0.44569498,-0.010970861
2019-04-07,EL,5,2019,14,0.27529082,17.390587,4.787469,2019-04-17 13:00:00,0.2968668,-0.021575987
2019-04-07,VASS,1,2019,14,0.29004163,36.044464,10.454395,2019-04-17 13:00:00,0.3042503,-0.014208674
2019-04-07,EL,3,2019,14,0.27427113,8.920932,2.446754,2019-04-17 13:00:00,0.29901028,-0.024739146
2019-04-14,EL,5,2019,15,0.2501232,17.390587,4.349789,2019-04-24 13:00:00,0.27526024,-0.025137037
2019-04-14,NO,0,2019,15,0.32373473,87.43758,28.30658,2019-04-24 13:00:00,0.34492314,-0.021188408
2019-04-14,EL,3,2019,15,0.24051264,8.920932,2.145597,2019-04-24 13:00:00,0.27427113,-0.03375849
2019-04-14,VASS,2,2019,15,0.4336044,23.237715,10.075975,2019-04-24 13:00:00,0.45313832,-0.019533932
2019-04-14,EL,1,2019,15,0.12511326,6.0032635,0.7510879,2019-04-24 13:00:00,0.14485402,-0.01974076
2019-04-14,VASS,1,2019,15,0.26843742,36.044464,9.675683,2019-04-24 13:00:00,0.29004163,-0.02160421
2019-04-14,EL,2,2019,15,0.4161436,34.04359,14.167022,2019-04-24 13:00:00,0.43465316,-0.018509567
2019-04-14,EL,4,2019,15,0.32457453,21.079208,6.8417745,2019-04-24 13:00:00,0.34211704,-0.017542511
2019-04-14,VASS,3,2019,15,0.30482146,28.155403,8.582371,2019-04-24 13:00:00,0.32684833,-0.022026867
2019-04-21,EL,4,2019,16,0.31392136,21.079208,6.6172137,2019-05-02 13:00:00,0.32457453,-0.010653168
2019-04-21,NO,0,2019,16,0.31298882,87.43758,27.366985,2019-05-02 13:00:00,0.32373473,-0.010745913
2019-04-21,EL,1,2019,16,0.12341715,6.0032635,0.7409057,2019-05-02 13:00:00,0.12511326,-0.0016961172
2019-04-21,EL,2,2019,16,0.40643257,34.04359,13.836424,2019-05-02 13:00:00,0.4161436,-0.009711027
2019-04-21,VASS,2,2019,16,0.42204663,23.237715,9.8074,2019-05-02 13:00:00,0.43360215,-0.011555523
2019-04-21,EL,3,2019,16,0.22554053,8.920932,2.0120318,2019-05-02 13:00:00,0.24051264,-0.014972106
2019-04-21,EL,5,2019,16,0.23620136,17.390587,4.1076803,2019-05-02 13:00:00,0.25015116,-0.013949797
2019-04-21,VASS,1,2019,16,0.25908273,36.044464,9.338498,2019-05-02 13:00:00,0.2684431,-0.009360373
2019-04-21,VASS,3,2019,16,0.29289508,28.155403,8.246579,2019-05-02 13:00:00,0.30482146,-0.011926383
2019-04-28,EL,2,2019,17,0.45982757,34.04359,15.6541815,2019-05-08 13:00:00,0.40653104,0.053296536
2019-04-28,NO,0,2019,17,0.35680953,87.43758,31.19856,2019-05-08 13:00:00,0.31298882,0.04382071
2019-04-28,VASS,2,2019,17,0.45517305,23.237715,10.577182,2019-05-08 13:00:00,0.4220465,0.033126533
2019-04-28,EL,5,2019,17,0.26342756,17.390587,4.5811596,2019-05-08 13:00:00,0.23620136,0.027226195
2019-04-28,EL,4,2019,17,0.3265937,21.079208,6.884337,2019-05-08 13:00:00,0.31392136,0.012672335
2019-04-28,EL,3,2019,17,0.29801142,8.920932,2.6585395,2019-05-08 13:00:00,0.22554053,0.07247089
2019-04-28,EL,1,2019,17,0.22720818,6.0032635,1.3639905,2019-05-08 13:00:00,0.12341715,0.103791036
2019-04-28,VASS,1,2019,17,0.3211412,36.044464,11.575363,2019-05-08 13:00:00,0.25908482,0.062056392
2019-04-28,VASS,3,2019,17,0.32127777,28.155403,9.045705,2019-05-08 13:00:00,0.29289508,0.028382689
2019-05-05,EL,2,2019,18,0.506668,34.04359,17.248796,2019-05-15 13:00:00,0.4598399,0.04682806
2019-05-05,NO,0,2019,18,0.39957395,87.43758,34.93778,2019-05-15 13:00:00,0.35682702,0.04274693
2019-05-05,VASS,2,2019,18,0.47770202,23.237715,11.100703,2019-05-15 13:00:00,0.45517305,0.022528976
2019-05-05,VASS,1,2019,18,0.39157212,36.044464,14.114008,2019-05-15 13:00:00,0.3211577,0.070414424
2019-05-05,EL,3,2019,18,0.36238924,8.920932,3.2328496,2019-05-15 13:00:00,0.29801142,0.064377815
2019-05-05,EL,5,2019,18,0.30163777,17.390587,5.245658,2019-05-15 13:00:00,0.26342756,0.038210213
2019-05-05,EL,1,2019,18,0.3557014,6.0032635,2.135369,2019-05-15 13:00:00,0.22720818,0.1284932
2019-05-05,VASS,3,2019,18,0.34386292,28.155403,9.681599,2019-05-15 13:00:00,0.32127777,0.022585154
2019-05-05,EL,4,2019,18,0.33220297,21.079208,7.002576,2019-05-15 13:00:00,0.3265937,0.005609274
2019-05-12,EL,1,2019,19,0.38778222,6.0032635,2.327959,2019-05-22 13:00:00,0.3557014,0.03208083
2019-05-12,VASS,1,2019,19,0.4008967,36.044464,14.450108,2019-05-22 13:00:00,0.39157212,0.00932458
2019-05-12,VASS,3,2019,19,0.34459773,28.155403,9.702288,2019-05-22 13:00:00,0.34386292,0.00073480606
2019-05-12,EL,4,2019,19,0.33133247,21.079208,6.9842267,2019-05-22 13:00:00,0.33220297,-0.00087049603
2019-05-12,EL,2,2019,19,0.5079,34.04359,17.290741,2019-05-22 13:00:00,0.5066408,0.0012592077
2019-05-12,VASS,2,2019,19,0.46853048,23.237715,10.887577,2019-05-22 13:00:00,0.47769165,-0.009161174
2019-05-12,EL,5,2019,19,0.2965493,17.390587,5.157166,2019-05-22 13:00:00,0.30160365,-0.0050543547
2019-05-12,NO,0,2019,19,0.40127286,87.43758,35.086327,2019-05-22 13:00:00,0.39955077,0.0017220974
2019-05-12,EL,3,2019,19,0.36462924,8.920932,3.2528324,2019-05-22 13:00:00,0.36238924,0.0022400022
2019-05-19,VASS,3,2019,20,0.3650858,28.155403,10.279138,2019-05-29 13:00:00,0.34459773,0.020488083
2019-05-19,NO,0,2019,20,0.42240804,87.43758,36.934338,2019-05-29 13:00:00,0.40127286,0.021135181
2019-05-19,EL,1,2019,20,0.44267556,6.0032635,2.6574981,2019-05-29 13:00:00,0.38778222,0.054893345
2019-05-19,EL,4,2019,20,0.34377906,21.079208,7.2465906,2019-05-29 13:00:00,0.33133247,0.012446582
2019-05-19,EL,5,2019,20,0.3158126,17.390587,5.492166,2019-05-29 13:00:00,0.2965831,0.019229501
2019-05-19,EL,3,2019,20,0.40432054,8.920932,3.6069157,2019-05-29 13:00:00,0.36462924,0.0396913
2019-05-19,VASS,1,2019,20,0.43067917,36.044464,15.523601,2019-05-29 13:00:00,0.4008967,0.029782474
2019-05-19,EL,2,2019,20,0.524693,34.04359,17.862434,2019-05-29 13:00:00,0.5079,0.016793013
2019-05-19,VASS,2,2019,20,0.47670415,23.237715,11.077515,2019-05-29 13:00:00,0.46853808,0.008166075
2019-05-26,EL,5,2019,21,0.40894344,17.390587,7.1117663,2019-06-05 13:00:00,0.31577638,0.09316707
2019-05-26,NO,0,2019,21,0.50207245,87.43758,43.9,2019-06-05 13:00:00,0.42240804,0.07966441
2019-05-26,EL,1,2019,21,0.6253978,6.0032635,3.754428,2019-06-05 13:00:00,0.44267556,0.18272224
2019-05-26,VASS,1,2019,21,0.5396531,36.044464,19.451508,2019-06-05 13:00:00,0.4307,0.10895312
2019-05-26,VASS,2,2019,21,0.52342415,23.237715,12.16318,2019-06-05 13:00:00,0.4766953,0.04672885
2019-05-26,VASS,3,2019,21,0.43324986,28.155403,12.198324,2019-06-05 13:00:00,0.36508143,0.06816843
2019-05-26,EL,3,2019,21,0.5347111,8.920932,4.7701216,2019-06-05 13:00:00,0.40432054,0.13039058
2019-05-26,EL,4,2019,21,0.3882245,21.079208,8.183466,2019-06-05 13:00:00,0.34377906,0.044445455
2019-05-26,EL,2,2019,21,0.58796227,34.04359,20.016346,2019-06-05 13:00:00,0.52473587,0.0632264
2019-06-02,EL,3,2019,22,0.56337005,8.920932,5.0257854,2019-06-12 13:00:00,0.5346433,0.028726757
2019-06-02,EL,5,2019,22,0.4349045,17.390587,7.563244,2019-06-12 13:00:00,0.4089907,0.025913775
2019-06-02,VASS,3,2019,22,0.4576732,28.155403,12.885973,2019-06-12 13:00:00,0.43325442,0.024418771
2019-06-02,VASS,2,2019,22,0.5405848,23.237715,12.561955,2019-06-12 13:00:00,0.5234433,0.017141521
2019-06-02,EL,2,2019,22,0.60947376,34.04359,20.748676,2019-06-12 13:00:00,0.58796227,0.021511495
2019-06-02,VASS,1,2019,22,0.5681548,36.044464,20.478836,2019-06-12 13:00:00,0.53961223,0.028542578
2019-06-02,EL,4,2019,22,0.41067076,21.079208,8.656614,2019-06-12 13:00:00,0.3882245,0.022446245
2019-06-02,NO,0,2019,22,0.5263022,87.43758,46.01859,2019-06-12 13:00:00,0.50207245,0.024229765
2019-06-02,EL,1,2019,22,0.6599811,6.0032635,3.9620402,2019-06-12 13:00:00,0.6253978,0.03458327
2019-06-09,VASS,1,2019,23,0.644556,36.044464,23.232676,2019-06-19 13:00:00,0.5681548,0.076401174
2019-06-09,EL,1,2019,23,0.7574272,6.0032635,4.547035,2019-06-19 13:00:00,0.6599811,0.09744614
2019-06-09,VASS,2,2019,23,0.6008474,23.237715,13.962321,2019-06-19 13:00:00,0.54056954,0.06027788
2019-06-09,NO,0,2019,23,0.6011845,87.43758,52.566116,2019-06-19 13:00:00,0.5263022,0.07488227
2019-06-09,VASS,3,2019,23,0.54290396,28.155403,15.28568,2019-06-19 13:00:00,0.4576732,0.08523077
2019-06-09,EL,4,2019,23,0.48439798,21.079208,10.210727,2019-06-19 13:00:00,0.41067076,0.07372722
2019-06-09,EL,3,2019,23,0.6811575,8.920932,6.0765595,2019-06-19 13:00:00,0.5634477,0.117709816
2019-06-09,EL,5,2019,23,0.53000176,17.390587,9.217041,2019-06-19 13:00:00,0.43485397,0.09514779
2019-06-09,EL,2,2019,23,0.6601797,34.04359,22.474886,2019-06-19 13:00:00,0.60947376,0.05070591
2019-06-16,NO,0,2019,24,0.64846,87.43758,56.699768,2019-06-26 13:00:00,0.6012194,0.047240555
2019-06-16,EL,4,2019,24,0.5421094,21.079208,11.427237,2019-06-26 13:00:00,0.48439798,0.057711393
2019-06-16,VASS,1,2019,24,0.6895805,36.044464,24.85556,2019-06-26 13:00:00,0.644556,0.045024514
2019-06-16,EL,1,2019,24,0.8004612,6.0032635,4.8053794,2019-06-26 13:00:00,0.7574272,0.043033957
2019-06-16,VASS,3,2019,24,0.6004681,28.155403,16.906422,2019-06-26 13:00:00,0.54290396,0.05756414
2019-06-16,EL,3,2019,24,0.73718053,8.920932,6.576337,2019-06-26 13:00:00,0.6811157,0.056064844
2019-06-16,EL,5,2019,24,0.58623916,17.390587,10.195042,2019-06-26 13:00:00,0.53000176,0.0562374
2019-06-16,EL,2,2019,24,0.69515455,34.04359,23.665556,2019-06-26 13:00:00,0.6601797,0.034974873
2019-06-16,VASS,2,2019,24,0.63951963,23.237715,14.860974,2019-06-26 13:00:00,0.6008723,0.038647354
2019-06-23,VASS,2,2019,25,0.67420274,23.237715,15.66693,2019-07-03 13:00:00,0.63951963,0.03468311
2019-06-23,EL,1,2019,25,0.8080834,6.0032635,4.8511376,2019-07-03 13:00:00,0.8004612,0.007622242
2019-06-23,EL,2,2019,25,0.72068113,34.04359,24.534573,2019-07-03 13:00:00,0.69515455,0.025526583
2019-06-23,NO,0,2019,25,0.68457246,87.43758,59.85736,2019-07-03 13:00:00,0.6484368,0.036135674
2019-06-23,EL,4,2019,25,0.5966575,21.079208,12.577068,2019-07-03 13:00:00,0.5421094,0.054548144
2019-06-23,VASS,3,2019,25,0.652204,28.155403,18.363064,2019-07-03 13:00:00,0.6004681,0.051735878
2019-06-23,VASS,1,2019,25,0.7150888,36.044464,25.774992,2019-07-03 13:00:00,0.6895805,0.025508285
2019-06-23,EL,5,2019,25,0.62673825,17.390587,10.899345,2019-07-03 13:00:00,0.58630687,0.04043138
2019-06-23,EL,3,2019,25,0.7832551,8.920932,6.9873652,2019-07-03 13:00:00,0.73718053,0.04607457
2019-06-30,EL,3,2019,26,0.8034822,8.920932,7.1678095,2019-07-10 13:00:00,0.7832551,0.020227075
2019-06-30,EL,4,2019,26,0.6356759,21.079208,13.399545,2019-07-10 13:00:00,0.5966575,0.039018393
2019-06-30,VASS,1,2019,26,0.72766554,36.044464,26.228315,2019-07-10 13:00:00,0.7150888,0.012576759
2019-06-30,VASS,2,2019,26,0.69550556,23.237715,16.16196,2019-07-10 13:00:00,0.6741676,0.021337986
2019-06-30,EL,5,2019,26,0.6535464,17.390587,11.365555,2019-07-10 13:00:00,0.62673825,0.026808143
2019-06-30,VASS,3,2019,26,0.6858558,28.155403,19.310547,2019-07-10 13:00:00,0.652204,0.03365183
2019-06-30,EL,1,2019,26,0.8054118,6.0032635,4.8350997,2019-07-10 13:00:00,0.8080834,-0.0026715994
2019-06-30,EL,2,2019,26,0.7334811,34.04359,24.97033,2019-07-10 13:00:00,0.72060245,0.012878656
2019-06-30,NO,0,2019,26,0.7060592,87.43758,61.73611,2019-07-10 13:00:00,0.68457246,0.02148676
2019-07-07,VASS,2,2019,27,0.7231192,23.237715,16.803638,2019-07-17 13:00:00,0.6955436,0.027575612
2019-07-07,NO,0,2019,27,0.72315353,87.43758,63.230793,2019-07-17 13:00:00,0.7060592,0.017094314
2019-07-07,EL,1,2019,27,0.8057191,6.0032635,4.8369436,2019-07-17 13:00:00,0.8054118,0.00030726194
2019-07-07,EL,4,2019,27,0.6589263,21.079208,13.889646,2019-07-17 13:00:00,0.6356759,0.023250401
2019-07-07,EL,5,2019,27,0.6766118,17.390587,11.766676,2019-07-17 13:00:00,0.6534711,0.023140669
2019-07-07,VASS,3,2019,27,0.7088832,28.155403,19.958893,2019-07-17 13:00:00,0.6858558,0.02302742
2019-07-07,EL,2,2019,27,0.7441583,34.04359,25.33382,2019-07-17 13:00:00,0.7334811,0.010677218
2019-07-07,EL,3,2019,27,0.8312546,8.920932,7.4155655,2019-07-17 13:00:00,0.80349904,0.027755558
2019-07-07,VASS,1,2019,27,0.73376095,36.044464,26.44802,2019-07-17 13:00:00,0.72766554,0.0060954094
2019-07-14,EL,1,2019,28,0.7950607,6.0032635,4.7729588,2019-07-24 13:00:00,0.8057191,-0.010658383
2019-07-14,VASS,2,2019,28,0.7204041,23.237715,16.740545,2019-07-24 13:00:00,0.7230843,-0.0026801825
2019-07-14,VASS,3,2019,28,0.72057784,28.155403,20.288158,2019-07-24 13:00:00,0.7088832,0.01169461
2019-07-14,EL,2,2019,28,0.7390942,34.04359,25.16142,2019-07-24 13:00:00,0.7441583,-0.00506413
2019-07-14,EL,5,2019,28,0.67538923,17.390587,11.745414,2019-07-24 13:00:00,0.6766118,-0.0012225509
2019-07-14,EL,4,2019,28,0.6764468,21.079208,14.258963,2019-07-24 13:00:00,0.6589263,0.017520487
2019-07-14,VASS,1,2019,28,0.72789,36.044464,26.236406,2019-07-24 13:00:00,0.7337419,-0.005851865
2019-07-14,EL,3,2019,28,0.8242939,8.920932,7.35347,2019-07-24 13:00:00,0.83122283,-0.0069289207
2019-07-14,NO,0,2019,28,0.72363126,87.43758,63.272568,2019-07-24 13:00:00,0.7231601,0.00047117472
2019-07-21,VASS,2,2019,29,0.72272176,23.237715,16.794403,2019-07-31 13:00:00,0.7204419,0.0022798777
2019-07-21,EL,4,2019,29,0.68936574,21.079208,14.531284,2019-07-31 13:00:00,0.6764468,0.012918949
2019-07-21,EL,1,2019,29,0.7960206,6.0032635,4.778722,2019-07-31 13:00:00,0.7950607,0.0009599328
2019-07-21,NO,0,2019,29,0.7277629,87.43758,63.633823,2019-07-31 13:00:00,0.7236379,0.004124999
2019-07-21,EL,5,2019,29,0.68534195,17.390587,11.918498,2019-07-31 13:00:00,0.67546695,0.0098749995
2019-07-21,EL,3,2019,29,0.82076323,8.920932,7.321973,2019-07-31 13:00:00,0.824319,-0.0035557747
2019-07-21,VASS,3,2019,29,0.72948635,28.155403,20.538982,2019-07-31 13:00:00,0.72057784,0.00890851
2019-07-21,VASS,1,2019,29,0.7296534,36.044464,26.299967,2019-07-31 13:00:00,0.72790134,0.0017520785
2019-07-21,EL,2,2019,29,0.7374777,34.04359,25.106388,2019-07-31 13:00:00,0.7390942,-0.001616478
2019-07-28,VASS,1,2019,30,0.73735726,36.044464,26.577648,2019-08-07 13:00:00,0.7296929,0.0076643825
2019-07-28,VASS,3,2019,30,0.7463422,28.155403,21.013565,2019-08-07 13:00:00,0.72948635,0.016855836
2019-07-28,EL,5,2019,30,0.70594746,17.390587,12.27684,2019-08-07 13:00:00,0.68534195,0.020605505
2019-07-28,VASS,2,2019,30,0.73583364,23.237715,17.099092,2019-08-07 13:00:00,0.7226806,0.013153017
2019-07-28,EL,4,2019,30,0.71126366,21.079208,14.992875,2019-08-07 13:00:00,0.68936574,0.021897912
2019-07-28,EL,1,2019,30,0.80550414,6.0032635,4.835654,2019-08-07 13:00:00,0.7960206,0.009483516
2019-07-28,NO,0,2019,30,0.73975617,87.43758,64.68249,2019-08-07 13:00:00,0.7277629,0.011993289
2019-07-28,EL,2,2019,30,0.7415858,34.04359,25.246243,2019-08-07 13:00:00,0.7375281,0.0040577054
2019-07-28,EL,3,2019,30,0.8248819,8.920932,7.3587155,2019-08-07 13:00:00,0.8207443,0.004137635
2019-08-04,EL,2,2019,31,0.73705906,34.04359,25.092136,2019-08-14 13:00:00,0.7415858,-0.0045267344
2019-08-04,VASS,2,2019,31,0.7380169,23.237715,17.149826,2019-08-14 13:00:00,0.73587704,0.0021398664
2019-08-04,EL,4,2019,31,0.7102962,21.079208,14.972483,2019-08-14 13:00:00,0.71126366,-0.000967443
2019-08-04,VASS,1,2019,31,0.73126256,36.044464,26.35797,2019-08-14 13:00:00,0.7372974,-0.006034851
2019-08-04,EL,3,2019,31,0.8162138,8.920932,7.2813873,2019-08-14 13:00:00,0.8248819,-0.008668125
2019-08-04,EL,5,2019,31,0.7075031,17.390587,12.303893,2019-08-14 13:00:00,0.70586646,0.0016366243
2019-08-04,EL,1,2019,31,0.80020595,6.0032635,4.8038473,2019-08-14 13:00:00,0.80550414,-0.0052981973
2019-08-04,VASS,3,2019,31,0.7433706,28.155403,20.9299,2019-08-14 13:00:00,0.7463422,-0.0029715896
2019-08-04,NO,0,2019,31,0.7368577,87.43758,64.429054,2019-08-14 13:00:00,0.73975617,-0.0028984547
2019-08-11,EL,3,2019,32,0.8074031,8.920932,7.2027874,2019-08-21 13:00:00,0.8162138,-0.008810699
2019-08-11,EL,5,2019,32,0.71111155,17.390587,12.366647,2019-08-21 13:00:00,0.7075031,0.0036084652
2019-08-11,NO,0,2019,32,0.73696476,87.43758,64.438416,2019-08-21 13:00:00,0.736841,0.00012373924
2019-08-11,EL,2,2019,32,0.7390571,34.04359,25.160158,2019-08-21 13:00:00,0.73698115,0.0020759702
2019-08-11,EL,1,2019,32,0.79924333,6.0032635,4.7980685,2019-08-21 13:00:00,0.80020595,-0.000962615
2019-08-11,EL,4,2019,32,0.7081551,21.079208,14.92735,2019-08-21 13:00:00,0.7102962,-0.002141118
2019-08-11,VASS,2,2019,32,0.73862594,23.237715,17.163979,2019-08-21 13:00:00,0.7380169,0.00060904026
2019-08-11,VASS,3,2019,32,0.7391662,28.155403,20.811522,2019-08-21 13:00:00,0.7433706,-0.0042043924
2019-08-11,VASS,1,2019,32,0.7343573,36.044464,26.469515,2019-08-21 13:00:00,0.7313392,0.0030180812
2019-08-18,EL,3,2019,33,0.8177735,8.920932,7.295302,2019-08-28 13:00:00,0.80742985,0.010343671
2019-08-18,VASS,1,2019,33,0.76146746,36.044464,27.446688,2019-08-28 13:00:00,0.73431885,0.027148604
2019-08-18,EL,4,2019,33,0.7154972,21.079208,15.082115,2019-08-28 13:00:00,0.7081551,0.0073421
2019-08-18,EL,2,2019,33,0.75845784,34.04359,25.820627,2019-08-28 13:00:00,0.7391369,0.019320965
2019-08-18,EL,5,2019,33,0.73884726,17.390587,12.848987,2019-08-28 13:00:00,0.71111155,0.02773571
2019-08-18,VASS,2,2019,33,0.7591108,23.237715,17.64,2019-08-28 13:00:00,0.73862594,0.020484865
2019-08-18,EL,1,2019,33,0.8460116,6.0032635,5.0788307,2019-08-28 13:00:00,0.79924333,0.046768248
2019-08-18,VASS,3,2019,33,0.74663633,28.155403,21.021845,2019-08-28 13:00:00,0.7391662,0.007470131
2019-08-18,NO,0,2019,33,0.7561974,87.43758,66.12007,2019-08-28 13:00:00,0.7369657,0.019231677
2019-08-25,EL,2,2019,34,0.78607166,34.04359,26.7607,2019-09-04 13:00:00,0.7583777,0.027693987
2019-08-25,EL,1,2019,34,0.8583779,6.0032635,5.153069,2019-09-04 13:00:00,0.8460116,0.012366295
2019-08-25,EL,4,2019,34,0.7210428,21.079208,15.199012,2019-09-04 13:00:00,0.7154972,0.005545616
2019-08-25,VASS,3,2019,34,0.74973387,28.155403,21.109058,2019-09-04 13:00:00,0.74663633,0.0030975342
2019-08-25,EL,3,2019,34,0.8228689,8.920932,7.340757,2019-09-04 13:00:00,0.8177735,0.0050953627
2019-08-25,NO,0,2019,34,0.77460504,87.43758,67.72958,2019-09-04 13:00:00,0.7561974,0.018407643
2019-08-25,VASS,1,2019,34,0.78346866,36.044464,28.23971,2019-09-04 13:00:00,0.7614302,0.02203846
2019-08-25,EL,5,2019,34,0.76259476,17.390587,13.26197,2019-09-04 13:00:00,0.73884726,0.023747504
2019-08-25,VASS,2,2019,34,0.7896904,23.237715,18.3506,2019-09-04 13:00:00,0.7590644,0.030625999
2019-09-01,EL,3,2019,35,0.8284653,8.920932,7.390682,2019-09-11 13:00:00,0.8228689,0.0055963993
2019-09-01,VASS,2,2019,35,0.8163476,23.237715,18.970053,2019-09-11 13:00:00,0.7896904,0.026657224
2019-09-01,EL,4,2019,35,0.7331462,21.079208,15.454142,2019-09-11 13:00:00,0.72103834,0.012107849
2019-09-01,EL,2,2019,35,0.795574,34.04359,27.084196,2019-09-11 13:00:00,0.78613526,0.009438753
2019-09-01,VASS,1,2019,35,0.7898563,36.044464,28.469948,2019-09-11 13:00:00,0.78346866,0.006387651
2019-09-01,VASS,3,2019,35,0.7579037,28.155403,21.339085,2019-09-11 13:00:00,0.74973387,0.00816983
2019-09-01,EL,1,2019,35,0.86291355,6.0032635,5.1802974,2019-09-11 13:00:00,0.8583779,0.004535675
2019-09-01,EL,5,2019,35,0.78676313,17.390587,13.682272,2019-09-11 13:00:00,0.76259476,0.024168372
2019-09-01,NO,0,2019,35,0.7869329,87.43758,68.80751,2019-09-11 13:00:00,0.7745966,0.012336314
2019-09-08,VASS,2,2019,36,0.82528603,23.237715,19.177761,2019-09-18 13:00:00,0.8163476,0.008938432
2019-09-08,EL,2,2019,36,0.8083627,34.04359,27.519567,2019-09-18 13:00:00,0.79552513,0.012837589
2019-09-08,EL,4,2019,36,0.7367592,21.079208,15.530301,2019-09-18 13:00:00,0.7331507,0.0036084652
2019-09-08,EL,1,2019,36,0.881318,6.0032635,5.2907844,2019-09-18 13:00:00,0.86291355,0.018404424
2019-09-08,EL,3,2019,36,0.8277891,8.920932,7.38465,2019-09-18 13:00:00,0.8284653,-0.0006761551
2019-09-08,VASS,3,2019,36,0.7614262,28.155403,21.438261,2019-09-18 13:00:00,0.7579037,0.0035225153
2019-09-08,VASS,1,2019,36,0.80331117,36.044464,28.954922,2019-09-18 13:00:00,0.7898563,0.0134548545
2019-09-08,NO,0,2019,36,0.79609257,87.43758,69.608406,2019-09-18 13:00:00,0.7869403,0.009152293
2019-09-08,EL,5,2019,36,0.7967194,17.390587,13.855417,2019-09-18 13:00:00,0.78676313,0.009956241
2019-09-15,EL,4,2019,37,0.7449368,21.079208,15.702679,2019-09-25 13:00:00,0.7367592,0.008177638
2019-09-15,VASS,1,2019,37,0.82701194,36.044464,29.809202,2019-09-25 13:00:00,0.80331117,0.023700774
2019-09-15,EL,3,2019,37,0.85055786,8.920932,7.5877686,2019-09-25 13:00:00,0.8277891,0.022768736
2019-09-15,VASS,3,2019,37,0.77122545,28.155403,21.714163,2019-09-25 13:00:00,0.7614262,0.009799242
2019-09-15,EL,5,2019,37,0.8276021,17.390587,14.392486,2019-09-25 13:00:00,0.7967194,0.030882716
2019-09-15,NO,0,2019,37,0.8178886,87.43758,71.514206,2019-09-25 13:00:00,0.79608613,0.021802485
2019-09-15,VASS,2,2019,37,0.8581762,23.237715,19.942053,2019-09-25 13:00:00,0.82528603,0.03289014
2019-09-15,EL,2,2019,37,0.8375707,34.04359,28.513914,2019-09-25 13:00:00,0.8083627,0.029208004
2019-09-15,EL,1,2019,37,0.87958425,6.0032635,5.280376,2019-09-25 13:00:00,0.881318,-0.0017337203
2019-09-22,EL,5,2019,38,0.8391543,17.390587,14.593385,2019-10-02 13:00:00,0.8276021,0.011552215
2019-09-22,VASS,1,2019,38,0.83438975,36.044464,30.075132,2019-10-02 13:00:00,0.82701194,0.0073778033
2019-09-22,NO,0,2019,38,0.8278803,87.43758,72.38785,2019-10-02 13:00:00,0.8178886,0.009991705
2019-09-22,EL,3,2019,38,0.89195913,8.920932,7.9571066,2019-10-02 13:00:00,0.85055786,0.041401267
2019-09-22,EL,1,2019,38,0.87283564,6.0032635,5.2398624,2019-10-02 13:00:00,0.87958425,-0.0067486167
2019-09-22,EL,4,2019,38,0.74640936,21.079208,15.733719,2019-10-02 13:00:00,0.7449368,0.0014725327
2019-09-22,EL,2,2019,38,0.8470754,34.04359,28.837488,2019-10-02 13:00:00,0.8375707,0.009504676
2019-09-22,VASS,2,2019,38,0.8676891,23.237715,20.16311,2019-10-02 13:00:00,0.8581762,0.009512901
2019-09-22,VASS,3,2019,38,0.7851485,28.155403,22.106173,2019-10-02 13:00:00,0.77122545,0.013923049
2019-09-29,VASS,1,2019,39,0.8374532,36.044464,30.185553,2019-10-09 13:00:00,0.83438975,0.0030634403
2019-09-29,EL,1,2019,39,0.872458,6.0032635,5.237595,2019-10-09 13:00:00,0.87283564,-0.00037765503
2019-09-29,EL,4,2019,39,0.73980147,21.079208,15.59443,2019-10-09 13:00:00,0.74640936,-0.00660789
2019-09-29,NO,0,2019,39,0.8237573,87.43758,72.02734,2019-10-09 13:00:00,0.82787865,-0.004121363
2019-09-29,EL,3,2019,39,0.8789063,8.920932,7.840663,2019-10-09 13:00:00,0.8919232,-0.01301688
2019-09-29,VASS,2,2019,39,0.8565176,23.237715,19.903511,2019-10-09 13:00:00,0.86774784,-0.01123023
2019-09-29,VASS,3,2019,39,0.7773627,28.155403,21.88696,2019-10-09 13:00:00,0.7851485,-0.007785797
2019-09-29,EL,5,2019,39,0.83561176,17.390587,14.531778,2019-10-09 13:00:00,0.8391543,-0.0035425425
2019-09-29,EL,2,2019,39,0.84565854,34.04359,28.789251,2019-10-09 13:00:00,0.8470754,-0.001416862
2019-10-06,EL,2,2019,40,0.8350961,34.04359,28.42967,2019-10-16 13:00:00,0.8456579,-0.010561764
2019-10-06,EL,5,2019,40,0.82918435,17.390587,14.420002,2019-10-16 13:00:00,0.83561176,-0.0064274073
2019-10-06,EL,4,2019,40,0.7263627,21.079208,15.3111515,2019-10-16 13:00:00,0.73980147,-0.013438761
2019-10-06,VASS,3,2019,40,0.76519793,28.155403,21.544455,2019-10-16 13:00:00,0.7773627,-0.012164772
2019-10-06,NO,0,2019,40,0.81442195,87.43758,71.21108,2019-10-16 13:00:00,0.8237547,-0.009332776
2019-10-06,VASS,2,2019,40,0.8433445,23.237715,19.597399,2019-10-16 13:00:00,0.8564532,-0.013108671
2019-10-06,EL,3,2019,40,0.86744326,8.920932,7.738402,2019-10-16 13:00:00,0.8789063,-0.011463046
2019-10-06,VASS,1,2019,40,0.8325929,36.044464,30.010365,2019-10-16 13:00:00,0.83745086,-0.0048579574
2019-10-06,EL,1,2019,40,0.8785748,6.0032635,5.274316,2019-10-16 13:00:00,0.872458,0.0061168075
2019-10-13,VASS,2,2019,41,0.8457117,23.237715,19.652409,2019-10-23 13:00:00,0.8433445,0.0023671985
2019-10-13,EL,4,2019,41,0.71005875,21.079208,14.967477,2019-10-23 13:00:00,0.7263627,-0.016303957
2019-10-13,EL,2,2019,41,0.84333146,34.04359,28.71003,2019-10-23 13:00:00,0.8350961,0.008235335
2019-10-13,EL,5,2019,41,0.82791644,17.390587,14.397952,2019-10-23 13:00:00,0.82918435,-0.00126791
2019-10-13,EL,3,2019,41,0.84863687,8.920932,7.5706315,2019-10-23 13:00:00,0.86744326,-0.018806398
2019-10-13,VASS,3,2019,41,0.74778414,28.155403,21.054165,2019-10-23 13:00:00,0.76519793,-0.017413795
2019-10-13,NO,0,2019,41,0.8112407,87.43758,70.93292,2019-10-23 13:00:00,0.81442195,-0.0031812787
2019-10-13,VASS,1,2019,41,0.8364658,36.044464,30.149961,2019-10-23 13:00:00,0.83260506,0.003860712
2019-10-13,EL,1,2019,41,0.8713087,6.0032635,5.2306957,2019-10-23 13:00:00,0.8785748,-0.007266104
2019-10-20,VASS,2,2019,42,0.8375381,23.237715,19.462473,2019-10-30 13:00:00,0.8457117,-0.008173585
2019-10-20,EL,1,2019,42,0.88275415,6.0032635,5.2994056,2019-10-30 13:00:00,0.87131894,0.011435211
2019-10-20,NO,0,2019,42,0.80820346,87.43758,70.66735,2019-10-30 13:00:00,0.8112407,-0.0030372143
2019-10-20,EL,4,2019,42,0.6916581,21.079208,14.579605,2019-10-30 13:00:00,0.71005875,-0.01840067
2019-10-20,EL,3,2019,42,0.8280026,8.920932,7.3865542,2019-10-30 13:00:00,0.84863687,-0.020634294
2019-10-20,EL,2,2019,42,0.8513649,34.04359,28.983517,2019-10-30 13:00:00,0.84333146,0.008033454
2019-10-20,EL,5,2019,42,0.8246428,17.390587,14.341022,2019-10-30 13:00:00,0.82791644,-0.003273666
2019-10-20,VASS,3,2019,42,0.7287783,28.155403,20.519047,2019-10-30 13:00:00,0.74778414,-0.019005835
2019-10-20,VASS,1,2019,42,0.8484704,36.044464,30.582663,2019-10-30 13:00:00,0.83644867,0.01202172
2019-10-27,NO,0,2019,43,0.81352186,87.43758,71.132385,2019-11-06 13:00:00,0.80820346,0.0053184032
2019-10-27,EL,4,2019,43,0.6842463,21.079208,14.423371,2019-11-06 13:00:00,0.6916581,-0.007411778
2019-10-27,EL,5,2019,43,0.8360393,17.390587,14.539213,2019-11-06 13:00:00,0.8246428,0.011396527
2019-10-27,EL,3,2019,43,0.83004034,8.920932,7.4047327,2019-11-06 13:00:00,0.8280026,0.0020377636
2019-10-27,VASS,3,2019,43,0.7219124,28.155403,20.325735,2019-11-06 13:00:00,0.7287783,-0.0068659186
2019-10-27,EL,1,2019,43,0.8960575,6.0032635,5.3792696,2019-11-06 13:00:00,0.8827422,0.01331526
2019-10-27,VASS,1,2019,43,0.85985434,36.044464,30.99299,2019-11-06 13:00:00,0.8484704,0.011383951
2019-10-27,EL,2,2019,43,0.8605772,34.04359,29.297138,2019-11-06 13:00:00,0.8513649,0.009212315
2019-10-27,VASS,2,2019,43,0.8475472,23.237715,19.695059,2019-11-06 13:00:00,0.8375381,0.01000905
2019-11-03,EL,3,2019,44,0.81268966,8.920932,7.2499485,2019-11-13 13:00:00,0.83004034,-0.017350674
2019-11-03,EL,4,2019,44,0.66737884,21.079208,14.067819,2019-11-13 13:00:00,0.6842463,-0.016867459
2019-11-03,NO,0,2019,44,0.7997176,87.43758,69.92537,2019-11-13 13:00:00,0.81352186,-0.013804257
2019-11-03,EL,1,2019,44,0.88553023,6.0032635,5.3160715,2019-11-13 13:00:00,0.8960575,-0.010527253
2019-11-03,VASS,3,2019,44,0.7051258,28.155403,19.853102,2019-11-13 13:00:00,0.7219124,-0.016786575
2019-11-03,EL,5,2019,44,0.8249941,17.390587,14.347131,2019-11-13 13:00:00,0.8360393,-0.0110452175
2019-11-03,VASS,2,2019,44,0.83553094,23.237715,19.41583,2019-11-13 13:00:00,0.8476263,-0.012095392
2019-11-03,VASS,1,2019,44,0.847181,36.044464,30.536188,2019-11-13 13:00:00,0.85985434,-0.012673318
2019-11-03,EL,2,2019,44,0.8474875,34.04359,28.851517,2019-11-13 13:00:00,0.8605772,-0.013089716
2019-11-10,VASS,3,2019,45,0.67712134,28.155403,19.064623,2019-11-20 13:00:00,0.7051258,-0.028004467
2019-11-10,EL,3,2019,45,0.7745849,8.920932,6.910019,2019-11-20 13:00:00,0.81268966,-0.038104773
2019-11-10,VASS,1,2019,45,0.81592625,36.044464,29.409624,2019-11-20 13:00:00,0.8471786,-0.031252325
2019-11-10,EL,5,2019,45,0.7960496,17.390587,13.843768,2019-11-20 13:00:00,0.82508874,-0.029039145
2019-11-10,VASS,2,2019,45,0.8085272,23.237715,18.788324,2019-11-20 13:00:00,0.83545095,-0.026923776
2019-11-10,EL,2,2019,45,0.8194934,34.04359,27.898499,2019-11-20 13:00:00,0.84748226,-0.027988851
2019-11-10,EL,1,2019,45,0.8493582,6.0032635,5.0989213,2019-11-20 13:00:00,0.88553023,-0.036172032
2019-11-10,NO,0,2019,45,0.7706385,87.43758,67.38277,2019-11-20 13:00:00,0.7997176,-0.02907908
2019-11-10,EL,4,2019,45,0.64220786,21.079208,13.537233,2019-11-20 13:00:00,0.66737884,-0.025170982
2019-11-17,EL,2,2019,46,0.796198,34.04359,27.10544,2019-11-27 13:00:00,0.8195205,-0.023322463
2019-11-17,EL,5,2019,46,0.7699855,17.390587,13.390499,2019-11-27 13:00:00,0.7959583,-0.025972784
2019-11-17,EL,1,2019,46,0.82560974,6.0032635,4.956353,2019-11-27 13:00:00,0.8493582,-0.023748457
2019-11-17,VASS,1,2019,46,0.7914895,36.044464,28.528814,2019-11-27 13:00:00,0.81594694,-0.024457455
2019-11-17,EL,3,2019,46,0.740146,8.920932,6.6027913,2019-11-27 13:00:00,0.7745849,-0.034438908
2019-11-17,EL,4,2019,46,0.6172971,21.079208,13.012135,2019-11-27 13:00:00,0.64220786,-0.024910748
2019-11-17,VASS,3,2019,46,0.6498956,28.155403,18.298073,2019-11-27 13:00:00,0.67712134,-0.027225733
2019-11-17,VASS,2,2019,46,0.78399247,23.237715,18.218193,2019-11-27 13:00:00,0.8085272,-0.024534702
2019-11-17,NO,0,2019,46,0.7452961,87.43758,65.166885,2019-11-27 13:00:00,0.7706385,-0.025342405
2019-11-24,VASS,3,2019,47,0.62487584,28.155403,17.593632,2019-12-04 13:00:00,0.6498956,-0.025019765
2019-11-24,NO,0,2019,47,0.72408473,87.43758,63.312214,2019-12-04 13:00:00,0.7452952,-0.021210492
2019-11-24,EL,4,2019,47,0.5940288,21.079208,12.521656,2019-12-04 13:00:00,0.6172971,-0.023268342
2019-11-24,EL,1,2019,47,0.82311916,6.0032635,4.9414015,2019-12-04 13:00:00,0.82560974,-0.00249058
2019-11-24,EL,3,2019,47,0.7092834,8.920932,6.327469,2019-12-04 13:00:00,0.740146,-0.03086257
2019-11-24,VASS,1,2019,47,0.773787,36.044464,27.890738,2019-12-04 13:00:00,0.7914895,-0.01770246
2019-11-24,EL,2,2019,47,0.77701694,34.04359,26.452446,2019-12-04 13:00:00,0.79615575,-0.019138813
2019-11-24,VASS,2,2019,47,0.7616921,23.237715,17.699984,2019-12-04 13:00:00,0.78399247,-0.022300363
2019-11-24,EL,5,2019,47,0.7453314,17.390587,12.96175,2019-12-04 13:00:00,0.7699855,-0.02465409
2019-12-01,EL,4,2019,48,0.5702005,21.079208,12.019376,2019-12-11 13:00:00,0.5940288,-0.023828268
2019-12-01,EL,3,2019,48,0.67687607,8.920932,6.0383654,2019-12-11 13:00:00,0.7092834,-0.032407343
2019-12-01,EL,1,2019,48,0.80467856,6.0032635,4.8306975,2019-12-11 13:00:00,0.82311916,-0.018440604
2019-12-01,NO,0,2019,48,0.6987843,87.43758,61.100006,2019-12-11 13:00:00,0.72408473,-0.025300443
2019-12-01,VASS,2,2019,48,0.7359498,23.237715,17.101791,2019-12-11 13:00:00,0.7617702,-0.025820374
2019-12-01,VASS,3,2019,48,0.5994856,28.155403,16.878757,2019-12-11 13:00:00,0.62487584,-0.025390267
2019-12-01,EL,2,2019,48,0.7522157,34.04359,25.608124,2019-12-11 13:00:00,0.77701694,-0.024801254
2019-12-01,EL,5,2019,48,0.71838814,17.390587,12.493191,2019-12-11 13:00:00,0.7453314,-0.026943266
2019-12-01,VASS,1,2019,48,0.7488807,36.044464,26.993004,2019-12-11 13:00:00,0.773787,-0.024906337
2019-12-08,NO,0,2019,49,0.685824,87.43758,59.96679,2019-12-18 13:00:00,0.69878465,-0.012960672
2019-12-08,EL,2,2019,49,0.7389645,34.04359,25.157003,2019-12-18 13:00:00,0.7522157,-0.013251185
2019-12-08,EL,4,2019,49,0.5598789,21.079208,11.801804,2019-12-18 13:00:00,0.5702005,-0.010321617
2019-12-08,EL,1,2019,49,0.78551406,6.0032635,4.715648,2019-12-18 13:00:00,0.80467856,-0.019164503
2019-12-08,EL,5,2019,49,0.70354724,17.390587,12.235099,2019-12-18 13:00:00,0.71838814,-0.014840901
2019-12-08,VASS,3,2019,49,0.5886589,28.155403,16.573929,2019-12-18 13:00:00,0.5994856,-0.010826647
2019-12-08,VASS,2,2019,49,0.7281346,23.237715,16.920183,2019-12-18 13:00:00,0.73587435,-0.0077397823
2019-12-08,EL,3,2019,49,0.6669742,8.920932,5.9500313,2019-12-18 13:00:00,0.67687607,-0.009901881
2019-12-08,VASS,1,2019,49,0.73101676,36.044464,26.349108,2019-12-18 13:00:00,0.74885243,-0.017835677
2019-12-15,VASS,1,2019,50,0.7151766,36.044464,25.778156,2019-12-27 13:00:00,0.73101676,-0.015840173
2019-12-15,EL,4,2019,50,0.54100025,21.079208,11.403857,2019-12-27 13:00:00,0.5598789,-0.018878639
2019-12-15,VASS,3,2019,50,0.5679904,28.155403,15.991999,2019-12-27 13:00:00,0.5886589,-0.020668507
2019-12-15,VASS,2,2019,50,0.7166124,23.237715,16.652435,2019-12-27 13:00:00,0.7281346,-0.011522174
2019-12-15,EL,5,2019,50,0.6855865,17.390587,11.922751,2019-12-27 13:00:00,0.70354724,-0.017960727
2019-12-15,EL,2,2019,50,0.7281125,34.04359,24.787565,2019-12-27 13:00:00,0.7389645,-0.010851979
2019-12-15,NO,0,2019,50,0.66961926,87.43758,58.54989,2019-12-27 13:00:00,0.685824,-0.016204715
2019-12-15,EL,1,2019,50,0.76272404,6.0032635,4.5788336,2019-12-27 13:00:00,0.78551406,-0.022790015
2019-12-15,EL,3,2019,50,0.64386225,8.920932,5.743851,2019-12-27 13:00:00,0.6669742,-0.02311194
2019-12-22,VASS,3,2019,51,0.54310656,28.155403,15.291384,2020-01-02 13:00:00,0.5679904,-0.024883866
2019-12-22,EL,2,2019,51,0.7156241,34.04359,24.362413,2020-01-02 13:00:00,0.7281125,-0.012488425
2019-12-22,EL,3,2019,51,0.61725265,8.920932,5.506469,2020-01-02 13:00:00,0.64392716,-0.026674509
2019-12-22,VASS,1,2019,51,0.6945629,36.044464,25.035149,2020-01-02 13:00:00,0.7151766,-0.02061367
2019-12-22,EL,4,2019,51,0.51780236,21.079208,10.914865,2020-01-02 13:00:00,0.54100025,-0.02319789
2019-12-22,VASS,2,2019,51,0.70502156,23.237715,16.38309,2020-01-02 13:00:00,0.71666217,-0.011640608
2019-12-22,NO,0,2019,51,0.6500461,87.43758,56.838455,2020-01-02 13:00:00,0.66960585,-0.019559741
2019-12-22,EL,5,2019,51,0.6636895,17.390587,11.541949,2020-01-02 13:00:00,0.6855865,-0.021897018
2019-12-22,EL,1,2019,51,0.7320278,6.0032635,4.394556,2020-01-02 13:00:00,0.76272404,-0.030696213
2019-12-29,EL,1,2019,52,0.6987187,6.0032635,4.194593,2020-01-08 13:00:00,0.7320278,-0.033309102
2019-12-29,NO,0,2019,52,0.6345133,87.43758,55.48031,2020-01-08 13:00:00,0.6500572,-0.015543878
2019-12-29,EL,2,2019,52,0.70445967,34.04359,23.982336,2020-01-08 13:00:00,0.7156241,-0.011164427
2019-12-29,VASS,2,2019,52,0.7028069,23.237715,16.331627,2020-01-08 13:00:00,0.70502156,-0.0022146702
2019-12-29,VASS,3,2019,52,0.52430254,28.155403,14.76195,2020-01-08 13:00:00,0.54310656,-0.018804014
2019-12-29,EL,3,2019,52,0.60159975,8.920932,5.36683,2020-01-08 13:00:00,0.61725265,-0.015652895
2019-12-29,EL,4,2019,52,0.500131,21.079208,10.542366,2020-01-08 13:00:00,0.51780236,-0.017671347
2019-12-29,VASS,1,2019,52,0.6730331,36.044464,24.259119,2020-01-08 13:00:00,0.6945629,-0.021529794
2019-12-29,EL,5,2019,52,0.6482464,17.390587,11.273385,2020-01-08 13:00:00,0.6636895,-0.015443087
2020-01-05,EL,4,2020,1,0.5110687,21.079208,10.772923,2020-01-15 13:00:00,0.500131,0.010937691
2020-01-05,EL,1,2020,1,0.67624015,6.0032635,4.059648,2020-01-15 13:00:00,0.6987187,-0.02247858
2020-01-05,VASS,1,2020,1,0.6734926,36.044464,24.275682,2020-01-15 13:00:00,0.6730331,0.0004594922
2020-01-05,EL,3,2020,1,0.61490947,8.920932,5.4855657,2020-01-15 13:00:00,0.60159975,0.013309717
2020-01-05,EL,5,2020,1,0.6476321,17.390587,11.262702,2020-01-15 13:00:00,0.6482464,-0.00061428547
2020-01-05,EL,2,2020,1,0.71526843,34.04359,24.350306,2020-01-15 13:00:00,0.70445967,0.010808766
2020-01-05,VASS,2,2020,1,0.71439713,23.237715,16.600958,2020-01-15 13:00:00,0.7028069,0.011590242
2020-01-05,NO,0,2020,1,0.64096975,87.43758,56.044846,2020-01-15 13:00:00,0.6345133,0.0064564347
2020-01-05,VASS,3,2020,1,0.53449035,28.155403,15.048791,2020-01-15 13:00:00,0.52430254,0.010187805
2020-01-12,EL,1,2020,2,0.64830333,6.0032635,3.8919358,2020-01-22 13:00:00,0.67624015,-0.027936816
2020-01-12,VASS,3,2020,2,0.5263344,28.155403,14.819158,2020-01-22 13:00:00,0.53449035,-0.008155942
2020-01-12,EL,4,2020,2,0.5036579,21.079208,10.61671,2020-01-22 13:00:00,0.5110687,-0.0074108243
2020-01-12,VASS,2,2020,2,0.71899235,23.237715,16.70774,2020-01-22 13:00:00,0.71439713,0.00459522
2020-01-12,VASS,1,2020,2,0.6728306,36.044464,24.251818,2020-01-22 13:00:00,0.6734926,-0.0006620288
2020-01-12,NO,0,2020,2,0.6393647,87.43758,55.904503,2020-01-22 13:00:00,0.64096975,-0.0016050339
2020-01-12,EL,3,2020,2,0.61015624,8.920932,5.443162,2020-01-22 13:00:00,0.61490947,-0.004753232
2020-01-12,EL,5,2020,2,0.64114374,17.390587,11.149865,2020-01-22 13:00:00,0.64770544,-0.0065616965
2020-01-12,EL,2,2020,2,0.72506803,34.04359,24.683918,2020-01-22 13:00:00,0.71526843,0.0097996
2020-01-19,EL,5,2020,3,0.6258266,17.390587,10.8834915,2020-01-29 13:00:00,0.64114374,-0.015317142
2020-01-19,VASS,3,2020,3,0.50828165,28.155403,14.310874,2020-01-29 13:00:00,0.5263344,-0.018052757
2020-01-19,VASS,1,2020,3,0.66480577,36.044464,23.962568,2020-01-29 13:00:00,0.6728306,-0.008024812
2020-01-19,EL,3,2020,3,0.58669525,8.920932,5.233868,2020-01-29 13:00:00,0.61015624,-0.023460984
2020-01-19,VASS,2,2020,3,0.70989513,23.237715,16.49634,2020-01-29 13:00:00,0.71897227,-0.009077132
2020-01-19,NO,0,2020,3,0.6279266,87.43758,54.90438,2020-01-29 13:00:00,0.639362,-0.0114353895
2020-01-19,EL,1,2020,3,0.6261998,6.0032635,3.7592425,2020-01-29 13:00:00,0.64830333,-0.022103548
2020-01-19,EL,4,2020,3,0.48838532,21.079208,10.294776,2020-01-29 13:00:00,0.5036579,-0.015272558
2020-01-19,EL,2,2020,3,0.7227342,34.04359,24.604467,2020-01-29 13:00:00,0.72506803,-0.0023338199
2020-01-26,EL,2,2020,4,0.71653795,34.04359,24.393524,2020-02-05 13:00:00,0.7227342,-0.0061962605
2020-01-26,EL,1,2020,4,0.60039055,6.0032635,3.6043026,2020-02-05 13:00:00,0.6261998,-0.025809228
2020-01-26,VASS,3,2020,4,0.5082582,28.155403,14.310215,2020-02-05 13:00:00,0.50828165,-2.3424625e-05
2020-01-26,EL,4,2020,4,0.48679623,21.079208,10.261279,2020-02-05 13:00:00,0.48838532,-0.0015890896
2020-01-26,NO,0,2020,4,0.6218893,87.43758,54.37649,2020-02-05 13:00:00,0.6279219,-0.006032586
2020-01-26,EL,5,2020,4,0.61568403,17.390587,10.707107,2020-02-05 13:00:00,0.6257563,-0.010072291
2020-01-26,VASS,2,2020,4,0.70879847,23.237715,16.470858,2020-02-05 13:00:00,0.70989513,-0.0010966659
2020-01-26,EL,3,2020,4,0.59307605,8.920932,5.290791,2020-02-05 13:00:00,0.58669525,0.0063807964
2020-01-26,VASS,1,2020,4,0.6512106,36.044464,23.472538,2020-02-05 13:00:00,0.66480577,-0.013595164
2020-02-02,EL,4,2020,5,0.47210845,21.079208,9.951673,2020-02-12 13:00:00,0.48679623,-0.014687777
2020-02-02,VASS,1,2020,5,0.6326897,36.044464,22.804962,2020-02-12 13:00:00,0.6512106,-0.018520892
2020-02-02,NO,0,2020,5,0.6040448,87.43758,52.816216,2020-02-12 13:00:00,0.6218916,-0.017846823
2020-02-02,EL,1,2020,5,0.5706973,6.0032635,3.4260464,2020-02-12 13:00:00,0.60039055,-0.029693246
2020-02-02,VASS,3,2020,5,0.49154988,28.155403,13.839785,2020-02-12 13:00:00,0.50825775,-0.016707867
2020-02-02,EL,2,2020,5,0.7029326,34.04359,23.93035,2020-02-12 13:00:00,0.71653795,-0.013605356
2020-02-02,EL,3,2020,5,0.5687777,8.920932,5.074027,2020-02-12 13:00:00,0.59307605,-0.02429837
2020-02-02,EL,5,2020,5,0.59302384,17.390587,10.313032,2020-02-12 13:00:00,0.61568403,-0.022660196
2020-02-02,VASS,2,2020,5,0.69069946,23.237715,16.050278,2020-02-12 13:00:00,0.7088161,-0.018116653
2020-02-09,EL,5,2020,6,0.5630189,17.390587,9.791228,2020-02-19 13:00:00,0.5930898,-0.0300709
2020-02-09,EL,2,2020,6,0.68412703,34.04359,23.29014,2020-02-19 13:00:00,0.7029326,-0.018805563
2020-02-09,VASS,1,2020,6,0.6068665,36.044464,21.874178,2020-02-19 13:00:00,0.6326897,-0.025823236
2020-02-09,NO,0,2020,6,0.58269125,87.43758,50.949112,2020-02-19 13:00:00,0.60404027,-0.021349013
2020-02-09,VASS,2,2020,6,0.66749525,23.237715,15.511065,2020-02-19 13:00:00,0.69069946,-0.023204207
2020-02-09,VASS,3,2020,6,0.47782505,28.155403,13.453357,2020-02-19 13:00:00,0.4915507,-0.013725668
2020-02-09,EL,4,2020,6,0.45949358,21.079208,9.6857605,2020-02-19 13:00:00,0.47210845,-0.012614876
2020-02-09,EL,3,2020,6,0.54848355,8.920932,4.8929844,2020-02-19 13:00:00,0.5687777,-0.02029413
2020-02-09,EL,1,2020,6,0.5291069,6.0032635,3.1763685,2020-02-19 13:00:00,0.5706973,-0.041590393
2020-02-16,NO,0,2020,7,0.5664745,87.43758,49.531155,2020-02-26 13:00:00,0.58269125,-0.016216755
2020-02-16,EL,3,2020,7,0.52344114,8.920932,4.6695824,2020-02-26 13:00:00,0.54848355,-0.025042415
2020-02-16,VASS,2,2020,7,0.65331644,23.237715,15.1815815,2020-02-26 13:00:00,0.6674857,-0.014169276
2020-02-16,VASS,3,2020,7,0.46248972,28.155403,13.021584,2020-02-26 13:00:00,0.47782505,-0.015335321
2020-02-16,EL,1,2020,7,0.49807036,6.0032635,2.9900477,2020-02-26 13:00:00,0.5291069,-0.031036556
2020-02-16,EL,5,2020,7,0.54169524,17.390587,9.420398,2020-02-26 13:00:00,0.5629567,-0.021261454
2020-02-16,VASS,1,2020,7,0.58871776,36.044464,21.220016,2020-02-26 13:00:00,0.6068665,-0.01814872
2020-02-16,EL,4,2020,7,0.447048,21.079208,9.423418,2020-02-26 13:00:00,0.45949358,-0.012445569
2020-02-16,EL,2,2020,7,0.6730225,34.04359,22.912102,2020-02-26 13:00:00,0.68412703,-0.011104524
2020-02-23,NO,0,2020,8,0.5560923,87.43758,48.623367,2020-03-04 13:00:00,0.56651986,-0.010427535
2020-02-23,VASS,3,2020,8,0.4492646,28.155403,12.649225,2020-03-04 13:00:00,0.46248972,-0.013225138
2020-02-23,VASS,2,2020,8,0.6471308,23.237715,15.037841,2020-03-04 13:00:00,0.65331644,-0.006185651
2020-02-23,EL,1,2020,8,0.4784208,6.0032635,2.8720863,2020-03-04 13:00:00,0.49807036,-0.019649565
2020-02-23,EL,2,2020,8,0.669142,34.04359,22.779997,2020-03-04 13:00:00,0.6730225,-0.0038805008
2020-02-23,EL,3,2020,8,0.501604,8.920932,4.4747753,2020-03-04 13:00:00,0.52344114,-0.021837115
2020-02-23,VASS,1,2020,8,0.5776895,36.044464,20.82251,2020-03-04 13:00:00,0.58871776,-0.01102823
2020-02-23,EL,5,2020,8,0.5272454,17.390587,9.1691065,2020-03-04 13:00:00,0.5417548,-0.01450938
2020-02-23,EL,4,2020,8,0.4365593,21.079208,9.202324,2020-03-04 13:00:00,0.447048,-0.010488719
2020-03-01,EL,2,2020,9,0.6442338,34.04359,21.932032,2020-03-11 13:00:00,0.669142,-0.024908185
2020-03-01,EL,1,2020,9,0.43299437,6.0032635,2.5993793,2020-03-11 13:00:00,0.4784208,-0.04542643
2020-03-01,EL,3,2020,9,0.4599206,8.920932,4.10292,2020-03-11 13:00:00,0.501604,-0.041683435
2020-03-01,VASS,1,2020,9,0.5476825,36.044464,19.740923,2020-03-11 13:00:00,0.5776895,-0.030007005
2020-03-01,EL,4,2020,9,0.4168379,21.079208,8.786613,2020-03-11 13:00:00,0.4365593,-0.019721389
2020-03-01,VASS,3,2020,9,0.42479154,28.155403,11.960176,2020-03-11 13:00:00,0.4492646,-0.024473041
2020-03-01,EL,5,2020,9,0.4993344,17.390587,8.683718,2020-03-11 13:00:00,0.5272454,-0.027911007
2020-03-01,VASS,2,2020,9,0.62063164,23.237715,14.422061,2020-03-11 13:00:00,0.6471308,-0.026499152
2020-03-01,NO,0,2020,9,0.5286925,87.43758,46.22759,2020-03-11 13:00:00,0.5560402,-0.027347744
2020-03-08,EL,5,2020,10,0.46531203,17.390587,8.092049,2020-03-18 13:00:00,0.4992803,-0.03396827
2020-03-08,EL,2,2020,10,0.6182539,34.04359,21.047583,2020-03-18 13:00:00,0.6442338,-0.025979936
2020-03-08,VASS,1,2020,10,0.5125493,36.044464,18.474564,2020-03-18 13:00:00,0.5476825,-0.035133243
2020-03-08,VASS,3,2020,10,0.40193114,28.155403,11.316533,2020-03-18 13:00:00,0.42479154,-0.022860408
2020-03-08,EL,1,2020,10,0.38557473,6.0032635,2.3147068,2020-03-18 13:00:00,0.43299437,-0.047419637
2020-03-08,EL,4,2020,10,0.3985139,21.079208,8.400358,2020-03-18 13:00:00,0.4168379,-0.018323988
2020-03-08,EL,3,2020,10,0.42158383,8.920932,3.7609208,2020-03-18 13:00:00,0.4599206,-0.038336754
2020-03-08,NO,0,2020,10,0.5002324,87.43758,43.73911,2020-03-18 13:00:00,0.52871054,-0.028478146
2020-03-08,VASS,2,2020,10,0.59611833,23.237715,13.8524275,2020-03-18 13:00:00,0.62063164,-0.024513304
2020-03-15,EL,4,2020,11,0.38613504,21.079208,8.139421,2020-03-25 13:00:00,0.3985139,-0.012378871
2020-03-15,EL,5,2020,11,0.4392051,17.390587,7.6380343,2020-03-25 13:00:00,0.46531203,-0.026106924
2020-03-15,VASS,3,2020,11,0.38630494,28.155403,10.876572,2020-03-25 13:00:00,0.40193114,-0.015626192
2020-03-15,NO,0,2020,11,0.4786322,87.43758,41.85044,2020-03-25 13:00:00,0.5002324,-0.021600187
2020-03-15,EL,1,2020,11,0.34507045,6.0032635,2.071549,2020-03-25 13:00:00,0.38557473,-0.040504277
2020-03-15,EL,3,2020,11,0.39587665,8.920932,3.5315883,2020-03-25 13:00:00,0.42158383,-0.025707185
2020-03-15,EL,2,2020,11,0.5977873,34.04359,20.350826,2020-03-25 13:00:00,0.6182539,-0.020466566
2020-03-15,VASS,2,2020,11,0.580498,23.237715,13.489447,2020-03-25 13:00:00,0.5961225,-0.015624523
2020-03-15,VASS,1,2020,11,0.48283204,36.044464,17.403421,2020-03-25 13:00:00,0.51262635,-0.029794306
2020-03-22,NO,0,2020,12,0.4535684,87.43758,39.65892,2020-04-01 13:00:00,0.47861385,-0.025045455
2020-03-22,EL,1,2020,12,0.29566696,6.0032635,1.7749668,2020-04-01 13:00:00,0.34507045,-0.04940349
2020-03-22,EL,3,2020,12,0.36359507,8.920932,3.2436068,2020-04-01 13:00:00,0.39587665,-0.032281578
2020-03-22,EL,2,2020,12,0.5754352,34.04359,19.58988,2020-04-01 13:00:00,0.5977873,-0.0223521
2020-03-22,EL,4,2020,12,0.3732376,21.079208,7.8675537,2020-04-01 13:00:00,0.38613504,-0.012897432
2020-03-22,VASS,1,2020,12,0.44732374,36.044464,16.123545,2020-04-01 13:00:00,0.48283204,-0.035508305
2020-03-22,VASS,2,2020,12,0.5630595,23.237715,13.084216,2020-04-01 13:00:00,0.580498,-0.017438471
2020-03-22,EL,5,2020,12,0.4066018,17.390587,7.0710435,2020-04-01 13:00:00,0.43925294,-0.032651156
2020-03-22,VASS,3,2020,12,0.3689103,28.155403,10.386818,2020-04-01 13:00:00,0.38630494,-0.017394632
2020-03-29,EL,4,2020,13,0.361736,21.079208,7.6251087,2020-04-08 13:00:00,0.3732376,-0.01150161
2020-03-29,EL,3,2020,13,0.33461463,8.920932,2.9850743,2020-04-08 13:00:00,0.36359507,-0.028980434
2020-03-29,VASS,2,2020,13,0.54712737,23.237715,12.713989,2020-04-08 13:00:00,0.563061,-0.015933633
2020-03-29,EL,1,2020,13,0.25594157,6.0032635,1.5364847,2020-04-08 13:00:00,0.29566696,-0.039725393
2020-03-29,EL,5,2020,13,0.37672278,17.390587,6.5514297,2020-04-08 13:00:00,0.40655738,-0.029834598
2020-03-29,EL,2,2020,13,0.54924196,34.04359,18.698168,2020-04-08 13:00:00,0.5754352,-0.026193261
2020-03-29,NO,0,2020,13,0.4288957,87.43758,37.501602,2020-04-08 13:00:00,0.4535684,-0.024672687
2020-03-29,VASS,3,2020,13,0.35276562,28.155403,9.932258,2020-04-08 13:00:00,0.3689103,-0.016144693
2020-03-29,VASS,1,2020,13,0.41082507,36.044464,14.80797,2020-04-08 13:00:00,0.44732374,-0.036498666
2020-04-05,EL,3,2020,14,0.30741152,8.920932,2.7423973,2020-04-15 13:00:00,0.33461463,-0.027203113
2020-04-05,NO,0,2020,14,0.40361938,87.43758,35.2915,2020-04-15 13:00:00,0.42891183,-0.025292456
2020-04-05,VASS,1,2020,14,0.37354115,36.044464,13.46409,2020-04-15 13:00:00,0.41082507,-0.037283927
2020-04-05,VASS,2,2020,14,0.52833295,23.237715,12.27725,2020-04-15 13:00:00,0.54712737,-0.018794417
2020-04-05,EL,5,2020,14,0.34423098,17.390587,5.986378,2020-04-15 13:00:00,0.37676406,-0.03253308
2020-04-05,VASS,3,2020,14,0.33812472,28.155403,9.520037,2020-04-15 13:00:00,0.35276562,-0.0146408975
2020-04-05,EL,2,2020,14,0.52184105,34.04359,17.765343,2020-04-15 13:00:00,0.54924196,-0.02740091
2020-04-05,EL,4,2020,14,0.35057622,21.079208,7.3898697,2020-04-15 13:00:00,0.361736,-0.011159778
2020-04-05,EL,1,2020,14,0.2183203,6.0032635,1.3106343,2020-04-15 13:00:00,0.25594157,-0.037621275
2020-04-12,VASS,1,2020,15,0.34621432,36.044464,12.479111,2020-04-22 13:00:00,0.37354115,-0.027326822
2020-04-12,NO,0,2020,15,0.38572064,87.43758,33.72648,2020-04-22 13:00:00,0.40361938,-0.017898738
2020-04-12,VASS,2,2020,15,0.5157099,23.237715,11.983919,2020-04-22 13:00:00,0.528379,-0.012669146
2020-04-12,VASS,3,2020,15,0.32850537,28.155403,9.249201,2020-04-22 13:00:00,0.33812472,-0.009619355
2020-04-12,EL,5,2020,15,0.3182284,17.390587,5.5341783,2020-04-22 13:00:00,0.34423098,-0.026002586
2020-04-12,EL,2,2020,15,0.5026084,34.04359,17.110596,2020-04-22 13:00:00,0.52184105,-0.01923263
2020-04-12,EL,1,2020,15,0.19320266,6.0032635,1.1598465,2020-04-22 13:00:00,0.2183203,-0.025117636
2020-04-12,EL,4,2020,15,0.3427692,21.079208,7.2253036,2020-04-22 13:00:00,0.35057622,-0.0078070164
2020-04-12,EL,3,2020,15,0.29242867,8.920932,2.608736,2020-04-22 13:00:00,0.30741152,-0.014982849
2020-04-19,VASS,2,2020,16,0.5034385,23.237715,11.69876,2020-04-29 13:00:00,0.51566494,-0.012226462
2020-04-19,EL,5,2020,16,0.29089516,17.390587,5.0588374,2020-04-29 13:00:00,0.3182284,-0.02733323
2020-04-19,VASS,1,2020,16,0.3250099,36.044464,11.714808,2020-04-29 13:00:00,0.34621432,-0.021204412
2020-04-19,EL,3,2020,16,0.28055975,8.920932,2.5028543,2020-04-29 13:00:00,0.29242867,-0.011868924
2020-04-19,VASS,3,2020,16,0.31778002,28.155403,8.947225,2020-04-29 13:00:00,0.32850537,-0.010725349
2020-04-19,EL,1,2020,16,0.17945512,6.0032635,1.0773164,2020-04-29 13:00:00,0.19320266,-0.013747543
2020-04-19,NO,0,2020,16,0.37015346,87.43758,32.365322,2020-04-29 13:00:00,0.38570347,-0.015550017
2020-04-19,EL,4,2020,16,0.33334675,21.079208,7.026686,2020-04-29 13:00:00,0.34276474,-0.009417981
2020-04-19,EL,2,2020,16,0.48820743,34.04359,16.620335,2020-04-29 13:00:00,0.5026084,-0.014400989
2020-04-26,VASS,3,2020,17,0.30438375,28.155403,8.570046,2020-05-06 13:00:00,0.31778002,-0.013396263
2020-04-26,EL,1,2020,17,0.19626203,6.0032635,1.1782128,2020-05-06 13:00:00,0.17945512,0.016806915
2020-04-26,VASS,2,2020,17,0.49047396,23.237715,11.397494,2020-05-06 13:00:00,0.50341105,-0.012937099
2020-04-26,EL,5,2020,17,0.26789317,17.390587,4.658819,2020-05-06 13:00:00,0.29089516,-0.023001999
2020-04-26,EL,2,2020,17,0.4801037,34.04359,16.344454,2020-05-06 13:00:00,0.48820743,-0.008103728
2020-04-26,EL,4,2020,17,0.32164595,21.079208,6.780042,2020-05-06 13:00:00,0.33334675,-0.011700809
2020-04-26,EL,3,2020,17,0.26355806,8.920932,2.3511834,2020-05-06 13:00:00,0.28055975,-0.017001688
2020-04-26,VASS,1,2020,17,0.31674477,36.044464,11.416896,2020-05-06 13:00:00,0.3249642,-0.008219421
2020-04-26,NO,0,2020,17,0.35907346,87.43758,31.396513,2020-05-06 13:00:00,0.3701756,-0.01110214
2020-05-03,EL,4,2020,18,0.31054044,21.079208,6.5459466,2020-05-13 13:00:00,0.32165208,-0.011111647
2020-05-03,EL,5,2020,18,0.24313925,17.390587,4.228334,2020-05-13 13:00:00,0.26786324,-0.024723992
2020-05-03,NO,0,2020,18,0.34260553,87.43758,29.956598,2020-05-13 13:00:00,0.35907134,-0.016465813
2020-05-03,VASS,3,2020,18,0.29057044,28.155403,8.181128,2020-05-13 13:00:00,0.30438375,-0.013813317
2020-05-03,EL,1,2020,18,0.20236447,6.0032635,1.2148473,2020-05-13 13:00:00,0.19626203,0.0061024427
2020-05-03,VASS,1,2020,18,0.30043647,36.044464,10.829071,2020-05-13 13:00:00,0.31674477,-0.016308308
2020-05-03,EL,2,2020,18,0.46219477,34.04359,15.73477,2020-05-13 13:00:00,0.4801037,-0.01790893
2020-05-03,EL,3,2020,18,0.2410132,8.920932,2.1500623,2020-05-13 13:00:00,0.26355806,-0.02254486
2020-05-03,VASS,2,2020,18,0.47066534,23.237715,10.937186,2020-05-13 13:00:00,0.49047396,-0.01980862
2020-05-10,EL,3,2020,19,0.22307004,8.920932,1.9899925,2020-05-20 13:00:00,0.2410132,-0.017943159
2020-05-10,EL,4,2020,19,0.30292928,21.079208,6.38551,2020-05-20 13:00:00,0.31054044,-0.0076111555
2020-05-10,EL,5,2020,19,0.22174469,17.390587,3.85627,2020-05-20 13:00:00,0.24313925,-0.021394566
2020-05-10,VASS,3,2020,19,0.28078246,28.155403,7.905543,2020-05-20 13:00:00,0.29057044,-0.009787977
2020-05-10,VASS,2,2020,19,0.45720482,23.237715,10.624395,2020-05-20 13:00:00,0.4707321,-0.013527274
2020-05-10,NO,0,2020,19,0.32967618,87.43758,28.826086,2020-05-20 13:00:00,0.3426419,-0.012965709
2020-05-10,EL,2,2020,19,0.44796374,34.04359,15.250294,2020-05-20 13:00:00,0.4622132,-0.014249444
2020-05-10,EL,1,2020,19,0.2098614,6.0032635,1.2598532,2020-05-20 13:00:00,0.20238195,0.007479444
2020-05-10,VASS,1,2020,19,0.28551078,36.044464,10.291083,2020-05-20 13:00:00,0.3004754,-0.01496461
2020-05-17,EL,4,2020,20,0.29137003,21.079208,6.1418495,2020-05-27 13:00:00,0.30292928,-0.011559248
2020-05-17,EL,5,2020,20,0.20029998,17.390587,3.483334,2020-05-27 13:00:00,0.22176978,-0.021469802
2020-05-17,VASS,2,2020,20,0.4431253,23.237715,10.297219,2020-05-27 13:00:00,0.457165,-0.014039695
2020-05-17,EL,3,2020,20,0.19744001,8.920932,1.7613488,2020-05-27 13:00:00,0.22307004,-0.025630027
2020-05-17,NO,0,2020,20,0.3130793,87.43758,27.374897,2020-05-27 13:00:00,0.32967618,-0.016596884
2020-05-17,EL,2,2020,20,0.43032324,34.04359,14.649748,2020-05-27 13:00:00,0.44796285,-0.017639607
2020-05-17,EL,1,2020,20,0.20885178,6.0032635,1.2537924,2020-05-27 13:00:00,0.2098614,-0.0010096133
2020-05-17,VASS,3,2020,20,0.26594868,28.155403,7.487892,2020-05-27 13:00:00,0.28078023,-0.014831543
2020-05-17,VASS,1,2020,20,0.26599562,36.044464,9.58767,2020-05-27 13:00:00,0.28551078,-0.019515157
2020-05-24,EL,3,2020,21,0.20259458,8.920932,1.8073324,2020-06-03 13:00:00,0.19744001,0.005154565
2020-05-24,EL,1,2020,21,0.24386495,6.0032635,1.4639856,2020-06-03 13:00:00,0.20882498,0.035039976
2020-05-24,NO,0,2020,21,0.31924576,87.43758,27.914076,2020-06-03 13:00:00,0.31306028,0.006185472
2020-05-24,EL,2,2020,21,0.443232,34.04359,15.089208,2020-06-03 13:00:00,0.43032324,0.012908757
2020-05-24,VASS,3,2020,21,0.26113907,28.155403,7.3524756,2020-06-03 13:00:00,0.26595113,-0.004812062
2020-05-24,VASS,1,2020,21,0.28209347,36.044464,10.167909,2020-06-03 13:00:00,0.26599562,0.016097844
2020-05-24,EL,4,2020,21,0.2844029,21.079208,5.9949884,2020-06-03 13:00:00,0.29137003,-0.0069671273
2020-05-24,VASS,2,2020,21,0.44646186,23.237715,10.374753,2020-06-03 13:00:00,0.4430972,0.0033646524
2020-05-24,EL,5,2020,21,0.19924217,17.390587,3.4649382,2020-06-03 13:00:00,0.20029998,-0.0010578036
2020-05-31,VASS,2,2020,22,0.4735951,23.237715,11.005268,2020-06-10 13:00:00,0.44652966,0.027065456
2020-05-31,EL,1,2020,22,0.3547643,6.0032635,2.1297436,2020-06-10 13:00:00,0.24386495,0.11089936
2020-05-31,EL,5,2020,22,0.23014808,17.390587,4.00241,2020-06-10 13:00:00,0.19921939,0.030928686
2020-05-31,EL,4,2020,22,0.30565798,21.079208,6.4430285,2020-06-10 13:00:00,0.2844029,0.021255076
2020-05-31,VASS,3,2020,22,0.29395413,28.155403,8.276397,2020-06-10 13:00:00,0.26113907,0.03281507
2020-05-31,NO,0,2020,22,0.3627876,87.43758,31.72127,2020-06-10 13:00:00,0.31920692,0.04358068
2020-05-31,VASS,1,2020,22,0.3440453,36.044464,12.4009285,2020-06-10 13:00:00,0.28205892,0.061986387
2020-05-31,EL,2,2020,22,0.48940095,34.04359,16.660965,2020-06-10 13:00:00,0.4432963,0.04610464
2020-05-31,EL,3,2020,22,0.26826778,8.920932,2.3931985,2020-06-10 13:00:00,0.20259458,0.0656732
2020-06-07,NO,0,2020,23,0.45325172,87.43758,39.631233,2020-06-17 13:00:00,0.3628392,0.09041253
2020-06-07,EL,3,2020,23,0.4171329,8.920932,3.721214,2020-06-17 13:00:00,0.26826778,0.14886513
2020-06-07,EL,2,2020,23,0.5684455,34.04359,19.351925,2020-06-17 13:00:00,0.48940095,0.07904455
2020-06-07,VASS,3,2020,23,0.3803466,28.155403,10.708812,2020-06-17 13:00:00,0.2939505,0.0863961
2020-06-07,VASS,2,2020,23,0.5239771,23.237715,12.17603,2020-06-17 13:00:00,0.47353116,0.050445944
2020-06-07,EL,1,2020,23,0.55036294,6.0032635,3.303974,2020-06-17 13:00:00,0.3547978,0.19556513
2020-06-07,VASS,1,2020,23,0.46261638,36.044464,16.674759,2020-06-17 13:00:00,0.3440631,0.11855328
2020-06-07,EL,5,2020,23,0.3114253,17.390587,5.4158688,2020-06-17 13:00:00,0.23014808,0.08127722
2020-06-07,EL,4,2020,23,0.36781824,21.079208,7.7533174,2020-06-17 13:00:00,0.30565798,0.062160254
2020-06-14,EL,5,2020,24,0.42024988,17.390587,7.3083916,2020-06-24 13:00:00,0.31146103,0.10878885
2020-06-14,EL,3,2020,24,0.5465189,8.920932,4.8754582,2020-06-24 13:00:00,0.4171329,0.12938601
2020-06-14,VASS,2,2020,24,0.589415,23.237715,13.696658,2020-06-24 13:00:00,0.5239845,0.06543052
2020-06-14,VASS,3,2020,24,0.46329972,28.155403,13.04439,2020-06-24 13:00:00,0.38035053,0.08294919
2020-06-14,EL,1,2020,24,0.68445957,6.0032635,4.108991,2020-06-24 13:00:00,0.55036294,0.13409662
2020-06-14,NO,0,2020,24,0.5461645,87.43758,47.755302,2020-06-24 13:00:00,0.45324734,0.092917174
2020-06-14,VASS,1,2020,24,0.5802822,36.044464,20.91596,2020-06-24 13:00:00,0.46262527,0.117656946
2020-06-14,EL,2,2020,24,0.6533707,34.04359,22.243084,2020-06-24 13:00:00,0.5684455,0.084925175
2020-06-14,EL,4,2020,24,0.43340608,21.079208,9.135858,2020-06-24 13:00:00,0.36781824,0.06558785
2020-06-21,EL,2,2020,25,0.7392022,34.04359,25.165096,2020-07-01 13:00:00,0.6533707,0.08583152
2020-06-21,VASS,1,2020,25,0.7040858,36.044464,25.378397,2020-07-01 13:00:00,0.5802822,0.123803616
2020-06-21,EL,1,2020,25,0.8040941,6.0032635,4.827189,2020-07-01 13:00:00,0.684444,0.119650066
2020-06-21,EL,3,2020,25,0.71797603,8.920932,6.405015,2020-07-01 13:00:00,0.5465189,0.17145711
2020-06-21,VASS,2,2020,25,0.6786158,23.237715,15.769481,2020-07-01 13:00:00,0.5894244,0.08919144
2020-06-21,NO,0,2020,25,0.65575576,87.43758,57.337696,2020-07-01 13:00:00,0.5461868,0.10956895
2020-06-21,EL,4,2020,25,0.5199098,21.079208,10.959287,2020-07-01 13:00:00,0.43340608,0.086503714
2020-06-21,EL,5,2020,25,0.57003367,17.390587,9.913219,2020-07-01 13:00:00,0.42024988,0.14978379
2020-06-21,VASS,3,2020,25,0.5710034,28.155403,16.07683,2020-07-01 13:00:00,0.46329972,0.107703656
2020-06-28,EL,4,2020,26,0.6065034,21.079208,12.784613,2020-07-08 13:00:00,0.5199098,0.08659363
2020-06-28,EL,5,2020,26,0.6900199,17.390587,11.99985,2020-07-08 13:00:00,0.56996715,0.120052755
2020-06-28,VASS,2,2020,26,0.75601315,23.237715,17.568018,2020-07-08 13:00:00,0.6786158,0.07739735
2020-06-28,NO,0,2020,26,0.74377024,87.43758,65.03347,2020-07-08 13:00:00,0.65569717,0.088073075
2020-06-28,VASS,3,2020,26,0.66256905,28.155403,18.654898,2020-07-08 13:00:00,0.5710034,0.09156567
2020-06-28,EL,2,2020,26,0.809072,34.04359,27.543716,2020-07-08 13:00:00,0.7392022,0.06986982
2020-06-28,VASS,1,2020,26,0.7962515,36.044464,28.700459,2020-07-08 13:00:00,0.7040858,0.09216565
2020-06-28,EL,1,2020,26,0.8793853,6.0032635,5.2791815,2020-07-08 13:00:00,0.8040941,0.07529122
2020-06-28,EL,3,2020,26,0.8262028,8.920932,7.370499,2020-07-08 13:00:00,0.71791273,0.108290076
2020-07-05,EL,5,2020,27,0.7409968,17.390587,12.886368,2020-07-15 13:00:00,0.6900199,0.050976872
2020-07-05,VASS,2,2020,27,0.79221827,23.237715,18.409342,2020-07-15 13:00:00,0.7559631,0.03625518
2020-07-05,EL,1,2020,27,0.8951179,6.0032635,5.3736286,2020-07-15 13:00:00,0.8793853,0.015732586
2020-07-05,VASS,3,2020,27,0.70527285,28.155403,19.85724,2020-07-15 13:00:00,0.66256905,0.042703807
2020-07-05,NO,0,2020,27,0.7864247,87.43758,68.76307,2020-07-15 13:00:00,0.74377215,0.042652547
2020-07-05,VASS,1,2020,27,0.8428667,36.044464,30.38068,2020-07-15 13:00:00,0.7962515,0.046615243
2020-07-05,EL,3,2020,27,0.85543144,8.920932,7.6312456,2020-07-15 13:00:00,0.8262028,0.029228628
2020-07-05,EL,4,2020,27,0.6536667,21.079208,13.778776,2020-07-15 13:00:00,0.6065034,0.047163248
2020-07-05,EL,2,2020,27,0.8527734,34.04359,29.03147,2020-07-15 13:00:00,0.80902815,0.04374528
2020-07-12,VASS,2,2020,28,0.8092145,23.237715,18.804295,2020-07-22 13:00:00,0.7922772,0.016937256
2020-07-12,EL,3,2020,28,0.87333524,8.920932,7.7909636,2020-07-22 13:00:00,0.85543144,0.017903805
2020-07-12,VASS,1,2020,28,0.86285764,36.044464,31.101242,2020-07-22 13:00:00,0.8428667,0.019990921
2020-07-12,NO,0,2020,28,0.8073665,87.43758,70.59417,2020-07-22 13:00:00,0.7864288,0.020937681
2020-07-12,EL,4,2020,28,0.6817187,21.079208,14.3700905,2020-07-22 13:00:00,0.6536667,0.028052032
2020-07-12,EL,2,2020,28,0.8700004,34.04359,29.617937,2020-07-22 13:00:00,0.8527734,0.017226994
2020-07-12,EL,5,2020,28,0.76843536,17.390587,13.363541,2020-07-22 13:00:00,0.7409968,0.027438581
2020-07-12,VASS,3,2020,28,0.7308929,28.155403,20.578585,2020-07-22 13:00:00,0.70527285,0.025620043
2020-07-12,EL,1,2020,28,0.8983815,6.0032635,5.393221,2020-07-22 13:00:00,0.8951179,0.0032635927
2020-07-19,EL,2,2020,29,0.89235324,34.04359,30.378908,2020-07-29 13:00:00,0.87004036,0.02231288
2020-07-19,EL,3,2020,29,0.89319617,8.920932,7.968142,2020-07-29 13:00:00,0.87333524,0.019860923
2020-07-19,EL,1,2020,29,0.9081068,6.0032635,5.4516044,2020-07-29 13:00:00,0.8983815,0.009725332
2020-07-19,NO,0,2020,29,0.83831084,87.43758,73.299866,2020-07-29 13:00:00,0.80736446,0.030946374
2020-07-19,EL,5,2020,29,0.81291175,17.390587,14.137012,2020-07-29 13:00:00,0.76843536,0.04447639
2020-07-19,EL,4,2020,29,0.7263358,21.079208,15.310585,2020-07-29 13:00:00,0.6817187,0.044617116
2020-07-19,VASS,3,2020,29,0.769004,28.155403,21.651617,2020-07-29 13:00:00,0.7308929,0.03811109
2020-07-19,VASS,2,2020,29,0.8373817,23.237715,19.458838,2020-07-29 13:00:00,0.80915624,0.028225482
2020-07-19,VASS,1,2020,29,0.8901698,36.044464,32.085693,2020-07-29 13:00:00,0.8628156,0.02735418
2020-07-26,EL,4,2020,30,0.772072,21.079208,16.274668,2020-08-05 13:00:00,0.7263358,0.045736194
2020-07-26,NO,0,2020,30,0.85968274,87.43758,75.16858,2020-08-05 13:00:00,0.83831006,0.021372676
2020-07-26,EL,3,2020,30,0.9071531,8.920932,8.09265,2020-08-05 13:00:00,0.89320606,0.01394707
2020-07-26,EL,5,2020,30,0.8355434,17.390587,14.530589,2020-08-05 13:00:00,0.81291175,0.022631645
2020-07-26,VASS,3,2020,30,0.8079151,28.155403,22.747173,2020-08-05 13:00:00,0.769004,0.038911104
2020-07-26,EL,1,2020,30,0.9064583,6.0032635,5.4417086,2020-08-05 13:00:00,0.9081068,-0.0016484857
2020-07-26,VASS,1,2020,30,0.90383065,36.044464,32.57809,2020-08-05 13:00:00,0.8901698,0.013660848
2020-07-26,VASS,2,2020,30,0.85038745,23.237715,19.76106,2020-08-05 13:00:00,0.8373817,0.0130057335
2020-07-26,EL,2,2020,30,0.9043842,34.04359,30.788485,2020-08-05 13:00:00,0.892327,0.012057185
2020-08-02,EL,5,2020,31,0.8895995,17.390587,15.470656,2020-08-12 13:00:00,0.8355434,0.054056108
2020-08-02,EL,3,2020,31,0.9288127,8.920932,8.285874,2020-08-12 13:00:00,0.90714383,0.021668851
2020-08-02,EL,2,2020,31,0.9425048,34.04359,32.086246,2020-08-12 13:00:00,0.9043842,0.038120627
2020-08-02,VASS,1,2020,31,0.9447537,36.044464,34.05314,2020-08-12 13:00:00,0.9038443,0.04090941
2020-08-02,VASS,3,2020,31,0.8390384,28.155403,23.623463,2020-08-12 13:00:00,0.8079151,0.03112328
2020-08-02,EL,1,2020,31,0.9408915,6.0032635,5.64842,2020-08-12 13:00:00,0.9064583,0.034433186
2020-08-02,EL,4,2020,31,0.806843,21.079208,17.007612,2020-08-12 13:00:00,0.772072,0.034770966
2020-08-02,VASS,2,2020,31,0.8944435,23.237715,20.784824,2020-08-12 13:00:00,0.85038745,0.044056058
2020-08-02,NO,0,2020,31,0.89837766,87.43758,78.55197,2020-08-12 13:00:00,0.85968274,0.03869492
2020-08-09,EL,3,2020,32,0.9422361,8.920932,8.405624,2020-08-19 13:00:00,0.9288127,0.013423443
2020-08-09,EL,1,2020,32,0.9482866,6.0032635,5.6928144,2020-08-19 13:00:00,0.9408915,0.0073950887
2020-08-09,EL,2,2020,32,0.94574565,34.04359,32.196575,2020-08-19 13:00:00,0.9425048,0.0032408237
2020-08-09,VASS,2,2020,32,0.9174142,23.237715,21.31861,2020-08-19 13:00:00,0.8944435,0.022970676
2020-08-09,EL,4,2020,32,0.83022976,21.079208,17.500586,2020-08-19 13:00:00,0.806843,0.023386776
2020-08-09,VASS,1,2020,32,0.94711155,36.044464,34.13813,2020-08-19 13:00:00,0.9447448,0.0023667216
2020-08-09,VASS,3,2020,32,0.85890263,28.155403,24.18275,2020-08-19 13:00:00,0.8390384,0.019864261
2020-08-09,EL,5,2020,32,0.9128225,17.390587,15.874517,2020-08-19 13:00:00,0.8895995,0.023222983
2020-08-09,NO,0,2020,32,0.91168785,87.43758,79.71578,2020-08-19 13:00:00,0.89837766,0.013310194
2020-08-16,NO,0,2020,33,0.9090943,87.43758,79.489,2020-08-26 13:00:00,0.91168785,-0.002593577
2020-08-16,EL,5,2020,33,0.9148944,17.390587,15.91055,2020-08-26 13:00:00,0.9128225,0.002071917
2020-08-16,EL,1,2020,33,0.9394026,6.0032635,5.6394815,2020-08-26 13:00:00,0.9482866,-0.008884013
2020-08-16,VASS,3,2020,33,0.8664321,28.155403,24.394745,2020-08-26 13:00:00,0.85890263,0.0075294375
2020-08-16,EL,4,2020,33,0.8422979,21.079208,17.754974,2020-08-26 13:00:00,0.83022976,0.012068152
2020-08-16,VASS,2,2020,33,0.91803396,23.237715,21.333012,2020-08-26 13:00:00,0.9174893,0.00054466724
2020-08-16,VASS,1,2020,33,0.9350433,36.044464,33.703133,2020-08-26 13:00:00,0.94711155,-0.012068272
2020-08-16,EL,2,2020,33,0.9342416,34.04359,31.804937,2020-08-26 13:00:00,0.94574565,-0.011504054
2020-08-16,EL,3,2020,33,0.9350769,8.920932,8.341757,2020-08-26 13:00:00,0.9422361,-0.007159233
2020-08-23,EL,2,2020,34,0.9395538,34.04359,31.985783,2020-09-02 13:00:00,0.9342252,0.0053285956
2020-08-23,EL,4,2020,34,0.85350144,21.079208,17.991135,2020-09-02 13:00:00,0.8422979,0.011203527
2020-08-23,VASS,2,2020,34,0.9402488,23.237715,21.849232,2020-09-02 13:00:00,0.9180315,0.022217274
2020-08-23,NO,0,2020,34,0.91780937,87.43758,80.25103,2020-09-02 13:00:00,0.9090943,0.008715093
2020-08-23,EL,5,2020,34,0.9309663,17.390587,16.19005,2020-09-02 13:00:00,0.9148944,0.016071916
2020-08-23,EL,3,2020,34,0.94364536,8.920932,8.418196,2020-09-02 13:00:00,0.9350632,0.008582175
2020-08-23,EL,1,2020,34,0.9376889,6.0032635,5.629194,2020-09-02 13:00:00,0.9394026,-0.0017136931
2020-08-23,VASS,1,2020,34,0.9347821,36.044464,33.693718,2020-09-02 13:00:00,0.9350433,-0.00026118755
2020-08-23,VASS,3,2020,34,0.8757729,28.155403,24.657738,2020-09-02 13:00:00,0.8664321,0.009340823
2020-08-30,NO,0,2020,35,0.91183317,87.43758,79.728485,2020-09-09 13:00:00,0.91780686,-0.0059736967
2020-08-30,EL,4,2020,35,0.85594696,21.079208,18.042686,2020-09-09 13:00:00,0.85350144,0.002445519
2020-08-30,EL,3,2020,35,0.9335398,8.920932,8.328045,2020-09-09 13:00:00,0.94364536,-0.01010555
2020-08-30,EL,2,2020,35,0.9333341,34.04359,31.774042,2020-09-09 13:00:00,0.9395807,-0.006246567
2020-08-30,VASS,1,2020,35,0.9265145,36.044464,33.395718,2020-09-09 13:00:00,0.93475217,-0.00823766
2020-08-30,VASS,2,2020,35,0.93022114,23.237715,21.616213,2020-09-09 13:00:00,0.9401669,-0.00994575
2020-08-30,EL,5,2020,35,0.9186752,17.390587,15.9763,2020-09-09 13:00:00,0.9309663,-0.012291133
2020-08-30,EL,1,2020,35,0.92881644,6.0032635,5.57593,2020-09-09 13:00:00,0.9376889,-0.008872449
2020-08-30,VASS,3,2020,35,0.8762332,28.155403,24.6707,2020-09-09 13:00:00,0.8757729,0.00046032667
2020-09-06,VASS,1,2020,36,0.91763467,36.044464,33.075653,2020-09-16 13:00:00,0.9265498,-0.008915126
2020-09-06,EL,5,2020,36,0.9162266,17.390587,15.933718,2020-09-16 13:00:00,0.9186752,-0.0024485588
2020-09-06,EL,4,2020,36,0.85886097,21.079208,18.104109,2020-09-16 13:00:00,0.85594696,0.0029140115
2020-09-06,EL,1,2020,36,0.9142616,6.0032635,5.488553,2020-09-16 13:00:00,0.92881644,-0.014554858
2020-09-06,EL,2,2020,36,0.9301874,34.04359,31.666918,2020-09-16 13:00:00,0.933293,-0.0031055808
2020-09-06,VASS,3,2020,36,0.8734733,28.155403,24.592993,2020-09-16 13:00:00,0.8762332,-0.0027599335
2020-09-06,VASS,2,2020,36,0.9350876,23.237715,21.7293,2020-09-16 13:00:00,0.93022114,0.004866481
2020-09-06,NO,0,2020,36,0.9085077,87.43758,79.43771,2020-09-16 13:00:00,0.91183585,-0.0033281446
2020-09-06,EL,3,2020,36,0.9203008,8.920932,8.20994,2020-09-16 13:00:00,0.93355227,-0.013251483
2020-09-13,EL,1,2020,37,0.91216946,6.0032635,5.4759936,2020-09-23 13:00:00,0.9142616,-0.002092123
2020-09-13,NO,0,2020,37,0.92403585,87.43758,80.795456,2020-09-23 13:00:00,0.9084665,0.015569329
2020-09-13,EL,3,2020,37,0.92945457,8.920932,8.2916,2020-09-23 13:00:00,0.920298,0.009156585
2020-09-13,VASS,1,2020,37,0.9281896,36.044464,33.456097,2020-09-23 13:00:00,0.9175884,0.010601163
2020-09-13,VASS,3,2020,37,0.8884323,28.155403,25.01417,2020-09-23 13:00:00,0.8734733,0.014959037
2020-09-13,VASS,2,2020,37,0.95933497,23.237715,22.292751,2020-09-23 13:00:00,0.9351723,0.02416265
2020-09-13,EL,2,2020,37,0.9455319,34.04359,32.1893,2020-09-23 13:00:00,0.9301874,0.015344501
2020-09-13,EL,5,2020,37,0.93746036,17.390587,16.302986,2020-09-23 13:00:00,0.9162266,0.021233737
2020-09-13,EL,4,2020,37,0.8778074,21.079208,18.503485,2020-09-23 13:00:00,0.85886097,0.01894641
2020-09-20,VASS,3,2020,38,0.91522014,28.155403,25.76839,2020-09-30 13:00:00,0.8884323,0.026787817
2020-09-20,EL,1,2020,38,0.9180205,6.0032635,5.5111194,2020-09-30 13:00:00,0.91216946,0.0058510303
2020-09-20,EL,5,2020,38,0.947884,17.390587,16.484259,2020-09-30 13:00:00,0.93746036,0.01042366
2020-09-20,NO,0,2020,38,0.9324347,87.43758,81.52983,2020-09-30 13:00:00,0.92403585,0.008398831
2020-09-20,EL,4,2020,38,0.9080232,21.079208,19.14041,2020-09-30 13:00:00,0.8778074,0.0302158
2020-09-20,VASS,1,2020,38,0.9278388,36.044464,33.443455,2020-09-30 13:00:00,0.9282459,-0.00040709972
2020-09-20,EL,2,2020,38,0.9394724,34.04359,31.983011,2020-09-30 13:00:00,0.9455319,-0.0060595274
2020-09-20,VASS,2,2020,38,0.9600452,23.237715,22.309258,2020-09-30 13:00:00,0.95925635,0.0007888675
2020-09-20,EL,3,2020,38,0.94129837,8.920932,8.397259,2020-09-30 13:00:00,0.9294287,0.011869669
2020-09-27,EL,4,2020,39,0.92578906,21.079208,19.5149,2020-10-07 13:00:00,0.9080232,0.01776588
2020-09-27,EL,3,2020,39,0.96095973,8.920932,8.572657,2020-10-07 13:00:00,0.94131756,0.019642174
2020-09-27,VASS,2,2020,39,0.96151364,23.237715,22.343378,2020-10-07 13:00:00,0.9600452,0.00146842
2020-09-27,VASS,1,2020,39,0.9328983,36.044464,33.62582,2020-10-07 13:00:00,0.92777425,0.0051240325
2020-09-27,EL,5,2020,39,0.9511518,17.390587,16.541086,2020-10-07 13:00:00,0.947884,0.003267765
2020-09-27,VASS,3,2020,39,0.9341533,28.155403,26.301462,2020-10-07 13:00:00,0.91522014,0.018933177
2020-09-27,EL,1,2020,39,0.9395446,6.0032635,5.640334,2020-10-07 13:00:00,0.91801137,0.02153325
2020-09-27,EL,2,2020,39,0.9399916,34.04359,32.000687,2020-10-07 13:00:00,0.9394724,0.00051921606
2020-09-27,NO,0,2020,39,0.940947,87.43758,82.274124,2020-10-07 13:00:00,0.93248445,0.008462548
2020-10-04,EL,4,2020,40,0.927881,21.079208,19.558998,2020-10-14 13:00:00,0.92578906,0.0020919442
2020-10-04,VASS,3,2020,40,0.9358536,28.155403,26.349335,2020-10-14 13:00:00,0.9341533,0.0017002821
2020-10-04,EL,5,2020,40,0.9511135,17.390587,16.540422,2020-10-14 13:00:00,0.9511518,-3.8266182e-05
2020-10-04,VASS,2,2020,40,0.9558433,23.237715,22.211615,2020-10-14 13:00:00,0.96159375,-0.0057504177
2020-10-04,VASS,1,2020,40,0.9459115,36.044464,34.094875,2020-10-14 13:00:00,0.9329581,0.012953401
2020-10-04,EL,3,2020,40,0.95853305,8.920932,8.551008,2020-10-14 13:00:00,0.96094954,-0.0024164915
2020-10-04,EL,1,2020,40,0.94860876,6.0032635,5.6947484,2020-10-14 13:00:00,0.93955374,0.009055018
2020-10-04,NO,0,2020,40,0.94541264,87.43758,82.6646,2020-10-14 13:00:00,0.9409478,0.0044648647
2020-10-04,EL,2,2020,40,0.9491254,34.04359,32.311638,2020-10-14 13:00:00,0.9400591,0.009066284
2020-10-11,EL,5,2020,41,0.9470978,17.390587,16.470587,2020-10-21 13:00:00,0.9511135,-0.0040157437
2020-10-11,VASS,1,2020,41,0.96442586,36.044464,34.762215,2020-10-21 13:00:00,0.9459115,0.018514335
2020-10-11,EL,4,2020,41,0.9269171,21.079208,19.53868,2020-10-21 13:00:00,0.927881,-0.0009639263
2020-10-11,VASS,3,2020,41,0.93201476,28.155403,26.24125,2020-10-21 13:00:00,0.9358536,-0.0038388371
2020-10-11,NO,0,2020,41,0.94983155,87.43758,83.05097,2020-10-21 13:00:00,0.94541085,0.0044206977
2020-10-11,VASS,2,2020,41,0.9475293,23.237715,22.018415,2020-10-21 13:00:00,0.95575976,-0.008230448
2020-10-11,EL,1,2020,41,0.98777133,6.0032635,5.9298515,2020-10-21 13:00:00,0.94860876,0.039162576
2020-10-11,EL,3,2020,41,0.9421288,8.920932,8.404666,2020-10-21 13:00:00,0.95853305,-0.016404271
2020-10-11,EL,2,2020,41,0.960075,34.04359,32.6844,2020-10-21 13:00:00,0.9491254,0.010949612
2020-10-18,EL,4,2020,42,0.9189202,21.079208,19.370111,2020-10-28 13:00:00,0.9269171,-0.007996857
2020-10-18,EL,3,2020,42,0.9320466,8.920932,8.314724,2020-10-28 13:00:00,0.9421288,-0.010082185
2020-10-18,VASS,3,2020,42,0.9242044,28.155403,26.021347,2020-10-28 13:00:00,0.93201476,-0.007810354
2020-10-18,VASS,1,2020,42,0.94647264,36.044464,34.1151,2020-10-28 13:00:00,0.96442586,-0.017953217
2020-10-18,EL,2,2020,42,0.94289184,34.04359,32.099422,2020-10-28 13:00:00,0.960075,-0.017183185
2020-10-18,EL,5,2020,42,0.92031777,17.390587,16.004866,2020-10-28 13:00:00,0.9470978,-0.02678001
2020-10-18,EL,1,2020,42,0.9698186,6.0032635,5.822077,2020-10-28 13:00:00,0.98777133,-0.01795274
2020-10-18,NO,0,2020,42,0.9335173,87.43758,81.62449,2020-10-28 13:00:00,0.9498349,-0.016317606
2020-10-18,VASS,2,2020,42,0.92381316,23.237715,21.467306,2020-10-28 13:00:00,0.9475293,-0.023716152
2020-10-25,EL,3,2020,43,0.9169221,8.920932,8.179799,2020-11-04 13:00:00,0.9320157,-0.015093625
2020-10-25,VASS,2,2020,43,0.91990054,23.237715,21.376387,2020-11-04 13:00:00,0.92381316,-0.0039126277
2020-10-25,NO,0,2020,43,0.92851293,87.43758,81.18692,2020-11-04 13:00:00,0.9335173,-0.0050043464
2020-10-25,EL,1,2020,43,0.9672403,6.0032635,5.8065987,2020-11-04 13:00:00,0.9698186,-0.0025783181
2020-10-25,EL,4,2020,43,0.9035479,21.079208,19.046074,2020-11-04 13:00:00,0.9189202,-0.015372336
2020-10-25,VASS,3,2020,43,0.9085121,28.155403,25.579523,2020-11-04 13:00:00,0.9242044,-0.015692294
2020-10-25,VASS,1,2020,43,0.9486759,36.044464,34.194515,2020-11-04 13:00:00,0.9464743,0.0022015572
2020-10-25,EL,2,2020,43,0.95008576,34.04359,32.34433,2020-11-04 13:00:00,0.94289184,0.007193923
2020-10-25,EL,5,2020,43,0.90753067,17.390587,15.78249,2020-11-04 13:00:00,0.92031777,-0.012787104
2020-11-01,NO,0,2020,44,0.92978466,87.43758,81.29812,2020-11-11 13:00:00,0.92851293,0.0012717247
2020-11-01,EL,2,2020,44,0.95821744,34.04359,32.621162,2020-11-11 13:00:00,0.95008576,0.008131683
2020-11-01,VASS,2,2020,44,0.9208133,23.237715,21.397598,2020-11-11 13:00:00,0.91990054,0.00091278553
2020-11-01,EL,3,2020,44,0.9173339,8.920932,8.183474,2020-11-11 13:00:00,0.9169221,0.0004118085
2020-11-01,VASS,1,2020,44,0.9573831,36.044464,34.50836,2020-11-11 13:00:00,0.9486747,0.008708417
2020-11-01,EL,5,2020,44,0.90611506,17.390587,15.757872,2020-11-11 13:00:00,0.90753067,-0.0014156103
2020-11-01,VASS,3,2020,44,0.90003747,28.155403,25.340918,2020-11-11 13:00:00,0.9085121,-0.008474648
2020-11-01,EL,4,2020,44,0.89247847,21.079208,18.81274,2020-11-11 13:00:00,0.9035479,-0.011069417
2020-11-01,EL,1,2020,44,0.9803711,6.0032635,5.885426,2020-11-11 13:00:00,0.9672403,0.013130844
2020-11-08,EL,2,2020,45,0.9717243,34.04359,33.080986,2020-11-18 13:00:00,0.95821744,0.01350683
2020-11-08,VASS,3,2020,45,0.9218438,28.155403,25.954885,2020-11-18 13:00:00,0.90003747,0.02180636
2020-11-08,VASS,2,2020,45,0.936742,23.237715,21.767744,2020-11-18 13:00:00,0.92090356,0.015838444
2020-11-08,VASS,1,2020,45,0.9729709,36.044464,35.070213,2020-11-18 13:00:00,0.9573842,0.015586674
2020-11-08,EL,3,2020,45,0.9398124,8.920932,8.384002,2020-11-18 13:00:00,0.91735995,0.022452474
2020-11-08,NO,0,2020,45,0.94737995,87.43758,82.83661,2020-11-18 13:00:00,0.92978466,0.017595291
2020-11-08,EL,1,2020,45,0.99740624,6.0032635,5.987693,2020-11-18 13:00:00,0.9803711,0.017035127
2020-11-08,EL,5,2020,45,0.92306215,17.390587,16.052591,2020-11-18 13:00:00,0.90611506,0.01694709
2020-11-08,EL,4,2020,45,0.91564703,21.079208,19.301115,2020-11-18 13:00:00,0.89247847,0.023168564
2020-11-15,EL,5,2020,46,0.9134421,17.390587,15.885293,2020-11-25 13:00:00,0.92306215,-0.00962007
2020-11-15,EL,2,2020,46,0.9625406,34.04359,32.76834,2020-11-25 13:00:00,0.9717243,-0.009183645
2020-11-15,NO,0,2020,46,0.93874025,87.43758,82.08117,2020-11-25 13:00:00,0.94737995,-0.008639693
2020-11-15,VASS,1,2020,46,0.96258926,36.044464,34.696014,2020-11-25 13:00:00,0.9729692,-0.0103799105
2020-11-15,EL,4,2020,46,0.9125575,21.079208,19.23599,2020-11-25 13:00:00,0.91564703,-0.0030895472
2020-11-15,EL,3,2020,46,0.93226504,8.920932,8.316673,2020-11-25 13:00:00,0.9398124,-0.0075473785
2020-11-15,VASS,3,2020,46,0.9175029,28.155403,25.832663,2020-11-25 13:00:00,0.9218438,-0.0043409467
2020-11-15,EL,1,2020,46,0.97436064,6.0032635,5.849344,2020-11-25 13:00:00,0.99740624,-0.0230456
2020-11-15,VASS,2,2020,46,0.9257346,23.237715,21.511957,2020-11-25 13:00:00,0.93666065,-0.010926068
2020-11-22,EL,5,2020,47,0.9431461,17.390587,16.401863,2020-12-02 13:00:00,0.9134421,0.029704034
2020-11-22,EL,1,2020,47,0.9953899,6.0032635,5.975588,2020-12-02 13:00:00,0.97436064,0.021029234
2020-11-22,VASS,3,2020,47,0.9220827,28.155403,25.961609,2020-12-02 13:00:00,0.9175029,0.004579842
2020-11-22,VASS,1,2020,47,0.9841484,36.044464,35.473103,2020-12-02 13:00:00,0.96258926,0.02155912
2020-11-22,VASS,2,2020,47,0.9558354,23.237715,22.21143,2020-12-02 13:00:00,0.9258173,0.030018091
2020-11-22,EL,2,2020,47,0.98519254,34.04359,33.539494,2020-12-02 13:00:00,0.9625406,0.02265191
2020-11-22,EL,4,2020,47,0.91659003,21.079208,19.320992,2020-12-02 13:00:00,0.9125575,0.0040325522
2020-11-22,NO,0,2020,47,0.95724815,87.43758,83.69946,2020-12-02 13:00:00,0.9387378,0.018510342
2020-11-22,EL,3,2020,47,0.9439648,8.920932,8.421045,2020-12-02 13:00:00,0.93226504,0.011699736
2020-11-29,EL,1,2020,48,0.9715943,6.0032635,5.832737,2020-12-09 13:00:00,0.9953899,-0.023795605
2020-11-29,VASS,1,2020,48,0.9713864,36.044464,35.0131,2020-12-09 13:00:00,0.9841484,-0.01276201
2020-11-29,NO,0,2020,48,0.9462157,87.43758,82.7348,2020-12-09 13:00:00,0.95724744,-0.011031747
2020-11-29,EL,2,2020,48,0.9783386,34.04359,33.306156,2020-12-09 13:00:00,0.98519254,-0.006853938
2020-11-29,EL,4,2020,48,0.903531,21.079208,19.04572,2020-12-09 13:00:00,0.91659003,-0.01305902
2020-11-29,EL,5,2020,48,0.93193436,17.390587,16.206884,2020-12-09 13:00:00,0.9431461,-0.011211753
2020-11-29,VASS,2,2020,48,0.9500359,23.237715,22.076664,2020-12-09 13:00:00,0.9557613,-0.0057253838
2020-11-29,VASS,3,2020,48,0.9088694,28.155403,25.589584,2020-12-09 13:00:00,0.9220827,-0.0132133365
2020-11-29,EL,3,2020,48,0.9303594,8.920932,8.299673,2020-12-09 13:00:00,0.9439648,-0.013605356
2020-12-06,VASS,1,2020,49,0.9445453,36.044464,34.04563,2020-12-16 13:00:00,0.9713761,-0.026830792
2020-12-06,NO,0,2020,49,0.92082,87.43758,80.514275,2020-12-16 13:00:00,0.9462157,-0.025395691
2020-12-06,VASS,2,2020,49,0.92436993,23.237715,21.480244,2020-12-16 13:00:00,0.9500359,-0.025665998
2020-12-06,VASS,3,2020,49,0.8856411,28.155403,24.935581,2020-12-16 13:00:00,0.9088694,-0.023228288
2020-12-06,EL,1,2020,49,0.9456372,6.0032635,5.6769094,2020-12-16 13:00:00,0.9715943,-0.025957048
2020-12-06,EL,3,2020,49,0.9002587,8.920932,8.031146,2020-12-16 13:00:00,0.9303594,-0.030100703
2020-12-06,EL,2,2020,49,0.9554473,34.04359,32.52686,2020-12-16 13:00:00,0.97832406,-0.02287674
2020-12-06,EL,4,2020,49,0.8822355,21.079208,18.596827,2020-12-16 13:00:00,0.903531,-0.021295488
2020-12-06,EL,5,2020,49,0.8992591,17.390587,15.638642,2020-12-16 13:00:00,0.93193436,-0.032675266
2020-12-13,EL,2,2020,50,0.92834276,34.04359,31.60412,2020-12-23 13:00:00,0.95546824,-0.027125478
2020-12-13,VASS,2,2020,50,0.8925455,23.237715,20.740719,2020-12-23 13:00:00,0.92436993,-0.03182441
2020-12-13,NO,0,2020,50,0.89092755,87.43758,77.90054,2020-12-23 13:00:00,0.92082,-0.029892445
2020-12-13,EL,4,2020,50,0.85650796,21.079208,18.05451,2020-12-23 13:00:00,0.8822355,-0.02572757
2020-12-13,EL,1,2020,50,0.9158069,6.0032635,5.49783,2020-12-23 13:00:00,0.9456372,-0.029830337
2020-12-13,EL,3,2020,50,0.86622053,8.920932,7.7274942,2020-12-23 13:00:00,0.9002587,-0.034038186
2020-12-13,VASS,1,2020,50,0.9140273,36.044464,32.945625,2020-12-23 13:00:00,0.9445237,-0.030496418
2020-12-13,EL,5,2020,50,0.8610538,17.390587,14.974231,2020-12-23 13:00:00,0.8992591,-0.038205266
2020-12-13,VASS,3,2020,50,0.85821074,28.155403,24.163269,2020-12-23 13:00:00,0.8856411,-0.027430356
2020-12-20,EL,1,2020,51,0.8876332,6.0032635,5.3286963,2020-12-30 13:00:00,0.9158069,-0.028173685
2020-12-20,NO,0,2020,51,0.8710085,87.43758,76.158875,2020-12-30 13:00:00,0.89092755,-0.019919038
2020-12-20,VASS,1,2020,51,0.8978315,36.044464,32.361855,2020-12-30 13:00:00,0.9140627,-0.01623118
2020-12-20,EL,3,2020,51,0.83747697,8.920932,7.4710746,2020-12-30 13:00:00,0.86622053,-0.028743565
2020-12-20,EL,4,2020,51,0.83148736,21.079208,17.527096,2020-12-30 13:00:00,0.85650796,-0.0250206
2020-12-20,EL,2,2020,51,0.91832244,34.04359,31.262993,2020-12-30 13:00:00,0.92829525,-0.009972811
2020-12-20,VASS,2,2020,51,0.8747086,23.237715,20.32623,2020-12-30 13:00:00,0.8925455,-0.017836928
2020-12-20,VASS,3,2020,51,0.83153373,28.155403,23.412167,2020-12-30 13:00:00,0.85821074,-0.026677012
2020-12-20,EL,5,2020,51,0.83469445,17.390587,14.515825,2020-12-30 13:00:00,0.8610538,-0.02635938
2020-12-27,EL,4,2020,52,0.81042486,21.079208,17.083115,2021-01-06 13:00:00,0.83148736,-0.021062493
2020-12-27,EL,1,2020,52,0.86151874,6.0032635,5.171924,2021-01-06 13:00:00,0.8876332,-0.026114464
2020-12-27,EL,2,2020,52,0.9087934,34.04359,30.93859,2021-01-06 13:00:00,0.91832244,-0.009529054
2020-12-27,VASS,1,2020,52,0.8801226,36.044464,31.723549,2021-01-06 13:00:00,0.8977973,-0.017674685
2020-12-27,EL,3,2020,52,0.8140935,8.920932,7.262472,2021-01-06 13:00:00,0.83747697,-0.023383498
2020-12-27,VASS,3,2020,52,0.80917877,28.155403,22.782753,2021-01-06 13:00:00,0.83153373,-0.02235496
2020-12-27,NO,0,2020,52,0.85282266,87.43758,74.56875,2021-01-06 13:00:00,0.8710085,-0.018185854
2020-12-27,EL,5,2020,52,0.80810606,17.390587,14.053437,2021-01-06 13:00:00,0.83469445,-0.02658838
2020-12-27,VASS,2,2020,52,0.8605919,23.237715,19.99819,2021-01-06 13:00:00,0.8747086,-0.014116704
2021-01-03,EL,2,2020,53,0.88360643,34.04359,30.081135,2021-01-13 13:00:00,0.9087934,-0.025186956
2021-01-03,VASS,2,2020,53,0.83004457,23.237715,19.28834,2021-01-13 13:00:00,0.8605919,-0.03054732
2021-01-03,EL,4,2020,53,0.78442264,21.079208,16.535007,2021-01-13 13:00:00,0.81042486,-0.026002228
2021-01-03,VASS,1,2020,53,0.847915,36.044464,30.562643,2021-01-13 13:00:00,0.88017005,-0.032255054
2021-01-03,NO,0,2020,53,0.82173765,87.43758,71.85075,2021-01-13 13:00:00,0.85279036,-0.031052709
2021-01-03,EL,3,2020,53,0.7708631,8.920932,6.876817,2021-01-13 13:00:00,0.8140935,-0.043230355
2021-01-03,EL,5,2020,53,0.7688493,17.390587,13.37074,2021-01-13 13:00:00,0.8081982,-0.0393489
2021-01-03,EL,1,2020,53,0.8210254,6.0032635,4.9288316,2021-01-13 13:00:00,0.86151874,-0.04049337
2021-01-03,VASS,3,2020,53,0.7793267,28.155403,21.942255,2021-01-13 13:00:00,0.80917877,-0.029852092
2021-01-10,EL,3,2021,1,0.71938086,8.920932,6.417547,2021-01-20 13:00:00,0.7708631,-0.05148226
2021-01-10,VASS,3,2021,1,0.7463998,28.155403,21.015188,2021-01-20 13:00:00,0.7793267,-0.032926857
2021-01-10,VASS,1,2021,1,0.8004369,36.044464,28.85132,2021-01-20 13:00:00,0.84786433,-0.047427416
2021-01-10,NO,0,2021,1,0.7817326,87.43758,68.352806,2021-01-20 13:00:00,0.82177144,-0.040038824
2021-01-10,EL,1,2021,1,0.7595958,6.0032635,4.560054,2021-01-20 13:00:00,0.8210254,-0.06142956
2021-01-10,EL,2,2021,1,0.8488869,34.04359,28.899158,2021-01-20 13:00:00,0.88360643,-0.034719527
2021-01-10,VASS,2,2021,1,0.7934387,23.237715,18.4377,2021-01-20 13:00:00,0.83011436,-0.03667569
2021-01-10,EL,4,2021,1,0.7565048,21.079208,15.946523,2021-01-20 13:00:00,0.78442264,-0.027917862
2021-01-10,EL,5,2021,1,0.7169766,17.390587,12.468642,2021-01-20 13:00:00,0.7687618,-0.05178523
2021-01-17,VASS,2,2021,2,0.7572186,23.237715,17.59603,2021-01-27 13:00:00,0.7933699,-0.03615129
2021-01-17,NO,0,2021,2,0.7426133,87.43758,64.93231,2021-01-27 13:00:00,0.7817326,-0.039119303
2021-01-17,EL,1,2021,2,0.698276,6.0032635,4.191935,2021-01-27 13:00:00,0.7595958,-0.061319828
2021-01-17,EL,5,2021,2,0.66653115,17.390587,11.591367,2021-01-27 13:00:00,0.7169766,-0.050445437
2021-01-17,VASS,1,2021,2,0.75360453,36.044464,27.16327,2021-01-27 13:00:00,0.8004369,-0.046832383
2021-01-17,EL,4,2021,2,0.7294657,21.079208,15.37656,2021-01-27 13:00:00,0.7565048,-0.027039051
2021-01-17,EL,2,2021,2,0.8142595,34.04359,27.720318,2021-01-27 13:00:00,0.8488869,-0.034627378
2021-01-17,EL,3,2021,2,0.67199963,8.920932,5.9948626,2021-01-27 13:00:00,0.71938086,-0.047381222
2021-01-17,VASS,3,2021,2,0.71517015,28.155403,20.135902,2021-01-27 13:00:00,0.7463998,-0.031229675
2021-01-24,EL,1,2021,3,0.6553866,6.0032635,3.9344587,2021-02-03 13:00:00,0.698276,-0.042889357
2021-01-24,VASS,1,2021,3,0.7182048,36.044464,25.887306,2021-02-03 13:00:00,0.75360453,-0.035399735
2021-01-24,EL,5,2021,3,0.62911105,17.390587,10.940609,2021-02-03 13:00:00,0.66653115,-0.037420094
2021-01-24,VASS,3,2021,3,0.6857913,28.155403,19.308731,2021-02-03 13:00:00,0.71517015,-0.029378831
2021-01-24,EL,3,2021,3,0.62987465,8.920932,5.6190686,2021-02-03 13:00:00,0.6720327,-0.042158067
2021-01-24,EL,2,2021,3,0.7908079,34.04359,26.92194,2021-02-03 13:00:00,0.8142595,-0.023451626
2021-01-24,VASS,2,2021,3,0.7350196,23.237715,17.080175,2021-02-03 13:00:00,0.7572186,-0.022198975
2021-01-24,EL,4,2021,3,0.70358217,21.079208,14.8309555,2021-02-03 13:00:00,0.7294657,-0.025883555
2021-01-24,NO,0,2021,3,0.7126057,87.43758,62.30852,2021-02-03 13:00:00,0.7426133,-0.0300076
2021-01-31,VASS,3,2021,4,0.6514497,28.155403,18.341827,2021-02-10 13:00:00,0.6857913,-0.034341633
2021-01-31,EL,5,2021,4,0.57808506,17.390587,10.053238,2021-02-10 13:00:00,0.62911105,-0.051025987
2021-01-31,EL,4,2021,4,0.6731211,21.079208,14.18886,2021-02-10 13:00:00,0.70358217,-0.030461073
2021-01-31,EL,1,2021,4,0.59806687,6.0032635,3.590353,2021-02-10 13:00:00,0.6553866,-0.05731976
2021-01-31,EL,3,2021,4,0.5811984,8.920932,5.184831,2021-02-10 13:00:00,0.62983865,-0.04864025
2021-01-31,NO,0,2021,4,0.67094314,87.43758,58.665646,2021-02-10 13:00:00,0.7126057,-0.041662574
2021-01-31,EL,2,2021,4,0.7517048,34.04359,25.59073,2021-02-10 13:00:00,0.7908079,-0.03910309
2021-01-31,VASS,1,2021,4,0.6692251,36.044464,24.12186,2021-02-10 13:00:00,0.7182048,-0.0489797
2021-01-31,VASS,2,2021,4,0.6964432,23.237715,16.183748,2021-02-10 13:00:00,0.73508644,-0.03864324
2021-02-07,EL,5,2021,5,0.5336166,17.390587,9.279905,2021-02-17 13:00:00,0.57808506,-0.044468462
2021-02-07,VASS,1,2021,5,0.62285346,36.044464,22.45042,2021-02-17 13:00:00,0.6692251,-0.04637164
2021-02-07,VASS,3,2021,5,0.6205623,28.155403,17.472181,2021-02-17 13:00:00,0.6514497,-0.030887365
2021-02-07,VASS,2,2021,5,0.6656416,23.237715,15.46799,2021-02-17 13:00:00,0.6963784,-0.030736804
2021-02-07,EL,2,2021,5,0.71710366,34.04359,24.412783,2021-02-17 13:00:00,0.7517048,-0.034601152
2021-02-07,EL,3,2021,5,0.5363978,8.920932,4.7851686,2021-02-17 13:00:00,0.5811984,-0.04480058
2021-02-07,NO,0,2021,5,0.63350856,87.43758,55.392452,2021-02-17 13:00:00,0.67089266,-0.037384093
2021-02-07,EL,4,2021,5,0.6465185,21.079208,13.628099,2021-02-17 13:00:00,0.6731211,-0.026602566
2021-02-07,EL,1,2021,5,0.5391945,6.0032635,3.236927,2021-02-17 13:00:00,0.59806687,-0.058872342
2021-02-14,EL,4,2021,6,0.6215159,21.079208,13.101065,2021-02-24 13:00:00,0.6465185,-0.025002599
2021-02-14,VASS,1,2021,6,0.5727683,36.044464,20.645124,2021-02-24 13:00:00,0.62285346,-0.050085187
2021-02-14,VASS,2,2021,6,0.6301245,23.237715,14.642653,2021-02-24 13:00:00,0.6656416,-0.035517097
2021-02-14,EL,2,2021,6,0.67821676,34.04359,23.088934,2021-02-24 13:00:00,0.71710366,-0.038886905
2021-02-14,EL,3,2021,6,0.49388814,8.920932,4.4059424,2021-02-24 13:00:00,0.53643554,-0.042547405
2021-02-14,EL,1,2021,6,0.477823,6.0032635,2.8684974,2021-02-24 13:00:00,0.5391945,-0.061371535
2021-02-14,VASS,3,2021,6,0.59103584,28.155403,16.640852,2021-02-24 13:00:00,0.6205623,-0.029526472
2021-02-14,EL,5,2021,6,0.48350134,17.390587,8.408372,2021-02-24 13:00:00,0.5336166,-0.050115258
2021-02-14,NO,0,2021,6,0.59371114,87.43758,51.912663,2021-02-24 13:00:00,0.63350856,-0.039797425
2021-02-21,VASS,3,2021,7,0.5601354,28.155403,15.770838,2021-03-03 13:00:00,0.59103584,-0.030900419
2021-02-21,EL,5,2021,7,0.44583884,17.390587,7.7533984,2021-03-03 13:00:00,0.48350134,-0.037662506
2021-02-21,EL,3,2021,7,0.45545623,8.920932,4.0630937,2021-03-03 13:00:00,0.49384624,-0.03839001
2021-02-21,EL,4,2021,7,0.59394324,21.079208,12.519854,2021-03-03 13:00:00,0.6215159,-0.027572691
2021-02-21,EL,2,2021,7,0.6481726,34.04359,22.066124,2021-03-03 13:00:00,0.67821676,-0.030044138
2021-02-21,VASS,1,2021,7,0.53420126,36.044464,19.254997,2021-03-03 13:00:00,0.5727683,-0.038567007
2021-02-21,VASS,2,2021,7,0.60473347,23.237715,14.052624,2021-03-03 13:00:00,0.6301848,-0.025451362
2021-02-21,NO,0,2021,7,0.56102395,87.43758,49.054573,2021-03-03 13:00:00,0.59371114,-0.032687187
2021-02-21,EL,1,2021,7,0.4351315,6.0032635,2.612209,2021-03-03 13:00:00,0.477823,-0.0426915
2021-02-28,EL,3,2021,8,0.4462786,8.920932,3.981221,2021-03-10 13:00:00,0.45551357,-0.009234965
2021-02-28,VASS,3,2021,8,0.54876965,28.155403,15.45083,2021-03-10 13:00:00,0.5601354,-0.011365771
2021-02-28,EL,4,2021,8,0.58350635,21.079208,12.299852,2021-03-10 13:00:00,0.59394324,-0.0104368925
2021-02-28,EL,1,2021,8,0.39426395,6.0032635,2.3668704,2021-03-10 13:00:00,0.4351315,-0.040867537
2021-02-28,VASS,1,2021,8,0.515576,36.044464,18.583662,2021-03-10 13:00:00,0.53420126,-0.01862526
2021-02-28,EL,2,2021,8,0.64743286,34.04359,22.04094,2021-03-10 13:00:00,0.6481726,-0.00073975325
2021-02-28,NO,0,2021,8,0.5510076,87.43758,48.178772,2021-03-10 13:00:00,0.5610721,-0.010064483
2021-02-28,EL,5,2021,8,0.42823902,17.390587,7.4473276,2021-03-10 13:00:00,0.44588864,-0.01764962
2021-02-28,VASS,2,2021,8,0.6098081,23.237715,14.170547,2021-03-10 13:00:00,0.60473347,0.0050746202
2021-03-07,EL,3,2021,9,0.43893299,8.920932,3.9156911,2021-03-17 13:00:00,0.4462786,-0.007345617
2021-03-07,EL,5,2021,9,0.39344472,17.390587,6.8422346,2021-03-17 13:00:00,0.42823902,-0.0347943
2021-03-07,NO,0,2021,9,0.5266399,87.43758,46.04812,2021-03-17 13:00:00,0.55096906,-0.024329185
2021-03-07,EL,2,2021,9,0.6189095,34.04359,21.0699,2021-03-17 13:00:00,0.64743286,-0.028523386
2021-03-07,VASS,2,2021,9,0.5869381,23.237715,13.6391,2021-03-17 13:00:00,0.6097766,-0.022838533
2021-03-07,VASS,1,2021,9,0.4780382,36.044464,17.23063,2021-03-17 13:00:00,0.515576,-0.037537813
2021-03-07,EL,1,2021,9,0.3506,6.0032635,2.1047444,2021-03-17 13:00:00,0.39426395,-0.04366395
2021-03-07,EL,4,2021,9,0.5738757,21.079208,12.096847,2021-03-17 13:00:00,0.58350635,-0.0096306205
2021-03-07,VASS,3,2021,9,0.5410385,28.155403,15.233157,2021-03-17 13:00:00,0.54876965,-0.0077311397
2021-03-14,EL,2,2021,10,0.59632736,34.04359,20.301125,2021-03-24 13:00:00,0.6189095,-0.022582114
2021-03-14,EL,1,2021,10,0.3109145,6.0032635,1.8665016,2021-03-24 13:00:00,0.3506,-0.039685518
2021-03-14,NO,0,2021,10,0.501343,87.43758,43.83622,2021-03-24 13:00:00,0.526675,-0.025331974
2021-03-14,EL,3,2021,10,0.41432422,8.920932,3.696158,2021-03-24 13:00:00,0.43893299,-0.024608761
2021-03-14,VASS,2,2021,10,0.5673902,23.237715,13.184852,2021-03-24 13:00:00,0.5869589,-0.019568682
2021-03-14,VASS,1,2021,10,0.44619843,36.044464,16.082983,2021-03-24 13:00:00,0.47807828,-0.031879842
2021-03-14,VASS,3,2021,10,0.5196456,28.155403,14.63083,2021-03-24 13:00:00,0.54103297,-0.021387398
2021-03-14,EL,4,2021,10,0.55193263,21.079208,11.634304,2021-03-24 13:00:00,0.5738757,-0.021943092
2021-03-14,EL,5,2021,10,0.36331645,17.390587,6.3182855,2021-03-24 13:00:00,0.39340106,-0.03008461
2021-03-21,EL,2,2021,11,0.5655946,34.04359,19.254871,2021-03-31 13:00:00,0.59632736,-0.03073275
2021-03-21,EL,3,2021,11,0.39026466,8.920932,3.4815245,2021-03-31 13:00:00,0.41432422,-0.024059564
2021-03-21,EL,1,2021,11,0.2653474,6.0032635,1.5929503,2021-03-31 13:00:00,0.31090146,-0.04555407
2021-03-21,VASS,2,2021,11,0.5415692,23.237715,12.58483,2021-03-31 13:00:00,0.5673902,-0.02582103
2021-03-21,VASS,1,2021,11,0.40739256,36.044464,14.684247,2021-03-31 13:00:00,0.44619843,-0.038805872
2021-03-21,NO,0,2021,11,0.47183484,87.43758,41.256092,2021-03-31 13:00:00,0.501343,-0.029508173
2021-03-21,VASS,3,2021,11,0.49957284,28.155403,14.065675,2021-03-31 13:00:00,0.5196515,-0.02007863
2021-03-21,EL,4,2021,11,0.53191787,21.079208,11.212408,2021-03-31 13:00:00,0.55193263,-0.020014763
2021-03-21,EL,5,2021,11,0.32802024,17.390587,5.7044644,2021-03-31 13:00:00,0.36331645,-0.0352962
2021-03-28,NO,0,2021,12,0.45389295,87.43758,39.6873,2021-04-07 13:00:00,0.47183484,-0.017941892
2021-03-28,EL,2,2021,12,0.546207,34.04359,18.594847,2021-04-07 13:00:00,0.5655946,-0.019387603
2021-03-28,VASS,1,2021,12,0.38147488,36.044464,13.750057,2021-04-07 13:00:00,0.40739256,-0.02591768
2021-03-28,VASS,3,2021,12,0.49027604,28.155403,13.803919,2021-04-07 13:00:00,0.49957284,-0.009296805
2021-03-28,EL,5,2021,12,0.30474845,17.390587,5.299754,2021-04-07 13:00:00,0.32805702,-0.023308575
2021-03-28,EL,3,2021,12,0.38043603,8.920932,3.3938437,2021-04-07 13:00:00,0.39026466,-0.009828627
2021-03-28,EL,4,2021,12,0.5221854,21.079208,11.007255,2021-04-07 13:00:00,0.53191787,-0.009732485
2021-03-28,VASS,2,2021,12,0.5261327,23.237715,12.226122,2021-04-07 13:00:00,0.5415518,-0.015419126
2021-03-28,EL,1,2021,12,0.23212528,6.0032635,1.3935093,2021-04-07 13:00:00,0.2653608,-0.03323552
2021-04-04,EL,1,2021,13,0.21887794,6.0032635,1.3139819,2021-04-14 13:00:00,0.23212528,-0.013247341
2021-04-04,EL,4,2021,13,0.517445,21.079208,10.907332,2021-04-14 13:00:00,0.5221854,-0.0047403574
2021-04-04,EL,3,2021,13,0.3748483,8.920932,3.343996,2021-04-14 13:00:00,0.38043603,-0.005587727
2021-04-04,VASS,3,2021,13,0.48554823,28.155403,13.670806,2021-04-14 13:00:00,0.49027604,-0.0047278106
2021-04-04,VASS,2,2021,13,0.5393234,23.237715,12.532643,2021-04-14 13:00:00,0.5261327,0.013190687
2021-04-04,VASS,1,2021,13,0.3886611,36.044464,14.009081,2021-04-14 13:00:00,0.38147488,0.007186204
2021-04-04,EL,5,2021,13,0.29911113,17.390587,5.201718,2021-04-14 13:00:00,0.30474845,-0.005637318
2021-04-04,NO,0,2021,13,0.4589419,87.43758,40.12877,2021-04-14 13:00:00,0.45386273,0.00507918
2021-04-04,EL,2,2021,13,0.56844354,34.04359,19.35186,2021-04-14 13:00:00,0.546207,0.022236526
2021-04-11,EL,4,2021,14,0.503545,21.079208,10.61433,2021-04-21 13:00:00,0.517445,-0.013900042
2021-04-11,VASS,1,2021,14,0.36927933,36.044464,13.310475,2021-04-21 13:00:00,0.3886611,-0.019381762
2021-04-11,EL,1,2021,14,0.20079975,6.0032635,1.2054539,2021-04-21 13:00:00,0.21887794,-0.018078193
2021-04-11,VASS,3,2021,14,0.4709428,28.155403,13.259584,2021-04-21 13:00:00,0.48554823,-0.014605433
2021-04-11,EL,5,2021,14,0.27682528,17.390587,4.8141537,2021-04-21 13:00:00,0.29911113,-0.022285849
2021-04-11,NO,0,2021,14,0.44231716,87.43758,38.67514,2021-04-21 13:00:00,0.45895544,-0.016638279
2021-04-11,VASS,2,2021,14,0.524659,23.237715,12.191876,2021-04-21 13:00:00,0.5393285,-0.014669538
2021-04-11,EL,3,2021,14,0.3585098,8.920932,3.1982415,2021-04-21 13:00:00,0.3748483,-0.016338497
2021-04-11,EL,2,2021,14,0.55322677,34.04359,18.833826,2021-04-21 13:00:00,0.56844354,-0.015216768
2021-04-18,VASS,2,2021,15,0.49727225,23.237715,11.55547,2021-04-28 13:00:00,0.524659,-0.027386725
2021-04-18,EL,4,2021,15,0.4861644,21.079208,10.247961,2021-04-28 13:00:00,0.503545,-0.017380595
2021-04-18,EL,5,2021,15,0.24668154,17.390587,4.2899365,2021-04-28 13:00:00,0.27682528,-0.030143738
2021-04-18,VASS,1,2021,15,0.33787307,36.044464,12.178454,2021-04-28 13:00:00,0.36927933,-0.031406254
2021-04-18,EL,1,2021,15,0.17791584,6.0032635,1.0680757,2021-04-28 13:00:00,0.20079975,-0.022883907
2021-04-18,EL,3,2021,15,0.33061787,8.920932,2.9494195,2021-04-28 13:00:00,0.3585098,-0.027891934
2021-04-18,EL,2,2021,15,0.5219982,34.04359,17.770693,2021-04-28 13:00:00,0.55322677,-0.031228542
2021-04-18,NO,0,2021,15,0.41547686,87.43758,36.32829,2021-04-28 13:00:00,0.44231716,-0.0268403
2021-04-18,VASS,3,2021,15,0.45074156,28.155403,12.690809,2021-04-28 13:00:00,0.4709428,-0.020201236
2021-04-25,EL,3,2021,16,0.31430048,8.920932,2.803853,2021-05-05 13:00:00,0.33061787,-0.016317397
2021-04-25,EL,1,2021,16,0.17295666,6.0032635,1.0383044,2021-05-05 13:00:00,0.17791584,-0.004959181
2021-04-25,VASS,1,2021,16,0.31981087,36.044464,11.527411,2021-05-05 13:00:00,0.33788806,-0.018077195
2021-04-25,VASS,3,2021,16,0.43421307,28.155403,12.225443,2021-05-05 13:00:00,0.45074156,-0.016528487
2021-04-25,VASS,2,2021,16,0.47999424,23.237715,11.153969,2021-05-05 13:00:00,0.49731234,-0.0173181
2021-04-25,EL,4,2021,16,0.46987343,21.079208,9.90456,2021-05-05 13:00:00,0.4861644,-0.016290963
2021-04-25,NO,0,2021,16,0.3980788,87.43758,34.807045,2021-05-05 13:00:00,0.41547686,-0.01739806
2021-04-25,EL,2,2021,16,0.50194687,34.04359,17.088074,2021-05-05 13:00:00,0.5219982,-0.02005136
2021-04-25,EL,5,2021,16,0.22841267,17.390587,3.9722302,2021-05-05 13:00:00,0.24668154,-0.018268868
2021-05-02,VASS,3,2021,17,0.40820888,28.155403,11.493285,2021-05-12 13:00:00,0.43421307,-0.026004195
2021-05-02,VASS,1,2021,17,0.29061922,36.044464,10.475215,2021-05-12 13:00:00,0.31985965,-0.02924043
2021-05-02,EL,1,2021,17,0.15748766,6.0032635,0.94543993,2021-05-12 13:00:00,0.17295666,-0.015469
2021-05-02,VASS,2,2021,17,0.45242426,23.237715,10.513306,2021-05-12 13:00:00,0.47995242,-0.027528167
2021-05-02,EL,4,2021,17,0.4482466,21.079208,9.448684,2021-05-12 13:00:00,0.4698632,-0.021616608
2021-05-02,EL,2,2021,17,0.4708352,34.04359,16.028921,2021-05-12 13:00:00,0.5020467,-0.031211495
2021-05-02,EL,3,2021,17,0.27807412,8.920932,2.4806802,2021-05-12 13:00:00,0.31430048,-0.036226362
2021-05-02,EL,5,2021,17,0.19997738,17.390587,3.4777238,2021-05-12 13:00:00,0.22841267,-0.02843529
2021-05-02,NO,0,2021,17,0.37029845,87.43758,32.378,2021-05-12 13:00:00,0.3980788,-0.027780354
2021-05-09,EL,5,2021,18,0.18444996,17.390587,3.2076929,2021-05-19 13:00:00,0.19995397,-0.0155040175
2021-05-09,VASS,3,2021,18,0.3873791,28.155403,10.906815,2021-05-19 13:00:00,0.40820888,-0.020829767
2021-05-09,EL,3,2021,18,0.2511567,8.920932,2.2405517,2021-05-19 13:00:00,0.27807412,-0.026917428
2021-05-09,NO,0,2021,18,0.3520418,87.43758,30.781683,2021-05-19 13:00:00,0.37030095,-0.018259138
2021-05-09,EL,1,2021,18,0.15077947,6.0032635,0.90516895,2021-05-19 13:00:00,0.15748766,-0.00670819
2021-05-09,EL,4,2021,18,0.42897245,21.079208,9.0424,2021-05-19 13:00:00,0.448258,-0.01928556
2021-05-09,VASS,2,2021,18,0.4355606,23.237715,10.121433,2021-05-19 13:00:00,0.45240977,-0.01684916
2021-05-09,VASS,1,2021,18,0.27333084,36.044464,9.852063,2021-05-19 13:00:00,0.2905813,-0.017250448
2021-05-09,EL,2,2021,18,0.45179543,34.04359,15.380738,2021-05-19 13:00:00,0.47075543,-0.01896
2021-05-16,EL,5,2021,19,0.20488092,17.390587,3.5629992,2021-05-26 13:00:00,0.18447174,0.020409182
2021-05-16,EL,4,2021,19,0.42719367,21.079208,9.004905,2021-05-26 13:00:00,0.42897245,-0.0017787814
2021-05-16,VASS,2,2021,19,0.45636645,23.237715,10.604913,2021-05-26 13:00:00,0.4355606,0.020805836
2021-05-16,VASS,3,2021,19,0.39767995,28.155403,11.196839,2021-05-26 13:00:00,0.3873791,0.010300845
2021-05-16,EL,3,2021,19,0.29661262,8.920932,2.6460607,2021-05-26 13:00:00,0.2511567,0.045455933
2021-05-16,VASS,1,2021,19,0.3224757,36.044464,11.623464,2021-05-26 13:00:00,0.27336332,0.04911238
2021-05-16,NO,0,2021,19,0.38148648,87.43758,33.356255,2021-05-26 13:00:00,0.35203037,0.029456109
2021-05-16,EL,2,2021,19,0.48731786,34.04359,16.59005,2021-05-26 13:00:00,0.45179543,0.03552243
2021-05-16,EL,1,2021,19,0.25596192,6.0032635,1.5366069,2021-05-26 13:00:00,0.15077947,0.105182454
2021-05-23,VASS,2,2021,20,0.47073278,23.237715,10.938754,2021-06-02 13:00:00,0.4563859,0.014346868
2021-05-23,EL,2,2021,20,0.52358365,34.04359,17.824669,2021-06-02 13:00:00,0.4873644,0.03621924
2021-05-23,EL,5,2021,20,0.23483852,17.390587,4.0839796,2021-06-02 13:00:00,0.20485681,0.029981703
2021-05-23,EL,1,2021,20,0.4124982,6.0032635,2.4763355,2021-06-02 13:00:00,0.25596192,0.15653628
2021-05-23,VASS,3,2021,20,0.44259697,28.155403,12.461496,2021-06-02 13:00:00,0.39767995,0.044917017
2021-05-23,NO,0,2021,20,0.42757726,87.43758,37.386322,2021-06-02 13:00:00,0.38150588,0.04607138
2021-05-23,EL,4,2021,20,0.45754325,21.079208,9.6446495,2021-06-02 13:00:00,0.42719367,0.030349582
2021-05-23,EL,3,2021,20,0.3753738,8.920932,3.348684,2021-06-02 13:00:00,0.29661262,0.07876119
2021-05-23,VASS,1,2021,20,0.3893842,36.044464,14.035146,2021-06-02 13:00:00,0.3224757,0.06690851
2021-05-30,VASS,3,2021,21,0.47886038,28.155403,13.482507,2021-06-09 13:00:00,0.44259697,0.036263406
2021-05-30,EL,2,2021,21,0.5689547,34.04359,19.369259,2021-06-09 13:00:00,0.5235587,0.04539603
2021-05-30,EL,1,2021,21,0.5237614,6.0032635,3.1442778,2021-06-09 13:00:00,0.4124982,0.111263186
2021-05-30,EL,4,2021,21,0.48019806,21.079208,10.122195,2021-06-09 13:00:00,0.45754325,0.022654802
2021-05-30,VASS,1,2021,21,0.45962387,36.044464,16.566896,2021-06-09 13:00:00,0.3893842,0.07023966
2021-05-30,EL,3,2021,21,0.44766816,8.920932,3.9936173,2021-06-09 13:00:00,0.3753738,0.072294354
2021-05-30,VASS,2,2021,21,0.49492767,23.237715,11.500988,2021-06-09 13:00:00,0.47073278,0.024194896
2021-05-30,EL,5,2021,21,0.28118825,17.390587,4.8900285,2021-06-09 13:00:00,0.23486637,0.046321884
2021-05-30,NO,0,2021,21,0.47497064,87.43758,41.53028,2021-06-09 13:00:00,0.42757726,0.04739338
2021-06-06,VASS,1,2021,22,0.5265527,36.044464,18.97931,2021-06-16 13:00:00,0.45962387,0.066928804
2021-06-06,NO,0,2021,22,0.53526837,87.43758,46.80257,2021-06-16 13:00:00,0.4750164,0.06025198
2021-06-06,EL,3,2021,22,0.54145,8.920932,4.830239,2021-06-16 13:00:00,0.44766816,0.09378186
2021-06-06,VASS,3,2021,22,0.54527956,28.155403,15.352566,2021-06-16 13:00:00,0.47886038,0.066419184
2021-06-06,EL,4,2021,22,0.535669,21.079208,11.291479,2021-06-16 13:00:00,0.48019806,0.055470973
2021-06-06,EL,1,2021,22,0.6156753,6.0032635,3.6960611,2021-06-16 13:00:00,0.5237614,0.09191388
2021-06-06,EL,5,2021,22,0.36061028,17.390587,6.271224,2021-06-16 13:00:00,0.28118825,0.07942203
2021-06-06,EL,2,2021,22,0.60849446,34.04359,20.715336,2021-06-16 13:00:00,0.5689547,0.039539754
2021-06-06,VASS,2,2021,22,0.53727454,23.237715,12.485032,2021-06-16 13:00:00,0.4949148,0.04235974
2021-06-13,VASS,1,2021,23,0.5725114,36.044464,20.635866,2021-06-23 13:00:00,0.52661026,0.04590112
2021-06-13,EL,5,2021,23,0.4384187,17.390587,7.6243577,2021-06-23 13:00:00,0.36061028,0.07780841
2021-06-13,EL,4,2021,23,0.6081413,21.079208,12.819138,2021-06-23 13:00:00,0.535669,0.072472274
2021-06-13,VASS,3,2021,23,0.62066,28.155403,17.474932,2021-06-23 13:00:00,0.54527956,0.075380445
2021-06-13,NO,0,2021,23,0.5895708,87.43758,51.550644,2021-06-23 13:00:00,0.53526837,0.054302454
2021-06-13,EL,1,2021,23,0.67456126,6.0032635,4.049569,2021-06-23 13:00:00,0.61569744,0.05886382
2021-06-13,VASS,2,2021,23,0.580179,23.237715,13.482033,2021-06-23 13:00:00,0.53727454,0.042904437
2021-06-13,EL,2,2021,23,0.63169825,34.04359,21.505276,2021-06-23 13:00:00,0.60849446,0.02320379
2021-06-13,EL,3,2021,23,0.6262374,8.920932,5.5866213,2021-06-23 13:00:00,0.54145,0.08478737
2021-06-20,EL,3,2021,24,0.6905982,8.920932,6.1607795,2021-06-30 13:00:00,0.6262374,0.0643608
2021-06-20,EL,1,2021,24,0.71733725,6.0032635,4.3063645,2021-06-30 13:00:00,0.67454934,0.04278791
2021-06-20,VASS,3,2021,24,0.6666794,28.155403,18.770626,2021-06-30 13:00:00,0.62066,0.046019375
2021-06-20,EL,4,2021,24,0.6494468,21.079208,13.689824,2021-06-30 13:00:00,0.6081413,0.041305482
2021-06-20,VASS,2,2021,24,0.62305,23.237715,14.478258,2021-06-30 13:00:00,0.5801717,0.04287827
2021-06-20,VASS,1,2021,24,0.6136503,36.044464,22.118698,2021-06-30 13:00:00,0.57244486,0.041205466
2021-06-20,EL,5,2021,24,0.50554544,17.390587,8.791732,2021-06-30 13:00:00,0.4383673,0.06717813
2021-06-20,NO,0,2021,24,0.63270164,87.43758,55.3219,2021-06-30 13:00:00,0.5895368,0.04316485
2021-06-20,EL,2,2021,24,0.6585506,34.04359,22.419428,2021-06-30 13:00:00,0.63169825,0.02685237
2021-06-27,EL,5,2021,25,0.54362833,17.390587,9.454016,2021-07-07 13:00:00,0.5056043,0.03802401
2021-06-27,NO,0,2021,25,0.6546841,87.43758,57.243996,2021-07-07 13:00:00,0.63270164,0.021982491
2021-06-27,VASS,3,2021,25,0.69728583,28.155403,19.632362,2021-07-07 13:00:00,0.6666794,0.030606449
2021-06-27,VASS,2,2021,25,0.6365965,23.237715,14.793048,2021-07-07 13:00:00,0.62305,0.013546526
2021-06-27,EL,4,2021,25,0.68079454,21.079208,14.350611,2021-07-07 13:00:00,0.6494468,0.03134775
2021-06-27,EL,1,2021,25,0.7519248,6.0032635,4.514003,2021-07-07 13:00:00,0.71733725,0.034587562
2021-06-27,VASS,1,2021,25,0.63460535,36.044464,22.87401,2021-07-07 13:00:00,0.6137092,0.020896137
2021-06-27,EL,2,2021,25,0.6631776,34.04359,22.576948,2021-07-07 13:00:00,0.65848416,0.0046934485
2021-06-27,EL,3,2021,25,0.71787125,8.920932,6.4040804,2021-07-07 13:00:00,0.6905982,0.027273059
2021-07-04,EL,1,2021,26,0.7531209,6.0032635,4.521183,2021-07-14 13:00:00,0.7519248,0.0011960864
2021-07-04,EL,2,2021,26,0.6534745,34.04359,22.246618,2021-07-14 13:00:00,0.6632336,-0.0097590685
2021-07-04,NO,0,2021,26,0.661016,87.43758,57.797638,2021-07-14 13:00:00,0.65467274,0.0063432455
2021-07-04,VASS,1,2021,26,0.63505816,36.044464,22.890331,2021-07-14 13:00:00,0.63460535,0.0004528165
2021-07-04,EL,5,2021,26,0.5676302,17.390587,9.871421,2021-07-14 13:00:00,0.5435652,0.024064958
2021-07-04,VASS,3,2021,26,0.7141874,28.155403,20.108232,2021-07-14 13:00:00,0.69728583,0.016901553
2021-07-04,EL,3,2021,26,0.7169743,8.920932,6.396079,2021-07-14 13:00:00,0.71787125,-0.0008969307
2021-07-04,VASS,2,2021,26,0.6398948,23.237715,14.869693,2021-07-14 13:00:00,0.63661045,0.0032843351
2021-07-04,EL,4,2021,26,0.7034589,21.079208,14.828358,2021-07-14 13:00:00,0.68079454,0.022664368
2021-07-11,NO,0,2021,27,0.67985827,87.43758,59.44516,2021-07-21 13:00:00,0.6610309,0.018827379
2021-07-11,VASS,3,2021,27,0.73661524,28.155403,20.739698,2021-07-21 13:00:00,0.7141874,0.022427857
2021-07-11,EL,3,2021,27,0.7220651,8.920932,6.441493,2021-07-21 13:00:00,0.7169059,0.0051591992
2021-07-11,VASS,2,2021,27,0.652142,23.237715,15.15429,2021-07-21 13:00:00,0.63987577,0.012266219
2021-07-11,EL,1,2021,27,0.77231723,6.0032635,4.636424,2021-07-21 13:00:00,0.7531209,0.019196332
2021-07-11,EL,5,2021,27,0.59332937,17.390587,10.318346,2021-07-21 13:00:00,0.5676302,0.025699198
2021-07-11,VASS,1,2021,27,0.65535426,36.044464,23.621895,2021-07-21 13:00:00,0.63505816,0.020296097
2021-07-11,EL,2,2021,27,0.66617477,34.04359,22.67898,2021-07-21 13:00:00,0.6534176,0.012757182
2021-07-11,EL,4,2021,27,0.7321038,21.079208,15.43217,2021-07-21 13:00:00,0.7034589,0.02864492
2021-07-18,NO,0,2021,28,0.68686306,87.43758,60.057644,2021-07-28 13:00:00,0.67985827,0.0070047975
2021-07-18,EL,4,2021,28,0.7610621,21.079208,16.042587,2021-07-28 13:00:00,0.7321038,0.028958261
2021-07-18,EL,3,2021,28,0.72181314,8.920932,6.4392457,2021-07-28 13:00:00,0.7221295,-0.00031638145
2021-07-18,EL,1,2021,28,0.77820283,6.0032635,4.6717567,2021-07-28 13:00:00,0.77231723,0.005885601
2021-07-18,EL,5,2021,28,0.6046867,17.390587,10.515856,2021-07-28 13:00:00,0.59332937,0.011357307
2021-07-18,VASS,1,2021,28,0.6565724,36.044464,23.6658,2021-07-28 13:00:00,0.65535426,0.0012181401
2021-07-18,VASS,2,2021,28,0.6513939,23.237715,15.136906,2021-07-28 13:00:00,0.65216464,-0.00077074766
2021-07-18,EL,2,2021,28,0.6598687,34.04359,22.4643,2021-07-28 13:00:00,0.66617477,-0.006306052
2021-07-18,VASS,3,2021,28,0.7580693,28.155403,21.343746,2021-07-28 13:00:00,0.73661524,0.021454036
2021-07-25,VASS,1,2021,29,0.646555,36.044464,23.30473,2021-08-04 13:00:00,0.6565182,-0.009963214
2021-07-25,EL,3,2021,29,0.7114614,8.920932,6.346899,2021-08-04 13:00:00,0.72181314,-0.0103517175
2021-07-25,EL,2,2021,29,0.64546627,34.04359,21.973988,2021-08-04 13:00:00,0.65992427,-0.014458001
2021-07-25,EL,5,2021,29,0.60130554,17.390587,10.457056,2021-08-04 13:00:00,0.6046867,-0.003381133
2021-07-25,VASS,3,2021,29,0.78053993,28.155403,21.976416,2021-08-04 13:00:00,0.7580693,0.022470653
2021-07-25,EL,1,2021,29,0.7695622,6.0032635,4.619885,2021-08-04 13:00:00,0.77820283,-0.008640647
2021-07-25,EL,4,2021,29,0.79416287,21.079208,16.740324,2021-08-04 13:00:00,0.7610621,0.033100784
2021-07-25,VASS,2,2021,29,0.6400733,23.237715,14.873841,2021-08-04 13:00:00,0.6513939,-0.011320591
2021-07-25,NO,0,2021,29,0.6866621,87.43758,60.04007,2021-08-04 13:00:00,0.68686306,-0.00020098686
2021-08-01,EL,4,2021,30,0.79764163,21.079208,16.813654,2021-08-11 13:00:00,0.79416287,0.0034787655
2021-08-01,EL,3,2021,30,0.7021945,8.920932,6.264229,2021-08-11 13:00:00,0.7114614,-0.009266913
2021-08-01,VASS,3,2021,30,0.7804223,28.155403,21.973103,2021-08-11 13:00:00,0.78053993,-0.00011765957
2021-08-01,NO,0,2021,30,0.69500494,87.43758,60.769547,2021-08-11 13:00:00,0.6866576,0.0083473325
2021-08-01,VASS,1,2021,30,0.6636779,36.044464,23.921913,2021-08-11 13:00:00,0.646555,0.017122865
2021-08-01,EL,1,2021,30,0.7996494,6.0032635,4.800506,2021-08-11 13:00:00,0.7695545,0.030094922
2021-08-01,EL,2,2021,30,0.65176886,34.04359,22.188553,2021-08-11 13:00:00,0.64546627,0.006302595
2021-08-01,EL,5,2021,30,0.6203426,17.390587,10.788121,2021-08-11 13:00:00,0.60130554,0.019037068
2021-08-01,VASS,2,2021,30,0.64440894,23.237715,14.974591,2021-08-11 13:00:00,0.64005303,0.0043559074
2021-08-08,VASS,1,2021,31,0.65937126,36.044464,23.766684,2021-08-18 13:00:00,0.6636779,-0.0043066144
2021-08-08,EL,5,2021,31,0.616544,17.390587,10.722061,2021-08-18 13:00:00,0.6204142,-0.0038701892
2021-08-08,EL,4,2021,31,0.79367256,21.079208,16.72999,2021-08-18 13:00:00,0.79764163,-0.0039690733
2021-08-08,VASS,2,2021,31,0.63071305,23.237715,14.65633,2021-08-18 13:00:00,0.64440894,-0.013695896
2021-08-08,EL,2,2021,31,0.64066255,34.04359,21.810453,2021-08-18 13:00:00,0.6517019,-0.011039376
2021-08-08,EL,1,2021,31,0.79977024,6.0032635,4.8012314,2021-08-18 13:00:00,0.799656,0.000114262104
2021-08-08,NO,0,2021,31,0.68718135,87.43758,60.085472,2021-08-18 13:00:00,0.69500494,-0.007823586
2021-08-08,VASS,3,2021,31,0.77284473,28.155403,21.759754,2021-08-18 13:00:00,0.7804223,-0.0075775385
2021-08-08,EL,3,2021,31,0.68419474,8.920932,6.1036544,2021-08-18 13:00:00,0.7021945,-0.017999768
2021-08-15,NO,0,2021,32,0.68278944,87.43758,59.701458,2021-08-25 13:00:00,0.68718135,-0.0043919086
2021-08-15,EL,3,2021,32,0.6840135,8.920932,6.1020374,2021-08-25 13:00:00,0.68419474,-0.00018125772
2021-08-15,VASS,2,2021,32,0.61883354,23.237715,14.380278,2021-08-25 13:00:00,0.63071305,-0.011879504
2021-08-15,EL,1,2021,32,0.7976499,6.0032635,4.7885027,2021-08-25 13:00:00,0.7997647,-0.0021147728
2021-08-15,VASS,1,2021,32,0.65485066,36.044464,23.603743,2021-08-25 13:00:00,0.65937126,-0.004520595
2021-08-15,VASS,3,2021,32,0.7750028,28.155403,21.820515,2021-08-25 13:00:00,0.77284473,0.0021580458
2021-08-15,EL,2,2021,32,0.6302626,34.04359,21.456402,2021-08-25 13:00:00,0.640678,-0.010415375
2021-08-15,EL,4,2021,32,0.7953818,21.079208,16.76602,2021-08-25 13:00:00,0.79367256,0.0017092228
2021-08-15,EL,5,2021,32,0.61394835,17.390587,10.676922,2021-08-25 13:00:00,0.6164727,-0.002524376
2021-08-22,VASS,1,2021,33,0.6449874,36.044464,23.248226,2021-09-01 13:00:00,0.65485066,-0.009863257
2021-08-22,VASS,3,2021,33,0.78147984,28.155403,22.002878,2021-09-01 13:00:00,0.7750028,0.006477058
2021-08-22,EL,1,2021,33,0.79942983,6.0032635,4.799188,2021-09-01 13:00:00,0.7976562,0.0017736554
2021-08-22,EL,4,2021,33,0.7947201,21.079208,16.752071,2021-09-01 13:00:00,0.7953818,-0.00066167116
2021-08-22,VASS,2,2021,33,0.60624415,23.237715,14.0877285,2021-09-01 13:00:00,0.61883354,-0.012589395
2021-08-22,EL,3,2021,33,0.70655495,8.920932,6.3031282,2021-09-01 13:00:00,0.6839415,0.022613466
2021-08-22,EL,5,2021,33,0.6119296,17.390587,10.641814,2021-09-01 13:00:00,0.61394835,-0.0020187497
2021-08-22,NO,0,2021,33,0.67730224,87.43758,59.22167,2021-09-01 13:00:00,0.68278944,-0.0054872036
2021-08-22,EL,2,2021,33,0.61200625,34.04359,20.83489,2021-09-01 13:00:00,0.6303231,-0.018316865
2021-08-29,NO,0,2021,34,0.66722864,87.43758,58.340855,2021-09-08 13:00:00,0.67730224,-0.010073602
2021-08-29,VASS,3,2021,34,0.78424656,28.155403,22.080778,2021-09-08 13:00:00,0.78147984,0.0027667284
2021-08-29,VASS,1,2021,34,0.62956,36.044464,22.692152,2021-09-08 13:00:00,0.6449874,-0.015427411
2021-08-29,EL,3,2021,34,0.7162606,8.920932,6.389712,2021-09-08 13:00:00,0.70661783,0.00964278
2021-08-29,EL,5,2021,34,0.6029211,17.390587,10.485151,2021-09-08 13:00:00,0.6119296,-0.009008467
2021-08-29,EL,2,2021,34,0.5914585,34.04359,20.13537,2021-09-08 13:00:00,0.61193347,-0.02047497
2021-08-29,EL,1,2021,34,0.78607,6.0032635,4.7189856,2021-09-08 13:00:00,0.79942983,-0.013359845
2021-08-29,VASS,2,2021,34,0.5896034,23.237715,13.701036,2021-09-08 13:00:00,0.60625875,-0.016655326
2021-08-29,EL,4,2021,34,0.794026,21.079208,16.73744,2021-09-08 13:00:00,0.7947201,-0.0006940961
2021-09-05,EL,3,2021,35,0.7184985,8.920932,6.409676,2021-09-15 13:00:00,0.7162058,0.0022927523
2021-09-05,NO,0,2021,35,0.65574545,87.43758,57.336792,2021-09-15 13:00:00,0.66723543,-0.011489987
2021-09-05,VASS,3,2021,35,0.79241955,28.155403,22.31089,2021-09-15 13:00:00,0.78424656,0.008172989
2021-09-05,EL,1,2021,35,0.76157504,6.0032635,4.5719357,2021-09-15 13:00:00,0.78607,-0.024494946
2021-09-05,EL,4,2021,35,0.80323213,21.079208,16.931498,2021-09-15 13:00:00,0.794026,0.009206116
2021-09-05,VASS,2,2021,35,0.57670176,23.237715,13.401232,2021-09-15 13:00:00,0.5895913,-0.012889564
2021-09-05,EL,2,2021,35,0.57208574,34.04359,19.475851,2021-09-15 13:00:00,0.5915354,-0.019449651
2021-09-05,EL,5,2021,35,0.58068675,17.390587,10.098482,2021-09-15 13:00:00,0.6029211,-0.02223438
2021-09-05,VASS,1,2021,35,0.60445315,36.044464,21.78719,2021-09-15 13:00:00,0.62960774,-0.02515459
2021-09-12,VASS,2,2021,36,0.5726872,23.237715,13.307942,2021-09-22 13:00:00,0.5767157,-0.004028499
2021-09-12,NO,0,2021,36,0.6496429,87.43758,56.8032,2021-09-22 13:00:00,0.65574545,-0.006102562
2021-09-12,VASS,3,2021,36,0.8053868,28.155403,22.67599,2021-09-22 13:00:00,0.79241955,0.012967229
2021-09-12,EL,2,2021,36,0.55408883,34.04359,18.863174,2021-09-22 13:00:00,0.57208574,-0.017996907
2021-09-12,VASS,1,2021,36,0.5828907,36.044464,21.009983,2021-09-22 13:00:00,0.6044069,-0.021516204
2021-09-12,EL,1,2021,36,0.7379435,6.0032635,4.4300694,2021-09-22 13:00:00,0.76157504,-0.023631573
2021-09-12,EL,4,2021,36,0.81654274,21.079208,17.212074,2021-09-22 13:00:00,0.80323213,0.013310611
2021-09-12,EL,5,2021,36,0.57204837,17.390587,9.948256,2021-09-22 13:00:00,0.58068675,-0.008638382
2021-09-12,EL,3,2021,36,0.7314973,8.920932,6.525637,2021-09-22 13:00:00,0.7184985,0.01299876
2021-09-19,EL,1,2021,37,0.72098565,6.0032635,4.328267,2021-09-29 13:00:00,0.7379435,-0.01695782
2021-09-19,EL,4,2021,37,0.8077766,21.079208,17.02729,2021-09-29 13:00:00,0.81654274,-0.008766174
2021-09-19,EL,3,2021,37,0.71470475,8.920932,6.375832,2021-09-29 13:00:00,0.7314973,-0.016792536
2021-09-19,VASS,2,2021,37,0.5520336,23.237715,12.827999,2021-09-29 13:00:00,0.5726743,-0.020640671
2021-09-19,VASS,1,2021,37,0.562788,36.044464,20.285393,2021-09-29 13:00:00,0.58288795,-0.020099938
2021-09-19,NO,0,2021,37,0.63237196,87.43758,55.293076,2021-09-29 13:00:00,0.6496291,-0.017257154
2021-09-19,VASS,3,2021,37,0.79485625,28.155403,22.379498,2021-09-29 13:00:00,0.8053868,-0.010530531
2021-09-19,EL,5,2021,37,0.55553997,17.390587,9.661165,2021-09-29 13:00:00,0.57204837,-0.0165084
2021-09-19,EL,2,2021,37,0.53122497,34.04359,18.084805,2021-09-29 13:00:00,0.55408883,-0.022863865
2021-09-26,VASS,2,2021,38,0.56180435,23.237715,13.05505,2021-10-06 13:00:00,0.552049,0.009755373
2021-09-26,EL,2,2021,38,0.5225677,34.04359,17.790081,2021-10-06 13:00:00,0.53122497,-0.008657277
2021-09-26,VASS,1,2021,38,0.5520822,36.044464,19.899506,2021-10-06 13:00:00,0.56283677,-0.010754585
2021-09-26,VASS,3,2021,38,0.79098094,28.155403,22.270388,2021-10-06 13:00:00,0.79485625,-0.0038753152
2021-09-26,EL,1,2021,38,0.70742756,6.0032635,4.246874,2021-10-06 13:00:00,0.72098565,-0.01355809
2021-09-26,EL,3,2021,38,0.715253,8.920932,6.380723,2021-10-06 13:00:00,0.7147267,0.000526309
2021-09-26,NO,0,2021,38,0.62923574,87.43758,55.01885,2021-10-06 13:00:00,0.63238555,-0.0031498075
2021-09-26,EL,4,2021,38,0.80608356,21.079208,16.991604,2021-10-06 13:00:00,0.8077766,-0.0016930103
2021-09-26,EL,5,2021,38,0.56334716,17.390587,9.796938,2021-10-06 13:00:00,0.5556049,0.0077422857
2021-10-03,EL,4,2021,39,0.80818105,21.079208,17.035816,2021-10-13 13:00:00,0.80608356,0.0020974874
2021-10-03,EL,5,2021,39,0.58823776,17.390587,10.2298,2021-10-13 13:00:00,0.56334716,0.024890602
2021-10-03,VASS,2,2021,39,0.5747116,23.237715,13.354984,2021-10-13 13:00:00,0.5617984,0.012913227
2021-10-03,EL,3,2021,39,0.7088713,8.920932,6.3237925,2021-10-13 13:00:00,0.71519923,-0.006327927
2021-10-03,VASS,1,2021,39,0.59106225,36.044464,21.304522,2021-10-13 13:00:00,0.5520822,0.038980067
2021-10-03,EL,2,2021,39,0.54965895,34.04359,18.712364,2021-10-13 13:00:00,0.52248836,0.027170599
2021-10-03,VASS,3,2021,39,0.7893808,28.155403,22.225334,2021-10-13 13:00:00,0.79098094,-0.0016001463
2021-10-03,EL,1,2021,39,0.7611927,6.0032635,4.56964,2021-10-13 13:00:00,0.70742756,0.053765118
2021-10-03,NO,0,2021,39,0.64860314,87.43758,56.712288,2021-10-13 13:00:00,0.6292288,0.01937437
2021-10-10,VASS,2,2021,40,0.5893638,23.237715,13.695468,2021-10-20 13:00:00,0.57472396,0.014639854
2021-10-10,NO,0,2021,40,0.66566086,87.43758,58.203773,2021-10-20 13:00:00,0.64860314,0.017057717
2021-10-10,EL,1,2021,40,0.8081299,6.0032635,4.851417,2021-10-20 13:00:00,0.7611927,0.046937227
2021-10-10,VASS,1,2021,40,0.6170599,36.044464,22.241594,2021-10-20 13:00:00,0.59106225,0.025997639
2021-10-10,EL,3,2021,40,0.7121793,8.920932,6.353303,2021-10-20 13:00:00,0.7089187,0.0032606125
2021-10-10,EL,2,2021,40,0.5636759,34.04359,19.18955,2021-10-20 13:00:00,0.54965895,0.014016926
2021-10-10,EL,4,2021,40,0.8213044,21.079208,17.312447,2021-10-20 13:00:00,0.80818105,0.013123333
2021-10-10,EL,5,2021,40,0.61223006,17.390587,10.647039,2021-10-20 13:00:00,0.58823776,0.0239923
2021-10-10,VASS,3,2021,40,0.79640335,28.155403,22.423058,2021-10-20 13:00:00,0.7893808,0.0070225596
2021-10-17,VASS,3,2021,41,0.80941826,28.155403,22.789495,2021-10-27 13:00:00,0.79640335,0.013014913
2021-10-17,EL,5,2021,41,0.6272465,17.390587,10.908185,2021-10-27 13:00:00,0.612159,0.015087485
2021-10-17,EL,4,2021,41,0.8290602,21.079208,17.475933,2021-10-27 13:00:00,0.8213044,0.007755816
2021-10-17,EL,2,2021,41,0.5676948,34.04359,19.326368,2021-10-27 13:00:00,0.5637297,0.00396508
2021-10-17,NO,0,2021,41,0.6750927,87.43758,59.02847,2021-10-27 13:00:00,0.66566086,0.009431839
2021-10-17,EL,1,2021,41,0.8030692,6.0032635,4.8210363,2021-10-27 13:00:00,0.8081299,-0.0050607324
2021-10-17,VASS,1,2021,41,0.6199576,36.044464,22.34604,2021-10-27 13:00:00,0.6170599,0.0028977394
2021-10-17,VASS,2,2021,41,0.6050055,23.237715,14.058946,2021-10-27 13:00:00,0.58940953,0.015595973
2021-10-17,EL,3,2021,41,0.746566,8.920932,6.660064,2021-10-27 13:00:00,0.7121793,0.034386694
2021-10-24,EL,2,2021,42,0.57648844,34.04359,19.625736,2021-11-03 13:00:00,0.5676948,0.008793652
2021-10-24,VASS,3,2021,42,0.8116187,28.155403,22.851452,2021-11-03 13:00:00,0.80941826,0.0022004247
2021-10-24,EL,4,2021,42,0.8238329,21.079208,17.365746,2021-11-03 13:00:00,0.8290602,-0.0052272677
2021-10-24,NO,0,2021,42,0.6832935,87.43758,59.745533,2021-11-03 13:00:00,0.6750927,0.008200824
2021-10-24,EL,5,2021,42,0.6440458,17.390587,11.200334,2021-11-03 13:00:00,0.6272465,0.01679933
2021-10-24,VASS,1,2021,42,0.626601,36.044464,22.585497,2021-11-03 13:00:00,0.6199098,0.006691158
2021-10-24,EL,1,2021,42,0.7997784,6.0032635,4.801281,2021-11-03 13:00:00,0.8030692,-0.0032907724
2021-10-24,EL,3,2021,42,0.7752745,8.920932,6.916171,2021-11-03 13:00:00,0.746566,0.028708518
2021-10-24,VASS,2,2021,42,0.6225924,23.237715,14.467624,2021-11-03 13:00:00,0.604947,0.017645419
2021-10-31,EL,3,2021,43,0.8201752,8.920932,7.3167267,2021-11-10 13:00:00,0.7752745,0.044900656
2021-10-31,VASS,2,2021,43,0.6686772,23.237715,15.53853,2021-11-10 13:00:00,0.6225924,0.04608482
2021-10-31,VASS,1,2021,43,0.66028965,36.044464,23.799788,2021-11-10 13:00:00,0.626601,0.033688664
2021-10-31,EL,2,2021,43,0.6164039,34.04359,20.984602,2021-11-10 13:00:00,0.5764162,0.039987683
2021-10-31,EL,4,2021,43,0.8313759,21.079208,17.524746,2021-11-10 13:00:00,0.8238329,0.007542968
2021-10-31,VASS,3,2021,43,0.82693684,28.155403,23.28274,2021-11-10 13:00:00,0.8116187,0.015318155
2021-10-31,EL,5,2021,43,0.68644017,17.390587,11.937596,2021-11-10 13:00:00,0.64412045,0.042319715
2021-10-31,EL,1,2021,43,0.8105431,6.0032635,4.8659043,2021-11-10 13:00:00,0.7997784,0.010764718
2021-10-31,NO,0,2021,43,0.7145368,87.43758,62.477367,2021-11-10 13:00:00,0.68328995,0.031246841
2021-11-07,EL,3,2021,44,0.8133519,8.920932,7.255857,2021-11-17 13:00:00,0.8201752,-0.0068232417
2021-11-07,VASS,2,2021,44,0.66163224,23.237715,15.374822,2021-11-17 13:00:00,0.6686697,-0.007037461
2021-11-07,EL,4,2021,44,0.82833034,21.079208,17.460548,2021-11-17 13:00:00,0.8313759,-0.003045559
2021-11-07,EL,1,2021,44,0.82688236,6.0032635,4.9639926,2021-11-17 13:00:00,0.8105431,0.016339242
2021-11-07,EL,5,2021,44,0.68449694,17.390587,11.903803,2021-11-17 13:00:00,0.68636096,-0.001864016
2021-11-07,VASS,3,2021,44,0.8240733,28.155403,23.202116,2021-11-17 13:00:00,0.82693684,-0.0028635263
2021-11-07,EL,2,2021,44,0.6387988,34.04359,21.747004,2021-11-17 13:00:00,0.6164039,0.022394896
2021-11-07,NO,0,2021,44,0.72277987,87.43758,63.19812,2021-11-17 13:00:00,0.7145418,0.008238077
2021-11-07,VASS,1,2021,44,0.68636036,36.044464,24.739492,2021-11-17 13:00:00,0.66028965,0.026070714
2021-11-14,EL,2,2021,45,0.6335756,34.04359,21.56919,2021-11-24 13:00:00,0.63883626,-0.0052606463
2021-11-14,VASS,1,2021,45,0.6778845,36.044464,24.433985,2021-11-24 13:00:00,0.68636036,-0.00847584
2021-11-14,EL,3,2021,45,0.79838413,8.920932,7.12233,2021-11-24 13:00:00,0.8133519,-0.014967799
2021-11-14,EL,5,2021,45,0.668875,17.390587,11.632128,2021-11-24 13:00:00,0.68449694,-0.01562196
2021-11-14,EL,4,2021,45,0.8217135,21.079208,17.32107,2021-11-24 13:00:00,0.82833034,-0.006616831
2021-11-14,VASS,2,2021,45,0.647682,23.237715,15.05065,2021-11-24 13:00:00,0.66164285,-0.013960838
2021-11-14,NO,0,2021,45,0.7128297,87.43758,62.328102,2021-11-24 13:00:00,0.72277987,-0.009950161
2021-11-14,EL,1,2021,45,0.802464,6.0032635,4.817403,2021-11-24 13:00:00,0.82688236,-0.024418354
2021-11-14,VASS,3,2021,45,0.81554526,28.155403,22.962006,2021-11-24 13:00:00,0.8240733,-0.008528054
2021-11-21,NO,0,2021,46,0.71152014,87.43758,62.213596,2021-12-01 13:00:00,0.7128297,-0.0013095737
2021-11-21,EL,2,2021,46,0.6371566,34.04359,21.691097,2021-12-01 13:00:00,0.633533,0.0036236048
2021-11-21,VASS,1,2021,46,0.6742496,36.044464,24.302965,2021-12-01 13:00:00,0.6778827,-0.003633082
2021-11-21,EL,4,2021,46,0.81619936,21.079208,17.204838,2021-12-01 13:00:00,0.8217135,-0.005514145
2021-11-21,EL,3,2021,46,0.7987751,8.920932,7.125818,2021-12-01 13:00:00,0.79838413,0.00039094687
2021-11-21,EL,5,2021,46,0.6678384,17.390587,11.6141,2021-12-01 13:00:00,0.668875,-0.0010365844
2021-11-21,VASS,2,2021,46,0.6546951,23.237715,15.213618,2021-12-01 13:00:00,0.6476741,0.00702101
2021-11-21,EL,1,2021,46,0.7842232,6.0032635,4.7078986,2021-12-01 13:00:00,0.802464,-0.01824081
2021-11-21,VASS,3,2021,46,0.81027365,28.155403,22.81358,2021-12-01 13:00:00,0.81554526,-0.0052716136
2021-11-28,EL,2,2021,47,0.6157896,34.04359,20.963688,2021-12-08 13:00:00,0.6371566,-0.021367013
2021-11-28,EL,4,2021,47,0.7999468,21.079208,16.862246,2021-12-08 13:00:00,0.8161941,-0.016247332
2021-11-28,VASS,1,2021,47,0.64622647,36.044464,23.292887,2021-12-08 13:00:00,0.6742614,-0.028034925
2021-11-28,EL,3,2021,47,0.7756215,8.920932,6.919266,2021-12-08 13:00:00,0.7987751,-0.023153603
2021-11-28,VASS,3,2021,47,0.79319376,28.155403,22.33269,2021-12-08 13:00:00,0.81027365,-0.01707989
2021-11-28,EL,1,2021,47,0.7429653,6.0032635,4.4602165,2021-12-08 13:00:00,0.7842232,-0.041257918
2021-11-28,NO,0,2021,47,0.688839,87.43758,60.230415,2021-12-08 13:00:00,0.7115164,-0.022677362
2021-11-28,EL,5,2021,47,0.6417104,17.390587,11.159719,2021-12-08 13:00:00,0.6678384,-0.026127994
2021-11-28,VASS,2,2021,47,0.63394934,23.237715,14.731534,2021-12-08 13:00:00,0.6546951,-0.020745754
2021-12-05,VASS,2,2021,48,0.59781533,23.237715,13.891862,2021-12-15 13:00:00,0.63394934,-0.036134005
2021-12-05,EL,1,2021,48,0.69429326,6.0032635,4.1680255,2021-12-15 13:00:00,0.7429653,-0.04867202
2021-12-05,EL,2,2021,48,0.58474475,34.04359,19.90681,2021-12-15 13:00:00,0.6157846,-0.031039834
2021-12-05,NO,0,2021,48,0.65549576,87.43758,57.31496,2021-12-15 13:00:00,0.68884206,-0.033346295
2021-12-05,EL,4,2021,48,0.7770724,21.079208,16.380072,2021-12-15 13:00:00,0.7999518,-0.022879362
2021-12-05,VASS,3,2021,48,0.76507354,28.155403,21.540953,2021-12-15 13:00:00,0.79319376,-0.02812022
2021-12-05,VASS,1,2021,48,0.61073416,36.044464,22.013586,2021-12-15 13:00:00,0.6462023,-0.03546816
2021-12-05,EL,5,2021,48,0.603581,17.390587,10.496628,2021-12-15 13:00:00,0.6417104,-0.03812939
2021-12-05,EL,3,2021,48,0.72830635,8.920932,6.4971714,2021-12-15 13:00:00,0.7756215,-0.04731512
2021-12-12,VASS,1,2021,49,0.5697877,36.044464,20.537691,2021-12-22 13:00:00,0.61073416,-0.040946484
2021-12-12,EL,3,2021,49,0.68015015,8.920932,6.067573,2021-12-22 13:00:00,0.72830635,-0.0481562
2021-12-12,VASS,2,2021,49,0.5590965,23.237715,12.992125,2021-12-22 13:00:00,0.5978169,-0.03872037
2021-12-12,NO,0,2021,49,0.6191363,87.43758,54.135777,2021-12-22 13:00:00,0.65549576,-0.03635949
2021-12-12,EL,1,2021,49,0.6442035,6.0032635,3.8673234,2021-12-22 13:00:00,0.69429326,-0.050089777
2021-12-12,EL,4,2021,49,0.7544461,21.079208,15.903127,2021-12-22 13:00:00,0.77706724,-0.022621155
2021-12-12,EL,2,2021,49,0.5484867,34.04359,18.672457,2021-12-22 13:00:00,0.5847662,-0.0362795
2021-12-12,EL,5,2021,49,0.5614137,17.390587,9.763313,2021-12-22 13:00:00,0.603581,-0.042167306
2021-12-12,VASS,3,2021,49,0.73691225,28.155403,20.74806,2021-12-22 13:00:00,0.76507354,-0.028161287
2021-12-19,EL,5,2021,50,0.54601985,17.390587,9.495605,2021-12-29 13:00:00,0.5614791,-0.0154592395
2021-12-19,NO,0,2021,50,0.6061413,87.43758,52.99953,2021-12-29 13:00:00,0.6191334,-0.012992084
2021-12-19,VASS,1,2021,50,0.5480459,36.044464,19.754019,2021-12-29 13:00:00,0.5697877,-0.021741807
2021-12-19,VASS,3,2021,50,0.73071975,28.155403,20.57371,2021-12-29 13:00:00,0.73691225,-0.0061925054
2021-12-19,EL,1,2021,50,0.6062862,6.0032635,3.6396961,2021-12-29 13:00:00,0.6442035,-0.037917256
2021-12-19,EL,3,2021,50,0.6795026,8.920932,6.061796,2021-12-29 13:00:00,0.68015015,-0.00064754486
2021-12-19,EL,4,2021,50,0.7461673,21.079208,15.728616,2021-12-29 13:00:00,0.7544516,-0.008284271
2021-12-19,VASS,2,2021,50,0.55200195,23.237715,12.827264,2021-12-29 13:00:00,0.5590953,-0.00709337
2021-12-19,EL,2,2021,50,0.5352978,34.04359,18.22346,2021-12-29 13:00:00,0.5484867,-0.013188899
2021-12-26,VASS,2,2021,51,0.5188196,23.237715,12.056182,2022-01-05 13:00:00,0.55200195,-0.033182383
2021-12-26,VASS,1,2021,51,0.51333934,36.044464,18.50304,2022-01-05 13:00:00,0.5480459,-0.034706533
2021-12-26,EL,3,2021,51,0.6554755,8.920932,5.847452,2022-01-05 13:00:00,0.6795026,-0.02402711
2021-12-26,EL,1,2021,51,0.56609905,6.0032635,3.3984418,2022-01-05 13:00:00,0.6062862,-0.04018718
2021-12-26,EL,2,2021,51,0.5035946,34.04359,17.144169,2022-01-05 13:00:00,0.53525275,-0.031658173
2021-12-26,EL,4,2021,51,0.72347414,21.079208,15.250262,2022-01-05 13:00:00,0.7461673,-0.022693157
2021-12-26,NO,0,2021,51,0.5758256,87.43758,50.348793,2022-01-05 13:00:00,0.6061044,-0.030278802
2021-12-26,EL,5,2021,51,0.50992393,17.390587,8.867876,2022-01-05 13:00:00,0.5459564,-0.03603244
2021-12-26,VASS,3,2021,51,0.7089034,28.155403,19.95946,2022-01-05 13:00:00,0.73071975,-0.021816373
2022-01-02,EL,5,2021,52,0.49824017,17.390587,8.664688,2022-01-12 13:00:00,0.50992393,-0.011683762
2022-01-02,EL,1,2021,52,0.5385322,6.0032635,3.2329507,2022-01-12 13:00:00,0.56609905,-0.02756685
2022-01-02,EL,3,2021,52,0.6183885,8.920932,5.516601,2022-01-12 13:00:00,0.6554755,-0.037087023
2022-01-02,NO,0,2021,52,0.5587489,87.43758,48.85565,2022-01-12 13:00:00,0.5758256,-0.017076671
2022-01-02,VASS,3,2021,52,0.67913854,28.155403,19.121418,2022-01-12 13:00:00,0.7089034,-0.029764831
2022-01-02,EL,2,2021,52,0.4964804,34.04359,16.901974,2022-01-12 13:00:00,0.5035946,-0.007114172
2022-01-02,VASS,2,2021,52,0.51393217,23.237715,11.94261,2022-01-12 13:00:00,0.5188196,-0.004887402
2022-01-02,EL,4,2021,52,0.6963996,21.079208,14.679554,2022-01-12 13:00:00,0.72347414,-0.027074516
2022-01-02,VASS,1,2021,52,0.49803194,36.044464,17.951296,2022-01-12 13:00:00,0.5133945,-0.015362531
2022-01-09,VASS,1,2022,1,0.4682189,36.044464,16.8767,2022-01-19 13:00:00,0.49796858,-0.029749691
2022-01-09,EL,4,2022,1,0.66764873,21.079208,14.073507,2022-01-19 13:00:00,0.696394,-0.028745294
2022-01-09,NO,0,2022,1,0.53052855,87.43758,46.388134,2022-01-19 13:00:00,0.55879,-0.028261483
2022-01-09,VASS,2,2022,1,0.49251047,23.237715,11.444818,2022-01-19 13:00:00,0.51393217,-0.0214217
2022-01-09,EL,1,2022,1,0.49582058,6.0032635,2.9765418,2022-01-19 13:00:00,0.5385322,-0.042711616
2022-01-09,EL,5,2022,1,0.46654963,17.390587,8.113571,2022-01-19 13:00:00,0.4982973,-0.03174767
2022-01-09,EL,3,2022,1,0.5761826,8.920932,5.140085,2022-01-19 13:00:00,0.6183885,-0.04220587
2022-01-09,VASS,3,2022,1,0.6470635,28.155403,18.218334,2022-01-19 13:00:00,0.67913854,-0.032075047
2022-01-09,EL,2,2022,1,0.47624326,34.04359,16.21303,2022-01-19 13:00:00,0.4964804,-0.020237148
2022-01-16,EL,3,2022,2,0.590591,8.920932,5.268622,2022-01-26 13:00:00,0.5761826,0.01440841
2022-01-16,VASS,1,2022,2,0.44750178,36.044464,16.129961,2022-01-26 13:00:00,0.4682189,-0.020717114
2022-01-16,VASS,2,2022,2,0.49074885,23.237715,11.403882,2022-01-26 13:00:00,0.49251047,-0.0017616153
2022-01-16,EL,1,2022,2,0.46320647,6.0032635,2.7807505,2022-01-26 13:00:00,0.49582058,-0.032614112
2022-01-16,VASS,3,2022,2,0.6383328,28.155403,17.972515,2022-01-26 13:00:00,0.6470635,-0.00873071
2022-01-16,EL,2,2022,2,0.46434295,34.04359,15.807901,2022-01-26 13:00:00,0.47624326,-0.011900306
2022-01-16,EL,4,2022,2,0.65322655,21.079208,13.769499,2022-01-26 13:00:00,0.6676544,-0.014427841
2022-01-16,EL,5,2022,2,0.45184425,17.390587,7.857836,2022-01-26 13:00:00,0.46649614,-0.014651895
2022-01-16,NO,0,2022,2,0.51854825,87.43758,45.340603,2022-01-26 13:00:00,0.5304869,-0.011938632
2022-01-23,EL,2,2022,3,0.44188675,34.04359,15.043411,2022-02-02 13:00:00,0.46434295,-0.022456199
2022-01-23,VASS,2,2022,3,0.47203335,23.237715,10.968977,2022-02-02 13:00:00,0.49074885,-0.0187155
2022-01-23,EL,1,2022,3,0.4298543,6.0032635,2.5805287,2022-02-02 13:00:00,0.46320647,-0.033352166
2022-01-23,VASS,1,2022,3,0.4210002,36.044464,15.174727,2022-02-02 13:00:00,0.44750178,-0.026501566
2022-01-23,NO,0,2022,3,0.5012415,87.43758,43.827343,2022-02-02 13:00:00,0.51858115,-0.017339647
2022-01-23,EL,5,2022,3,0.4284204,17.390587,7.450482,2022-02-02 13:00:00,0.45189634,-0.023475945
2022-01-23,EL,4,2022,3,0.6505032,21.079208,13.712093,2022-02-02 13:00:00,0.65322655,-0.0027233362
2022-01-23,EL,3,2022,3,0.5828239,8.920932,5.199332,2022-02-02 13:00:00,0.590591,-0.007767141
2022-01-23,VASS,3,2022,3,0.6345607,28.155403,17.866312,2022-02-02 13:00:00,0.6383328,-0.00377208
2022-01-30,EL,3,2022,4,0.5625199,8.920932,5.018202,2022-02-09 13:00:00,0.5828239,-0.020303965
2022-01-30,EL,4,2022,4,0.63770473,21.079208,13.442311,2022-02-09 13:00:00,0.6505032,-0.012798488
2022-01-30,EL,2,2022,4,0.43422124,34.04359,14.78245,2022-02-09 13:00:00,0.44188675,-0.007665515
2022-01-30,VASS,3,2022,4,0.61938053,28.155403,17.438908,2022-02-09 13:00:00,0.6345607,-0.015180171
2022-01-30,VASS,1,2022,4,0.40541443,36.044464,14.6129465,2022-02-09 13:00:00,0.4210002,-0.01558578
2022-01-30,NO,0,2022,4,0.48832208,87.43758,42.6977,2022-02-09 13:00:00,0.5012094,-0.012887299
2022-01-30,VASS,2,2022,4,0.46612456,23.237715,10.83167,2022-02-09 13:00:00,0.47203335,-0.0059087873
2022-01-30,EL,1,2022,4,0.40161353,6.0032635,2.410992,2022-02-09 13:00:00,0.4298543,-0.02824077
2022-01-30,EL,5,2022,4,0.41404912,17.390587,7.2005568,2022-02-09 13:00:00,0.4284204,-0.014371276
2022-02-06,VASS,2,2022,5,0.44939587,23.237715,10.442933,2022-02-16 13:00:00,0.46616516,-0.01676929
2022-02-06,VASS,3,2022,5,0.5932841,28.155403,16.704153,2022-02-16 13:00:00,0.61938053,-0.026096463
2022-02-06,EL,5,2022,5,0.389441,17.390587,6.7726073,2022-02-16 13:00:00,0.41404912,-0.024608105
2022-02-06,EL,2,2022,5,0.42001426,34.04359,14.298793,2022-02-16 13:00:00,0.43422124,-0.014206976
2022-02-06,EL,4,2022,5,0.614427,21.079208,12.951634,2022-02-16 13:00:00,0.63770473,-0.02327776
2022-02-06,EL,1,2022,5,0.3645297,6.0032635,2.1883678,2022-02-16 13:00:00,0.40161353,-0.037083834
2022-02-06,VASS,1,2022,5,0.38291445,36.044464,13.801947,2022-02-16 13:00:00,0.40541443,-0.022499979
2022-02-06,EL,3,2022,5,0.527066,8.920932,4.70192,2022-02-16 13:00:00,0.5625199,-0.035453916
2022-02-06,NO,0,2022,5,0.46622312,87.43758,40.765423,2022-02-16 13:00:00,0.48832208,-0.022098958
2022-02-13,VASS,3,2022,6,0.57149994,28.155403,16.09081,2022-02-23 13:00:00,0.5932841,-0.021784127
2022-02-13,EL,4,2022,6,0.59523255,21.079208,12.547031,2022-02-23 13:00:00,0.614427,-0.019194424
2022-02-13,EL,5,2022,6,0.3676254,17.390587,6.393221,2022-02-23 13:00:00,0.389441,-0.021815628
2022-02-13,NO,0,2022,6,0.44680217,87.43758,39.0673,2022-02-23 13:00:00,0.46626493,-0.019462764
2022-02-13,EL,2,2022,6,0.4063342,34.04359,13.833075,2022-02-23 13:00:00,0.4200817,-0.013747513
2022-02-13,VASS,1,2022,6,0.36203894,36.044464,13.0495,2022-02-23 13:00:00,0.38291445,-0.020875514
2022-02-13,EL,1,2022,6,0.3332993,6.0032635,2.0008836,2022-02-23 13:00:00,0.3645297,-0.03123039
2022-02-13,EL,3,2022,6,0.4969633,8.920932,4.4333754,2022-02-23 13:00:00,0.527066,-0.0301027
2022-02-13,VASS,2,2022,6,0.4349012,23.237715,10.106111,2022-02-23 13:00:00,0.44939587,-0.0144946575
2022-02-20,EL,1,2022,7,0.30507508,6.0032635,1.8314462,2022-03-02 13:00:00,0.3332993,-0.02822423
2022-02-20,EL,3,2022,7,0.45827144,8.920932,4.088208,2022-03-02 13:00:00,0.4969633,-0.03869185
2022-02-20,NO,0,2022,7,0.42554364,87.43758,37.208504,2022-03-02 13:00:00,0.4467602,-0.021216571
2022-02-20,VASS,3,2022,7,0.5417168,28.155403,15.2522545,2022-03-02 13:00:00,0.57149994,-0.02978313
2022-02-20,EL,2,2022,7,0.3953242,34.04359,13.458255,2022-03-02 13:00:00,0.4063342,-0.011009991
2022-02-20,EL,4,2022,7,0.5676839,21.079208,11.966327,2022-03-02 13:00:00,0.59523255,-0.02754867
2022-02-20,VASS,1,2022,7,0.34441793,36.044464,12.41436,2022-03-02 13:00:00,0.36210576,-0.017687827
2022-02-20,VASS,2,2022,7,0.4180501,23.237715,9.714529,2022-03-02 13:00:00,0.43482524,-0.016775131
2022-02-20,EL,5,2022,7,0.34461224,17.390587,5.9930086,2022-03-02 13:00:00,0.3676254,-0.023013145
2022-02-27,EL,4,2022,8,0.54616475,21.079208,11.512721,2022-03-09 13:00:00,0.5676839,-0.021519125
2022-02-27,EL,2,2022,8,0.37460577,34.04359,12.752926,2022-03-09 13:00:00,0.39526132,-0.020655543
2022-02-27,EL,5,2022,8,0.3099249,17.390587,5.3897753,2022-03-09 13:00:00,0.34461224,-0.03468734
2022-02-27,EL,1,2022,8,0.26713008,6.0032635,1.6036524,2022-03-09 13:00:00,0.30507508,-0.037945002
2022-02-27,VASS,3,2022,8,0.5171052,28.155403,14.559305,2022-03-09 13:00:00,0.5417168,-0.024611592
2022-02-27,EL,3,2022,8,0.42392972,8.920932,3.7818482,2022-03-09 13:00:00,0.45827144,-0.034341723
2022-02-27,VASS,1,2022,8,0.31572524,36.044464,11.380148,2022-03-09 13:00:00,0.34441793,-0.028692693
2022-02-27,VASS,2,2022,8,0.3939199,23.237715,9.153798,2022-03-09 13:00:00,0.41812432,-0.024204433
2022-02-27,NO,0,2022,8,0.39934772,87.43758,34.917995,2022-03-09 13:00:00,0.42557058,-0.026222855
2022-03-06,VASS,2,2022,9,0.35883224,23.237715,8.338442,2022-03-16 13:00:00,0.39388558,-0.035053343
2022-03-06,EL,3,2022,9,0.39520735,8.920932,3.5256176,2022-03-16 13:00:00,0.42392972,-0.028722376
2022-03-06,EL,1,2022,9,0.22492559,6.0032635,1.3502876,2022-03-16 13:00:00,0.26713008,-0.042204484
2022-03-06,EL,5,2022,9,0.2697898,17.390587,4.691802,2022-03-16 13:00:00,0.3099249,-0.040135115
2022-03-06,EL,2,2022,9,0.34083667,34.04359,11.603304,2022-03-16 13:00:00,0.3746657,-0.033829033
2022-03-06,VASS,1,2022,9,0.278398,36.044464,10.034707,2022-03-16 13:00:00,0.31572524,-0.03732723
2022-03-06,NO,0,2022,9,0.3675407,87.43758,32.136868,2022-03-16 13:00:00,0.39934772,-0.031807035
2022-03-06,VASS,3,2022,9,0.49551883,28.155403,13.951532,2022-03-16 13:00:00,0.5171052,-0.021586388
2022-03-06,EL,4,2022,9,0.52666706,21.079208,11.101725,2022-03-16 13:00:00,0.54616475,-0.019497693
2022-03-13,NO,0,2022,10,0.33964655,87.43758,29.69787,2022-03-23 13:00:00,0.3675561,-0.027909547
2022-03-13,EL,5,2022,10,0.24133265,17.390587,4.196916,2022-03-23 13:00:00,0.2697898,-0.028457135
2022-03-13,VASS,1,2022,10,0.25003564,36.044464,9.012402,2022-03-23 13:00:00,0.278398,-0.028362364
2022-03-13,EL,4,2022,10,0.50551856,21.079208,10.655931,2022-03-23 13:00:00,0.52666706,-0.021148503
2022-03-13,EL,1,2022,10,0.18990709,6.0032635,1.1400623,2022-03-23 13:00:00,0.22492559,-0.035018504
2022-03-13,EL,2,2022,10,0.3118162,34.04359,10.615343,2022-03-23 13:00:00,0.3407821,-0.02896592
2022-03-13,VASS,2,2022,10,0.32714918,23.237715,7.602199,2022-03-23 13:00:00,0.35883224,-0.031683058
2022-03-13,EL,3,2022,10,0.36143836,8.920932,3.224367,2022-03-23 13:00:00,0.39520735,-0.03376898
2022-03-13,VASS,3,2022,10,0.47143534,28.155403,13.273451,2022-03-23 13:00:00,0.49551883,-0.024083495
2022-03-20,VASS,3,2022,11,0.45037177,28.155403,12.680398,2022-03-30 13:00:00,0.47143534,-0.021063566
2022-03-20,VASS,1,2022,11,0.2207942,36.044464,7.958409,2022-03-30 13:00:00,0.25003564,-0.029241443
2022-03-20,NO,0,2022,11,0.31194127,87.43758,27.275389,2022-03-30 13:00:00,0.3396113,-0.027670026
2022-03-20,EL,5,2022,11,0.21242082,17.390587,3.6941226,2022-03-30 13:00:00,0.24133265,-0.028911829
2022-03-20,EL,4,2022,11,0.4878314,21.079208,10.2831,2022-03-30 13:00:00,0.50551856,-0.017687142
2022-03-20,EL,3,2022,11,0.33016714,8.920932,2.9453983,2022-03-30 13:00:00,0.36143836,-0.03127122
2022-03-20,EL,1,2022,11,0.15971887,6.0032635,0.95883447,2022-03-30 13:00:00,0.18990709,-0.030188218
2022-03-20,VASS,2,2022,11,0.29416397,23.237715,6.8356986,2022-03-30 13:00:00,0.32710785,-0.032943875
2022-03-20,EL,2,2022,11,0.28021574,34.04359,9.53955,2022-03-30 13:00:00,0.31188634,-0.0316706
2022-03-27,VASS,3,2022,12,0.4391011,28.155403,12.363069,2022-04-06 13:00:00,0.45037177,-0.011270672
2022-03-27,EL,3,2022,12,0.30892378,8.920932,2.755888,2022-04-06 13:00:00,0.33016714,-0.021243364
2022-03-27,VASS,2,2022,12,0.26453605,23.237715,6.1472135,2022-04-06 13:00:00,0.29420885,-0.029672801
2022-03-27,EL,5,2022,12,0.18538691,17.390587,3.223987,2022-04-06 13:00:00,0.21242082,-0.02703391
2022-03-27,EL,4,2022,12,0.47983226,21.079208,10.114485,2022-04-06 13:00:00,0.4878314,-0.007999152
2022-03-27,NO,0,2022,12,0.29040065,87.43758,25.39193,2022-04-06 13:00:00,0.3119641,-0.02156344
2022-03-27,VASS,1,2022,12,0.19672713,36.044464,7.090924,2022-04-06 13:00:00,0.2207942,-0.024067074
2022-03-27,EL,1,2022,12,0.13332337,6.0032635,0.80037534,2022-04-06 13:00:00,0.15971887,-0.0263955
2022-03-27,EL,2,2022,12,0.2541247,34.04359,8.651318,2022-04-06 13:00:00,0.28021574,-0.02609104
2022-04-03,EL,1,2022,13,0.11352592,6.0032635,0.681526,2022-04-13 13:00:00,0.13332337,-0.019797452
2022-04-03,EL,2,2022,13,0.23093905,34.04359,7.8619943,2022-04-13 13:00:00,0.25407916,-0.023140118
2022-04-03,EL,5,2022,13,0.15963784,17.390587,2.7761955,2022-04-13 13:00:00,0.18538691,-0.025749072
2022-04-03,VASS,1,2022,13,0.17586653,36.044464,6.339015,2022-04-13 13:00:00,0.19672713,-0.020860597
2022-04-03,VASS,3,2022,13,0.41734284,28.155403,11.750456,2022-04-13 13:00:00,0.4391011,-0.021758258
2022-04-03,VASS,2,2022,13,0.23573683,23.237715,5.4779854,2022-04-13 13:00:00,0.26453605,-0.02879922
2022-04-03,EL,3,2022,13,0.28126168,8.920932,2.5091162,2022-04-13 13:00:00,0.30892378,-0.027662098
2022-04-03,NO,0,2022,13,0.26713789,87.43758,23.357891,2022-04-13 13:00:00,0.29038393,-0.02324605
2022-04-03,EL,4,2022,13,0.45934936,21.079208,9.682722,2022-04-13 13:00:00,0.47983226,-0.020482898
2022-04-10,EL,5,2022,14,0.14140703,17.390587,2.459151,2022-04-20 13:00:00,0.15963784,-0.01823081
2022-04-10,VASS,1,2022,14,0.15847167,36.044464,5.712027,2022-04-20 13:00:00,0.17586653,-0.017394856
2022-04-10,EL,3,2022,14,0.25073645,8.920932,2.2368028,2022-04-20 13:00:00,0.28126168,-0.030525237
2022-04-10,EL,4,2022,14,0.43717682,21.079208,9.215342,2022-04-20 13:00:00,0.45934936,-0.02217254
2022-04-10,VASS,2,2022,14,0.21678823,23.237715,5.037663,2022-04-20 13:00:00,0.23575735,-0.018969119
2022-04-10,EL,1,2022,14,0.09657299,6.0032635,0.5797531,2022-04-20 13:00:00,0.11352592,-0.016952932
2022-04-10,VASS,3,2022,14,0.39289826,28.155403,11.062209,2022-04-20 13:00:00,0.41734284,-0.02444458
2022-04-10,NO,0,2022,14,0.24714686,87.43758,21.609924,2022-04-20 13:00:00,0.26716036,-0.020013496
2022-04-10,EL,2,2022,14,0.21337697,34.04359,7.264118,2022-04-20 13:00:00,0.23097116,-0.017594188
2022-04-17,VASS,1,2022,15,0.1393668,36.044464,5.0234017,2022-04-27 13:00:00,0.15847167,-0.019104868
2022-04-17,NO,0,2022,15,0.22471578,87.43758,19.648603,2022-04-27 13:00:00,0.24713725,-0.022421464
2022-04-17,VASS,3,2022,15,0.3659436,28.155403,10.30329,2022-04-27 13:00:00,0.39289826,-0.02695465
2022-04-17,EL,4,2022,15,0.41264433,21.079208,8.6982155,2022-04-27 13:00:00,0.43717682,-0.024532497
2022-04-17,EL,3,2022,15,0.21727172,8.920932,1.9382662,2022-04-27 13:00:00,0.25073645,-0.03346473
2022-04-17,EL,5,2022,15,0.118712984,17.390587,2.0644882,2022-04-27 13:00:00,0.14140703,-0.022694044
2022-04-17,EL,2,2022,15,0.1938849,34.04359,6.600538,2022-04-27 13:00:00,0.21337697,-0.019492075
2022-04-17,EL,1,2022,15,0.080855295,6.0032635,0.48539567,2022-04-27 13:00:00,0.09657299,-0.015717693
2022-04-17,VASS,2,2022,15,0.19435741,23.237715,4.516422,2022-04-27 13:00:00,0.21672119,-0.022363782
2022-04-24,EL,5,2022,16,0.11151905,17.390587,1.9393817,2022-05-04 13:00:00,0.118712984,-0.0071939304
2022-04-24,VASS,1,2022,16,0.144397,36.044464,5.204713,2022-05-04 13:00:00,0.13940622,0.0049907863
2022-04-24,NO,0,2022,16,0.21977141,87.43758,19.21628,2022-05-04 13:00:00,0.22473072,-0.0049593
2022-04-24,EL,4,2022,16,0.39546484,21.079208,8.336086,2022-05-04 13:00:00,0.41264433,-0.01717949
2022-04-24,VASS,3,2022,16,0.34941822,28.155403,9.838011,2022-05-04 13:00:00,0.3659436,-0.016525388
2022-04-24,EL,3,2022,16,0.20644288,8.920932,1.8416629,2022-05-04 13:00:00,0.21727172,-0.010828838
2022-04-24,EL,1,2022,16,0.09926125,6.0032635,0.5958914,2022-05-04 13:00:00,0.080855295,0.018405952
2022-04-24,VASS,2,2022,16,0.18728584,23.237715,4.3520947,2022-05-04 13:00:00,0.19442359,-0.0071377456
2022-04-24,EL,2,2022,16,0.19468652,34.04359,6.627828,2022-05-04 13:00:00,0.1938849,0.00080162287
2022-05-01,EL,5,2022,17,0.09709217,17.390587,1.6884897,2022-05-11 13:00:00,0.11151905,-0.014426887
2022-05-01,EL,3,2022,17,0.19930427,8.920932,1.7779797,2022-05-11 13:00:00,0.20644288,-0.00713861
2022-05-01,VASS,2,2022,17,0.1716145,23.237715,3.9879286,2022-05-11 13:00:00,0.18728584,-0.015671343
2022-05-01,EL,4,2022,17,0.37814546,21.079208,7.9710073,2022-05-11 13:00:00,0.39545676,-0.017311305
2022-05-01,NO,0,2022,17,0.21007195,87.43758,18.368183,2022-05-11 13:00:00,0.21975328,-0.009681329
2022-05-01,EL,1,2022,17,0.119713746,6.0032635,0.71867317,2022-05-11 13:00:00,0.09926125,0.0204525
2022-05-01,EL,2,2022,17,0.1860602,34.04359,6.334157,2022-05-11 13:00:00,0.19468652,-0.008626312
2022-05-01,VASS,3,2022,17,0.3339455,28.155403,9.40237,2022-05-11 13:00:00,0.34941822,-0.01547271
2022-05-01,VASS,1,2022,17,0.14279574,36.044464,5.146996,2022-05-11 13:00:00,0.144397,-0.0016012639
2022-05-08,EL,1,2022,18,0.13682581,6.0032635,0.8214014,2022-05-18 13:00:00,0.119713746,0.017112069
2022-05-08,EL,4,2022,18,0.36810693,21.079208,7.7594028,2022-05-18 13:00:00,0.37815246,-0.010045528
2022-05-08,EL,5,2022,18,0.094342545,17.390587,1.6406721,2022-05-18 13:00:00,0.09708042,-0.0027378723
2022-05-08,EL,3,2022,18,0.20462722,8.920932,1.8254654,2022-05-18 13:00:00,0.19930427,0.005322948
2022-05-08,VASS,2,2022,18,0.16948086,23.237715,3.9383478,2022-05-18 13:00:00,0.1716145,-0.0021336377
2022-05-08,NO,0,2022,18,0.20947425,87.43758,18.315922,2022-05-18 13:00:00,0.21009259,-0.0006183386
2022-05-08,EL,2,2022,18,0.18756944,34.04359,6.385537,2022-05-18 13:00:00,0.1860602,0.0015092343
2022-05-08,VASS,3,2022,18,0.3269058,28.155403,9.2041645,2022-05-18 13:00:00,0.3339455,-0.007039726
2022-05-08,VASS,1,2022,18,0.14788872,36.044464,5.3305697,2022-05-18 13:00:00,0.14279574,0.0050929785
2022-05-15,EL,1,2022,19,0.17486708,6.0032635,1.0497732,2022-05-25 13:00:00,0.13682581,0.038041264
2022-05-15,VASS,2,2022,19,0.19703554,23.237715,4.5786557,2022-05-25 13:00:00,0.16948086,0.027554676
2022-05-15,NO,0,2022,19,0.23386352,87.43758,20.44846,2022-05-25 13:00:00,0.20945051,0.024413005
2022-05-15,EL,3,2022,19,0.23113291,8.920932,2.061921,2022-05-25 13:00:00,0.20462722,0.026505694
2022-05-15,VASS,1,2022,19,0.18300818,36.044464,6.5964317,2022-05-25 13:00:00,0.14788872,0.03511946
2022-05-15,EL,4,2022,19,0.36994296,21.079208,7.798105,2022-05-25 13:00:00,0.36810693,0.0018360317
2022-05-15,VASS,3,2022,19,0.33417425,28.155403,9.408811,2022-05-25 13:00:00,0.3269058,0.0072684586
2022-05-15,EL,2,2022,19,0.22547042,34.04359,7.6758227,2022-05-25 13:00:00,0.18756944,0.037900984
2022-05-15,EL,5,2022,19,0.113041565,17.390587,1.965859,2022-05-25 13:00:00,0.09435405,0.018687516
2022-05-22,EL,4,2022,20,0.37311915,21.079208,7.8650565,2022-06-01 13:00:00,0.36994296,0.0031761825
2022-05-22,EL,1,2022,20,0.22739567,6.0032635,1.3651162,2022-06-01 13:00:00,0.17486708,0.05252859
2022-05-22,VASS,2,2022,20,0.21410926,23.237715,4.9754095,2022-06-01 13:00:00,0.19703554,0.01707372
2022-05-22,EL,3,2022,20,0.26768827,8.920932,2.3880289,2022-06-01 13:00:00,0.23113291,0.036555365
2022-05-22,EL,2,2022,20,0.25135294,34.04359,8.556956,2022-06-01 13:00:00,0.22553529,0.025817648
2022-05-22,EL,5,2022,20,0.13571125,17.390587,2.3600981,2022-06-01 13:00:00,0.113041565,0.022669688
2022-05-22,VASS,3,2022,20,0.34627286,28.155403,9.749452,2022-06-01 13:00:00,0.33417425,0.01209861
2022-05-22,NO,0,2022,20,0.25665045,87.43758,22.440895,2022-06-01 13:00:00,0.23390953,0.022740915
2022-05-22,VASS,1,2022,20,0.21718687,36.044464,7.8283844,2022-06-01 13:00:00,0.18300818,0.03417869
2022-05-29,EL,4,2022,21,0.4312118,21.079208,9.089603,2022-06-08 13:00:00,0.37311915,0.058092654
2022-05-29,EL,3,2022,21,0.3712007,8.920932,3.311456,2022-06-08 13:00:00,0.26768827,0.103512436
2022-05-29,EL,1,2022,21,0.33314613,6.0032635,1.999964,2022-06-08 13:00:00,0.2273955,0.10575062
2022-05-29,EL,2,2022,21,0.30566972,34.04359,10.406095,2022-06-08 13:00:00,0.25129917,0.054370552
2022-05-29,VASS,2,2022,21,0.26974204,23.237715,6.2681885,2022-06-08 13:00:00,0.21410926,0.055632785
2022-05-29,EL,5,2022,21,0.19911575,17.390587,3.4627395,2022-06-08 13:00:00,0.13571125,0.0634045
2022-05-29,VASS,1,2022,21,0.2859637,36.044464,10.307409,2022-06-08 13:00:00,0.21718687,0.068776846
2022-05-29,VASS,3,2022,21,0.41544497,28.155403,11.697021,2022-06-08 13:00:00,0.34627286,0.069172114
2022-05-29,NO,0,2022,21,0.32205597,87.43758,28.159794,2022-06-08 13:00:00,0.25665045,0.06540552
2022-06-05,EL,1,2022,22,0.4182331,6.0032635,2.5107636,2022-06-15 13:00:00,0.3331556,0.085077494
2022-06-05,EL,5,2022,22,0.23962077,17.390587,4.1671457,2022-06-15 13:00:00,0.19911575,0.04050502
2022-06-05,EL,3,2022,22,0.44482306,8.920932,3.968236,2022-06-15 13:00:00,0.3712007,0.073622346
2022-06-05,VASS,3,2022,22,0.49911207,28.155403,14.052701,2022-06-15 13:00:00,0.41544497,0.0836671
2022-06-05,NO,0,2022,22,0.3750703,87.43758,32.79524,2022-06-15 13:00:00,0.32205483,0.05301547
2022-06-05,VASS,2,2022,22,0.2980253,23.237715,6.9254274,2022-06-15 13:00:00,0.26971856,0.028306752
2022-06-05,EL,4,2022,22,0.5157968,21.079208,10.872588,2022-06-15 13:00:00,0.4312118,0.08458498
2022-06-05,VASS,1,2022,22,0.33191139,36.044464,11.963569,2022-06-15 13:00:00,0.28600845,0.045902938
2022-06-05,EL,2,2022,22,0.33555532,34.04359,11.423508,2022-06-15 13:00:00,0.30569983,0.02985549
2022-06-12,EL,5,2022,23,0.31833446,17.390587,5.536023,2022-06-22 13:00:00,0.23959194,0.07874252
2022-06-12,EL,2,2022,23,0.37814173,34.04359,12.8733015,2022-06-22 13:00:00,0.33562434,0.042517394
2022-06-12,EL,1,2022,23,0.4906804,6.0032635,2.945684,2022-06-22 13:00:00,0.4182331,0.0724473
2022-06-12,VASS,2,2022,23,0.35909757,23.237715,8.344607,2022-06-22 13:00:00,0.29805127,0.061046302
2022-06-12,NO,0,2022,23,0.43159097,87.43758,37.73727,2022-06-22 13:00:00,0.37504756,0.05654341
2022-06-12,VASS,1,2022,23,0.3883036,36.044464,13.996195,2022-06-22 13:00:00,0.33191139,0.056392223
2022-06-12,EL,3,2022,23,0.53904283,8.920932,4.808764,2022-06-22 13:00:00,0.44482306,0.094219774
2022-06-12,VASS,3,2022,23,0.5520215,28.155403,15.542388,2022-06-22 13:00:00,0.49911207,0.052909434
2022-06-12,EL,4,2022,23,0.5566689,21.079208,11.734139,2022-06-22 13:00:00,0.5157968,0.040872097
2022-06-19,VASS,3,2022,24,0.6143495,28.155403,17.297258,2022-06-29 13:00:00,0.5520198,0.06232971
2022-06-19,EL,4,2022,24,0.6127068,21.079208,12.915374,2022-06-29 13:00:00,0.5566689,0.056037903
2022-06-19,EL,1,2022,24,0.53600967,6.0032635,3.2178073,2022-06-29 13:00:00,0.4906804,0.045329273
2022-06-19,EL,5,2022,24,0.39363196,17.390587,6.845491,2022-06-29 13:00:00,0.3183724,0.07525957
2022-06-19,NO,0,2022,24,0.48517767,87.43758,42.42276,2022-06-29 13:00:00,0.43159097,0.05358669
2022-06-19,VASS,1,2022,24,0.43422335,36.044464,15.651349,2022-06-29 13:00:00,0.3883036,0.045919746
2022-06-19,VASS,2,2022,24,0.41445488,23.237715,9.630984,2022-06-29 13:00:00,0.35901266,0.055442214
2022-06-19,EL,2,2022,24,0.4128195,34.04359,14.053858,2022-06-29 13:00:00,0.37814173,0.034677774
2022-06-19,EL,3,2022,24,0.62444377,8.920932,5.57062,2022-06-29 13:00:00,0.53904283,0.08540094
2022-06-26,VASS,3,2022,25,0.6843238,28.155403,19.267412,2022-07-06 13:00:00,0.6143508,0.06997299
2022-06-26,EL,4,2022,25,0.6757198,21.079208,14.243639,2022-07-06 13:00:00,0.6127068,0.06301302
2022-06-26,EL,5,2022,25,0.46659818,17.390587,8.114416,2022-07-06 13:00:00,0.3935849,0.073013276
2022-06-26,NO,0,2022,25,0.5345708,87.43758,46.741577,2022-07-06 13:00:00,0.48519456,0.04937625
2022-06-26,EL,2,2022,25,0.4341883,34.04359,14.781329,2022-07-06 13:00:00,0.4128195,0.021368802
2022-06-26,EL,3,2022,25,0.7144037,8.920932,6.3731465,2022-07-06 13:00:00,0.62444377,0.08995992
2022-06-26,VASS,2,2022,25,0.4605243,23.237715,10.701532,2022-07-06 13:00:00,0.41449994,0.046024352
2022-06-26,EL,1,2022,25,0.5732406,6.0032635,3.4413145,2022-07-06 13:00:00,0.53600967,0.03723091
2022-06-26,VASS,1,2022,25,0.47048348,36.044464,16.958326,2022-07-06 13:00:00,0.43422335,0.036260128
2022-07-03,EL,2,2022,26,0.45721862,34.04359,15.565363,2022-07-13 13:00:00,0.4341883,0.02303031
2022-07-03,EL,1,2022,26,0.65108454,6.0032635,3.908632,2022-07-13 13:00:00,0.5732406,0.077843964
2022-07-03,EL,4,2022,26,0.75762314,21.079208,15.970097,2022-07-13 13:00:00,0.6757198,0.08190334
2022-07-03,VASS,1,2022,26,0.51590717,36.044464,18.595598,2022-07-13 13:00:00,0.47048348,0.045423687
2022-07-03,EL,3,2022,26,0.82259065,8.920932,7.338275,2022-07-13 13:00:00,0.7143088,0.10828185
2022-07-03,EL,5,2022,26,0.5426417,17.390587,9.436857,2022-07-13 13:00:00,0.4666537,0.075987995
2022-07-03,NO,0,2022,26,0.5942578,87.43758,51.96046,2022-07-13 13:00:00,0.5345708,0.05968696
2022-07-03,VASS,2,2022,26,0.50746334,23.237715,11.792288,2022-07-13 13:00:00,0.46049118,0.046972156
2022-07-03,VASS,3,2022,26,0.7741428,28.155403,21.796303,2022-07-13 13:00:00,0.6843238,0.089819014
2022-07-10,EL,5,2022,27,0.58350134,17.390587,10.14743,2022-07-20 13:00:00,0.54257774,0.040923595
2022-07-10,EL,3,2022,27,0.86225295,8.920932,7.6920996,2022-07-20 13:00:00,0.822639,0.039613962
2022-07-10,VASS,2,2022,27,0.54242265,23.237715,12.604663,2022-07-20 13:00:00,0.5074847,0.034937978
2022-07-10,EL,2,2022,27,0.47550046,34.04359,16.187742,2022-07-20 13:00:00,0.45721862,0.018281847
2022-07-10,NO,0,2022,27,0.6234616,87.43758,54.513973,2022-07-20 13:00:00,0.5942578,0.029203832
2022-07-10,EL,4,2022,27,0.794043,21.079208,16.737799,2022-07-20 13:00:00,0.75762314,0.03641987
2022-07-10,EL,1,2022,27,0.6694038,6.0032635,4.0186076,2022-07-20 13:00:00,0.65108454,0.01831925
2022-07-10,VASS,1,2022,27,0.5352547,36.044464,19.29297,2022-07-20 13:00:00,0.5158335,0.01942122
2022-07-10,VASS,3,2022,27,0.81169784,28.155403,22.85368,2022-07-20 13:00:00,0.7741428,0.03755504
2022-07-17,VASS,2,2022,28,0.5617058,23.237715,13.05276,2022-07-27 13:00:00,0.5424699,0.019235909
2022-07-17,EL,3,2022,28,0.8722809,8.920932,7.781558,2022-07-27 13:00:00,0.86219144,0.010089457
2022-07-17,EL,5,2022,28,0.61038744,17.390587,10.614995,2022-07-27 13:00:00,0.58350134,0.026886106
2022-07-17,EL,4,2022,28,0.82672936,21.079208,17.426802,2022-07-27 13:00:00,0.794043,0.032686353
2022-07-17,VASS,3,2022,28,0.8385164,28.155403,23.608768,2022-07-27 13:00:00,0.81169784,0.026818573
2022-07-17,EL,1,2022,28,0.6658075,6.0032635,3.9970179,2022-07-27 13:00:00,0.6694038,-0.0035963058
2022-07-17,EL,2,2022,28,0.48309353,34.04359,16.446238,2022-07-27 13:00:00,0.47550046,0.0075930655
2022-07-17,NO,0,2022,28,0.6403073,87.43758,55.986923,2022-07-27 13:00:00,0.6234371,0.0168702
2022-07-17,VASS,1,2022,28,0.54335034,36.044464,19.584772,2022-07-27 13:00:00,0.5353267,0.00802362
2022-07-24,VASS,3,2022,29,0.8531102,28.155403,24.01966,2022-08-03 13:00:00,0.8385164,0.01459378
2022-07-24,EL,2,2022,29,0.48495594,34.04359,16.50964,2022-08-03 13:00:00,0.48300835,0.0019475818
2022-07-24,EL,3,2022,29,0.8784771,8.920932,7.836834,2022-08-03 13:00:00,0.8722809,0.006196201
2022-07-24,NO,0,2022,29,0.6521233,87.43758,57.020077,2022-08-03 13:00:00,0.6403073,0.011815965
2022-07-24,EL,4,2022,29,0.8454038,21.079208,17.820444,2022-08-03 13:00:00,0.82672936,0.018674433
2022-07-24,EL,1,2022,29,0.669249,6.0032635,4.0176783,2022-08-03 13:00:00,0.6658075,0.0034415126
2022-07-24,VASS,2,2022,29,0.57683593,23.237715,13.404348,2022-08-03 13:00:00,0.56165695,0.015178978
2022-07-24,EL,5,2022,29,0.63913035,17.390587,11.114852,2022-08-03 13:00:00,0.61038744,0.02874291
2022-07-24,VASS,1,2022,29,0.5509942,36.044464,19.86029,2022-08-03 13:00:00,0.54335034,0.0076438785
2022-07-31,EL,2,2022,30,0.4933611,34.04359,16.795784,2022-08-10 13:00:00,0.48495594,0.008405149
2022-07-31,VASS,3,2022,30,0.86646193,28.155403,24.395584,2022-08-10 13:00:00,0.8531102,0.013351738
2022-07-31,EL,5,2022,30,0.66332525,17.390587,11.535615,2022-08-10 13:00:00,0.6392051,0.024120152
2022-07-31,EL,4,2022,30,0.862554,21.079208,18.181957,2022-08-10 13:00:00,0.8454038,0.017150223
2022-07-31,NO,0,2022,30,0.66509485,87.43758,58.15428,2022-08-10 13:00:00,0.6521233,0.01297158
2022-07-31,VASS,1,2022,30,0.5599979,36.044464,20.184826,2022-08-10 13:00:00,0.5509942,0.009003699
2022-07-31,VASS,2,2022,30,0.59566134,23.237715,13.841808,2022-08-10 13:00:00,0.5768301,0.018831253
2022-07-31,EL,1,2022,30,0.6737943,6.0032635,4.0449653,2022-08-10 13:00:00,0.669249,0.004545331
2022-07-31,EL,3,2022,30,0.8827724,8.920932,7.875152,2022-08-10 13:00:00,0.8784771,0.0042952895
2022-08-07,EL,5,2022,31,0.69254994,17.390587,12.04385,2022-08-17 13:00:00,0.6632501,0.029299855
2022-08-07,EL,2,2022,31,0.5050195,34.04359,17.192677,2022-08-17 13:00:00,0.493445,0.011574477
2022-08-07,VASS,1,2022,31,0.5700643,36.044464,20.547663,2022-08-17 13:00:00,0.5599979,0.01006639
2022-08-07,EL,4,2022,31,0.8747374,21.079208,18.438772,2022-08-17 13:00:00,0.862554,0.012183368
2022-08-07,NO,0,2022,31,0.6796853,87.43758,59.430035,2022-08-17 13:00:00,0.66509485,0.014590442
2022-08-07,VASS,2,2022,31,0.6240454,23.237715,14.501389,2022-08-17 13:00:00,0.5956604,0.028384984
2022-08-07,EL,1,2022,31,0.6848904,6.0032635,4.1115775,2022-08-17 13:00:00,0.6737943,0.01109606
2022-08-07,VASS,3,2022,31,0.8754201,28.155403,24.647804,2022-08-17 13:00:00,0.86646193,0.008958161
2022-08-07,EL,3,2022,31,0.88739914,8.920932,7.916427,2022-08-17 13:00:00,0.8827724,0.004626751
2022-08-14,VASS,1,2022,32,0.5655687,36.044464,20.385622,2022-08-24 13:00:00,0.5700643,-0.0044956207
2022-08-14,EL,2,2022,32,0.50271744,34.04359,17.114307,2022-08-24 13:00:00,0.5050195,-0.0023020506
2022-08-14,NO,0,2022,32,0.6836108,87.43758,59.773273,2022-08-24 13:00:00,0.6796853,0.0039255023
2022-08-14,VASS,2,2022,32,0.62892896,23.237715,14.614872,2022-08-24 13:00:00,0.6240454,0.0048835874
2022-08-14,EL,3,2022,32,0.8784987,8.920932,7.837027,2022-08-24 13:00:00,0.88739914,-0.008900464
2022-08-14,VASS,3,2022,32,0.8899207,28.155403,25.056076,2022-08-24 13:00:00,0.8754201,0.014500618
2022-08-14,EL,4,2022,32,0.89810467,21.079208,18.931335,2022-08-24 13:00:00,0.8747374,0.023367286
2022-08-14,EL,5,2022,32,0.69613075,17.390587,12.106122,2022-08-24 13:00:00,0.6926283,0.0035024285
2022-08-14,EL,1,2022,32,0.6774246,6.0032635,4.0667586,2022-08-24 13:00:00,0.6848904,-0.00746578
2022-08-21,EL,1,2022,33,0.68567437,6.0032635,4.1162844,2022-08-31 13:00:00,0.6774246,0.00824976
2022-08-21,VASS,3,2022,33,0.90123916,28.155403,25.374752,2022-08-31 13:00:00,0.8899207,0.011318445
2022-08-21,EL,5,2022,33,0.70224845,17.390587,12.212512,2022-08-31 13:00:00,0.69605196,0.006196499
2022-08-21,NO,0,2022,33,0.6887652,87.43758,60.223965,2022-08-31 13:00:00,0.68363076,0.0051344633
2022-08-21,EL,2,2022,33,0.5024526,34.04359,17.105291,2022-08-31 13:00:00,0.5026362,-0.0001835823
2022-08-21,VASS,1,2022,33,0.56769377,36.044464,20.46222,2022-08-31 13:00:00,0.5655687,0.0021250844
2022-08-21,EL,4,2022,33,0.9162874,21.079208,19.314613,2022-08-31 13:00:00,0.89810467,0.018182755
2022-08-21,EL,3,2022,33,0.8691703,8.920932,7.753809,2022-08-31 13:00:00,0.8784987,-0.009328365
2022-08-21,VASS,2,2022,33,0.6315883,23.237715,14.676668,2022-08-31 13:00:00,0.62892944,0.002658844
2022-08-28,VASS,3,2022,34,0.9041609,28.155403,25.457014,2022-09-07 13:00:00,0.90123916,0.00292176
2022-08-28,EL,3,2022,34,0.8557592,8.920932,7.6341696,2022-09-07 13:00:00,0.8691703,-0.013411105
2022-08-28,EL,1,2022,34,0.67828846,6.0032635,4.0719447,2022-09-07 13:00:00,0.68567437,-0.0073859096
2022-08-28,EL,2,2022,34,0.505197,34.04359,17.198719,2022-09-07 13:00:00,0.502535,0.002662003
2022-08-28,VASS,2,2022,34,0.6337795,23.237715,14.727588,2022-09-07 13:00:00,0.6315883,0.0021912456
2022-08-28,EL,4,2022,34,0.9258592,21.079208,19.516378,2022-09-07 13:00:00,0.9162874,0.009571791
2022-08-28,EL,5,2022,34,0.7029477,17.390587,12.224672,2022-09-07 13:00:00,0.702328,0.0006196499
2022-08-28,NO,0,2022,34,0.6903667,87.43758,60.36399,2022-09-07 13:00:00,0.68874514,0.0016215444
2022-08-28,VASS,1,2022,34,0.5679947,36.044464,20.473066,2022-09-07 13:00:00,0.56769377,0.00030094385
2022-09-04,EL,1,2022,35,0.67062634,6.0032635,4.0259466,2022-09-14 13:00:00,0.67828846,-0.0076621175
2022-09-04,VASS,1,2022,35,0.56478226,36.044464,20.357273,2022-09-14 13:00:00,0.5679947,-0.003212452
2022-09-04,VASS,2,2022,35,0.62781626,23.237715,14.589016,2022-09-14 13:00:00,0.63377345,-0.005957186
2022-09-04,EL,3,2022,35,0.8273882,8.920932,7.381074,2022-09-14 13:00:00,0.8557592,-0.028370976
2022-09-04,EL,2,2022,35,0.50381804,34.04359,17.151775,2022-09-14 13:00:00,0.505197,-0.0013789535
2022-09-04,NO,0,2022,35,0.6840604,87.43758,59.812588,2022-09-14 13:00:00,0.6903667,-0.0063062906
2022-09-04,EL,5,2022,35,0.6972063,17.390587,12.124826,2022-09-14 13:00:00,0.7028681,-0.0056617856
2022-09-04,VASS,3,2022,35,0.89337313,28.155403,25.153278,2022-09-14 13:00:00,0.9041609,-0.010787785
2022-09-04,EL,4,2022,35,0.92022216,21.079208,19.397554,2022-09-14 13:00:00,0.9258592,-0.0056370497
2022-09-11,NO,0,2022,36,0.67284936,87.43758,58.832317,2022-09-21 13:00:00,0.6841581,-0.01130873
2022-09-11,EL,4,2022,36,0.90429986,21.079208,19.061926,2022-09-21 13:00:00,0.92022216,-0.015922308
2022-09-11,EL,2,2022,36,0.49930903,34.04359,16.998272,2022-09-21 13:00:00,0.50381804,-0.004509002
2022-09-11,VASS,1,2022,36,0.5597672,36.044464,20.176508,2022-09-21 13:00:00,0.5647159,-0.0049487352
2022-09-11,EL,5,2022,36,0.6892008,17.390587,11.985606,2022-09-21 13:00:00,0.6972063,-0.0080055
2022-09-11,VASS,2,2022,36,0.61758953,23.237715,14.351369,2022-09-21 13:00:00,0.62782913,-0.010239601
2022-09-11,VASS,3,2022,36,0.8725576,28.155403,24.56721,2022-09-21 13:00:00,0.89337313,-0.020815551
2022-09-11,EL,1,2022,36,0.6633141,6.0032635,3.9820495,2022-09-21 13:00:00,0.67062634,-0.007312238
2022-09-11,EL,3,2022,36,0.789863,8.920932,7.046314,2022-09-21 13:00:00,0.8273882,-0.037525237
2022-09-18,EL,2,2022,37,0.50861573,34.04359,17.315105,2022-09-28 13:00:00,0.49930903,0.009306699
2022-09-18,VASS,2,2022,37,0.6258126,23.237715,14.542454,2022-09-28 13:00:00,0.61758953,0.008223057
2022-09-18,EL,3,2022,37,0.8256024,8.920932,7.3651423,2022-09-28 13:00:00,0.789863,0.03573942
2022-09-18,EL,4,2022,37,0.89482486,21.079208,18.862202,2022-09-28 13:00:00,0.90429986,-0.009474993
2022-09-18,NO,0,2022,37,0.681802,87.43758,59.615112,2022-09-28 13:00:00,0.6727526,0.009049356
2022-09-18,EL,1,2022,37,0.68517107,6.0032635,4.1132627,2022-09-28 13:00:00,0.6633141,0.021856964
2022-09-18,EL,5,2022,37,0.7021472,17.390587,12.210751,2022-09-28 13:00:00,0.6892008,0.012946367
2022-09-18,VASS,3,2022,37,0.8746906,28.155403,24.627266,2022-09-28 13:00:00,0.8725576,0.0021330118
2022-09-18,VASS,1,2022,37,0.57445234,36.044464,20.705828,2022-09-28 13:00:00,0.5597672,0.014685154
2022-09-25,VASS,1,2022,38,0.57486814,36.044464,20.720814,2022-10-05 13:00:00,0.57445234,0.000415802
2022-09-25,EL,4,2022,38,0.8853013,21.079208,18.661451,2022-10-05 13:00:00,0.89482486,-0.009523571
2022-09-25,EL,5,2022,38,0.70118386,17.390587,12.193998,2022-10-05 13:00:00,0.7021472,-0.00096333027
2022-09-25,EL,2,2022,38,0.5072974,34.04359,17.270226,2022-10-05 13:00:00,0.50861573,-0.0013183355
2022-09-25,NO,0,2022,38,0.67860883,87.43758,59.335915,2022-10-05 13:00:00,0.681802,-0.00319314
2022-09-25,EL,3,2022,38,0.8213581,8.920932,7.327279,2022-10-05 13:00:00,0.8256165,-0.0042583942
2022-09-25,VASS,3,2022,38,0.86683273,28.155403,24.406023,2022-10-05 13:00:00,0.8746906,-0.007857859
2022-09-25,EL,1,2022,38,0.68780077,6.0032635,4.1290493,2022-10-05 13:00:00,0.68517107,0.0026296973
2022-09-25,VASS,2,2022,38,0.62234616,23.237715,14.461903,2022-10-05 13:00:00,0.6257936,-0.0034474134
2022-10-02,EL,4,2022,39,0.8716947,21.079208,18.374636,2022-10-12 13:00:00,0.8853013,-0.013606608
2022-10-02,EL,5,2022,39,0.7227969,17.390587,12.569862,2022-10-12 13:00:00,0.70118386,0.021613061
2022-10-02,VASS,3,2022,39,0.85264397,28.155403,24.006533,2022-10-12 13:00:00,0.86683273,-0.0141887665
2022-10-02,EL,1,2022,39,0.7610184,6.0032635,4.5685945,2022-10-12 13:00:00,0.68780077,0.07321763
2022-10-02,EL,3,2022,39,0.80660135,8.920932,7.1956353,2022-10-12 13:00:00,0.8213398,-0.0147384405
2022-10-02,EL,2,2022,39,0.5330186,34.04359,18.145866,2022-10-12 13:00:00,0.5072974,0.025721192
2022-10-02,VASS,1,2022,39,0.61745566,36.044464,22.25586,2022-10-12 13:00:00,0.5749332,0.04252249
2022-10-02,VASS,2,2022,39,0.62789494,23.237715,14.590844,2022-10-12 13:00:00,0.62236345,0.00553149
2022-10-02,NO,0,2022,39,0.6936049,87.43758,60.647133,2022-10-12 13:00:00,0.67860883,0.014996052
2022-10-09,VASS,1,2022,40,0.6721895,36.044464,24.228708,2022-10-19 13:00:00,0.6173994,0.05479008
2022-10-09,EL,2,2022,40,0.59367424,34.04359,20.210802,2022-10-19 13:00:00,0.5329442,0.06073004
2022-10-09,EL,3,2022,40,0.8300685,8.920932,7.4049845,2022-10-19 13:00:00,0.8066414,0.023427129
2022-10-09,VASS,3,2022,40,0.8625291,28.155403,24.284853,2022-10-19 13:00:00,0.85264397,0.009885132
2022-10-09,EL,4,2022,40,0.8805028,21.079208,18.560303,2022-10-19 13:00:00,0.8716947,0.008808136
2022-10-09,EL,1,2022,40,0.79343134,6.0032635,4.763178,2022-10-19 13:00:00,0.7610184,0.032412946
2022-10-09,NO,0,2022,40,0.73452806,87.43758,64.22536,2022-10-19 13:00:00,0.6936049,0.04092318
2022-10-09,VASS,2,2022,40,0.68322897,23.237715,15.876679,2022-10-19 13:00:00,0.627882,0.055346966
2022-10-09,EL,5,2022,40,0.773776,17.390587,13.456418,2022-10-19 13:00:00,0.7227969,0.050979078
2022-10-16,VASS,2,2022,41,0.69950074,23.237715,16.254799,2022-10-26 13:00:00,0.6832388,0.016261935
2022-10-16,EL,5,2022,41,0.7852947,17.390587,13.656735,2022-10-26 13:00:00,0.773776,0.011518717
2022-10-16,VASS,1,2022,41,0.7014061,36.044464,25.281809,2022-10-26 13:00:00,0.6721895,0.029216647
2022-10-16,NO,0,2022,41,0.7515347,87.43758,65.71237,2022-10-26 13:00:00,0.73452806,0.017006636
2022-10-16,EL,1,2022,41,0.80974215,6.0032635,4.861096,2022-10-26 13:00:00,0.79343134,0.016310811
2022-10-16,EL,3,2022,41,0.8312513,8.920932,7.415536,2022-10-26 13:00:00,0.8300685,0.0011827946
2022-10-16,VASS,3,2022,41,0.86365885,28.155403,24.316662,2022-10-26 13:00:00,0.8625291,0.0011297464
2022-10-16,EL,2,2022,41,0.62629086,34.04359,21.32119,2022-10-26 13:00:00,0.5937283,0.032562554
2022-10-16,EL,4,2022,41,0.88281584,21.079208,18.609058,2022-10-26 13:00:00,0.8805028,0.0023130178
2022-10-23,VASS,1,2022,42,0.71795577,36.044464,25.878332,2022-11-02 13:00:00,0.7014364,0.016519368
2022-10-23,EL,4,2022,42,0.87120885,21.079208,18.364393,2022-11-02 13:00:00,0.88281584,-0.011606991
2022-10-23,EL,2,2022,42,0.6446636,34.04359,21.946663,2022-11-02 13:00:00,0.62629086,0.018372715
2022-10-23,NO,0,2022,42,0.7535362,87.43758,65.88738,2022-11-02 13:00:00,0.7515347,0.002001524
2022-10-23,EL,5,2022,42,0.7831964,17.390587,13.620244,2022-11-02 13:00:00,0.7852947,-0.002098322
2022-10-23,VASS,2,2022,42,0.6967936,23.237715,16.19189,2022-11-02 13:00:00,0.69950074,-0.0027071238
2022-10-23,EL,1,2022,42,0.8130199,6.0032635,4.8807726,2022-11-02 13:00:00,0.80974215,0.003277719
2022-10-23,VASS,3,2022,42,0.8500207,28.155403,23.932676,2022-11-02 13:00:00,0.86365885,-0.013638139
2022-10-23,EL,3,2022,42,0.80707794,8.920932,7.1998873,2022-11-02 13:00:00,0.8311763,-0.024098337
2022-10-30,VASS,1,2022,43,0.7391534,36.044464,26.64239,2022-11-09 13:00:00,0.7179393,0.021214068
2022-10-30,EL,3,2022,43,0.80148035,8.920932,7.1499515,2022-11-09 13:00:00,0.8071454,-0.005665064
2022-10-30,EL,1,2022,43,0.8192538,6.0032635,4.9181967,2022-11-09 13:00:00,0.8130199,0.0062339306
2022-10-30,VASS,2,2022,43,0.7158976,23.237715,16.635824,2022-11-09 13:00:00,0.6967743,0.019123316
2022-10-30,NO,0,2022,43,0.7655044,87.43758,66.93385,2022-11-09 13:00:00,0.7535362,0.011968195
2022-10-30,EL,4,2022,43,0.8657265,21.079208,18.24883,2022-11-09 13:00:00,0.87120885,-0.0054823756
2022-10-30,VASS,3,2022,43,0.84339046,28.155403,23.745998,2022-11-09 13:00:00,0.8500207,-0.006630242
2022-10-30,EL,5,2022,43,0.8040452,17.390587,13.982818,2022-11-09 13:00:00,0.7831964,0.02084881
2022-10-30,EL,2,2022,43,0.6678102,34.04359,22.734655,2022-11-09 13:00:00,0.6446336,0.02317661
2022-11-06,VASS,1,2022,44,0.7816423,36.044464,28.17388,2022-11-16 13:00:00,0.73924345,0.04239887
2022-11-06,EL,4,2022,44,0.8581275,21.079208,18.088648,2022-11-16 13:00:00,0.8657265,-0.007598996
2022-11-06,EL,2,2022,44,0.707407,34.04359,24.082674,2022-11-16 13:00:00,0.66786975,0.03953725
2022-11-06,EL,1,2022,44,0.851413,6.0032635,5.1112566,2022-11-16 13:00:00,0.8192538,0.03215921
2022-11-06,NO,0,2022,44,0.78591263,87.43758,68.7183,2022-11-16 13:00:00,0.7655556,0.020357013
2022-11-06,VASS,2,2022,44,0.7344127,23.237715,17.066074,2022-11-16 13:00:00,0.71592444,0.018488288
2022-11-06,VASS,3,2022,44,0.83554393,28.155403,23.525076,2022-11-16 13:00:00,0.84339046,-0.007846534
2022-11-06,EL,5,2022,44,0.8278415,17.390587,14.396649,2022-11-16 13:00:00,0.8040452,0.02379632
2022-11-06,EL,3,2022,44,0.7959627,8.920932,7.1007285,2022-11-16 13:00:00,0.80141866,-0.0054559708
2022-11-13,EL,1,2022,45,0.8887824,6.0032635,5.335595,2022-11-23 13:00:00,0.851413,0.03736937
2022-11-13,VASS,2,2022,45,0.7840064,23.237715,18.218517,2022-11-23 13:00:00,0.7344127,0.049593687
2022-11-13,EL,3,2022,45,0.80745775,8.920932,7.203275,2022-11-23 13:00:00,0.7959627,0.011495054
2022-11-13,EL,4,2022,45,0.8611346,21.079208,18.152035,2022-11-23 13:00:00,0.8581275,0.003007114
2022-11-13,EL,2,2022,45,0.75286597,34.04359,25.63026,2022-11-23 13:00:00,0.707407,0.045458972
2022-11-13,VASS,3,2022,45,0.83789957,28.155403,23.591398,2022-11-23 13:00:00,0.83554393,0.0023556352
2022-11-13,VASS,1,2022,45,0.8288757,36.044464,29.87638,2022-11-23 13:00:00,0.7816018,0.047273934
2022-11-13,NO,0,2022,45,0.81975764,87.43758,71.67763,2022-11-23 13:00:00,0.7858859,0.03387177
2022-11-13,EL,5,2022,45,0.88457906,17.390587,15.383348,2022-11-23 13:00:00,0.8278415,0.056737542
2022-11-20,EL,3,2022,46,0.77919793,8.920932,6.9511714,2022-11-30 13:00:00,0.80754143,-0.028343499
2022-11-20,NO,0,2022,46,0.80462813,87.43758,70.35474,2022-11-30 13:00:00,0.8197739,-0.015145779
2022-11-20,EL,4,2022,46,0.8421784,21.079208,17.752455,2022-11-30 13:00:00,0.8611346,-0.018956184
2022-11-20,EL,5,2022,46,0.86732984,17.390587,15.083374,2022-11-30 13:00:00,0.88457906,-0.017249227
2022-11-20,VASS,3,2022,46,0.8175444,28.155403,23.018291,2022-11-30 13:00:00,0.83789957,-0.020355165
2022-11-20,EL,2,2022,46,0.74477047,34.04359,25.35466,2022-11-30 13:00:00,0.75286597,-0.008095503
2022-11-20,EL,1,2022,46,0.8709813,6.0032635,5.2287307,2022-11-30 13:00:00,0.8887824,-0.017801106
2022-11-20,VASS,1,2022,46,0.8184997,36.044464,29.502382,2022-11-30 13:00:00,0.8288481,-0.010348439
2022-11-20,VASS,2,2022,46,0.7673271,23.237715,17.830927,2022-11-30 13:00:00,0.78397226,-0.016645193
2022-11-27,EL,2,2022,47,0.7293249,34.04359,24.828838,2022-12-07 13:00:00,0.74477047,-0.01544559
2022-11-27,EL,1,2022,47,0.8432248,6.0032635,5.062101,2022-12-07 13:00:00,0.8709813,-0.027756453
2022-11-27,VASS,1,2022,47,0.7988265,36.044464,28.793274,2022-12-07 13:00:00,0.8184997,-0.019673169
2022-11-27,VASS,2,2022,47,0.7443885,23.237715,17.297888,2022-12-07 13:00:00,0.7673655,-0.022976995
2022-11-27,EL,4,2022,47,0.81643534,21.079208,17.20981,2022-12-07 13:00:00,0.8421784,-0.025743067
2022-11-27,VASS,3,2022,47,0.7887611,28.155403,22.207884,2022-12-07 13:00:00,0.8175444,-0.028783321
2022-11-27,EL,3,2022,47,0.7391078,8.920932,6.59353,2022-12-07 13:00:00,0.77919793,-0.040090144
2022-11-27,EL,5,2022,47,0.8406032,17.390587,14.618582,2022-12-07 13:00:00,0.86732984,-0.026726663
2022-11-27,NO,0,2022,47,0.7812252,87.43758,68.30844,2022-12-07 13:00:00,0.80462813,-0.02340293
2022-12-04,EL,5,2022,48,0.8075403,17.390587,14.043598,2022-12-14 13:00:00,0.8406032,-0.033062875
2022-12-04,VASS,3,2022,48,0.7570185,28.155403,21.31416,2022-12-14 13:00:00,0.7887611,-0.031742573
2022-12-04,EL,1,2022,48,0.8084924,6.0032635,4.8535933,2022-12-14 13:00:00,0.8432248,-0.0347324
2022-12-04,EL,3,2022,48,0.69174427,8.920932,6.1710033,2022-12-14 13:00:00,0.7391078,-0.04736352
2022-12-04,EL,4,2022,48,0.78879714,21.079208,16.62722,2022-12-14 13:00:00,0.81643534,-0.027638197
2022-12-04,VASS,2,2022,48,0.7195,23.237715,16.719536,2022-12-14 13:00:00,0.7443885,-0.024888515
2022-12-04,NO,0,2022,48,0.75310826,87.43758,65.84996,2022-12-14 13:00:00,0.7812252,-0.028116941
2022-12-04,EL,2,2022,48,0.7093203,34.04359,24.14781,2022-12-14 13:00:00,0.7293084,-0.01998812
2022-12-04,VASS,1,2022,48,0.77133125,36.044464,27.802223,2022-12-14 13:00:00,0.7987972,-0.02746594
2022-12-11,EL,1,2022,49,0.7575013,6.0032635,4.54748,2022-12-21 13:00:00,0.8084924,-0.050991118
2022-12-11,EL,5,2022,49,0.7649424,17.390587,13.302797,2022-12-21 13:00:00,0.8075403,-0.04259789
2022-12-11,EL,3,2022,49,0.647102,8.920932,5.772753,2022-12-21 13:00:00,0.69174427,-0.04464227
2022-12-11,VASS,3,2022,49,0.72647375,28.155403,20.45416,2022-12-21 13:00:00,0.7570185,-0.030544758
2022-12-11,VASS,2,2022,49,0.6894375,23.237715,16.020952,2022-12-21 13:00:00,0.7194698,-0.030032277
2022-12-11,EL,2,2022,49,0.67802155,34.04359,23.082287,2022-12-21 13:00:00,0.7093203,-0.031298757
2022-12-11,EL,4,2022,49,0.76184744,21.079208,16.059141,2022-12-21 13:00:00,0.78879714,-0.026949704
2022-12-11,NO,0,2022,49,0.71790206,87.43758,62.771618,2022-12-21 13:00:00,0.75310826,-0.0352062
2022-12-11,VASS,1,2022,49,0.72939336,36.044464,26.290594,2022-12-21 13:00:00,0.77133125,-0.041937888
2022-12-18,EL,3,2022,50,0.6048628,8.920932,5.39594,2022-12-28 13:00:00,0.647102,-0.04223919
2022-12-18,EL,2,2022,50,0.6458725,34.04359,21.987818,2022-12-28 13:00:00,0.67802155,-0.032149076
2022-12-18,EL,4,2022,50,0.7335497,21.079208,15.462647,2022-12-28 13:00:00,0.76184744,-0.028297722
2022-12-18,NO,0,2022,50,0.6812271,87.43758,59.564846,2022-12-28 13:00:00,0.71790206,-0.036674976
2022-12-18,VASS,3,2022,50,0.69542783,28.155403,19.580051,2022-12-28 13:00:00,0.72647375,-0.031045914
2022-12-18,VASS,2,2022,50,0.65493464,23.237715,15.219185,2022-12-28 13:00:00,0.6894375,-0.034502864
2022-12-18,VASS,1,2022,50,0.6871736,36.044464,24.768805,2022-12-28 13:00:00,0.72939336,-0.042219758
2022-12-18,EL,1,2022,50,0.70639795,6.0032635,4.2406936,2022-12-28 13:00:00,0.7575013,-0.051103354
2022-12-18,EL,5,2022,50,0.7172189,17.390587,12.4728565,2022-12-28 13:00:00,0.7649424,-0.04772353
2022-12-25,EL,1,2022,51,0.67494154,6.0032635,4.051852,2023-01-04 13:00:00,0.70639795,-0.03145641
2022-12-25,NO,0,2022,51,0.6601069,87.43758,57.718147,2023-01-04 13:00:00,0.6812271,-0.02112019
2022-12-25,EL,4,2022,51,0.7101264,21.079208,14.968903,2023-01-04 13:00:00,0.7335497,-0.023423314
2022-12-25,EL,3,2022,51,0.56982833,8.920932,5.0833993,2023-01-04 13:00:00,0.6048628,-0.035034478
2022-12-25,VASS,2,2022,51,0.64374226,23.237715,14.9591,2023-01-04 13:00:00,0.65493464,-0.011192381
2022-12-25,VASS,1,2022,51,0.6634743,36.044464,23.914576,2023-01-04 13:00:00,0.6871736,-0.023699284
2022-12-25,VASS,3,2022,51,0.66934425,28.155403,18.845655,2023-01-04 13:00:00,0.69542783,-0.026083589
2022-12-25,EL,2,2022,51,0.63063633,34.04359,21.469126,2023-01-04 13:00:00,0.6458725,-0.015236139
2022-12-25,EL,5,2022,51,0.69751287,17.390587,12.130157,2023-01-04 13:00:00,0.7172189,-0.01970601
2023-01-01,VASS,1,2022,52,0.6564065,36.044464,23.659822,2023-01-11 13:00:00,0.6634743,-0.0070677996
2023-01-01,EL,5,2022,52,0.68760866,17.390587,11.957917,2023-01-11 13:00:00,0.69751287,-0.009904206
2023-01-01,EL,2,2022,52,0.6306773,34.04359,21.47052,2023-01-11 13:00:00,0.63063633,4.094839e-05
2023-01-01,EL,4,2022,52,0.6939913,21.079208,14.628788,2023-01-11 13:00:00,0.7101264,-0.016135097
2023-01-01,VASS,3,2022,52,0.65071905,28.155403,18.321257,2023-01-11 13:00:00,0.66934425,-0.0186252
2023-01-01,EL,1,2022,52,0.65179425,6.0032635,3.9128928,2023-01-11 13:00:00,0.67494154,-0.023147285
2023-01-01,VASS,2,2022,52,0.6399208,23.237715,14.8702965,2023-01-11 13:00:00,0.64374226,-0.0038214922
2023-01-01,EL,3,2022,52,0.54496723,8.920932,4.861615,2023-01-11 13:00:00,0.56982833,-0.024861097
2023-01-01,NO,0,2022,52,0.6502495,87.43758,56.85624,2023-01-11 13:00:00,0.66006136,-0.009811878
2023-01-08,EL,1,2023,1,0.6219759,6.0032635,3.7338853,2023-01-18 13:00:00,0.65179425,-0.029818356
2023-01-08,NO,0,2023,1,0.63073695,87.43758,55.15011,2023-01-18 13:00:00,0.6502882,-0.019551277
2023-01-08,EL,5,2023,1,0.66593236,17.390587,11.580955,2023-01-18 13:00:00,0.6876863,-0.021753967
2023-01-08,VASS,3,2023,1,0.62330085,28.155403,17.549288,2023-01-18 13:00:00,0.65071905,-0.027418196
2023-01-08,EL,3,2023,1,0.5077485,8.920932,4.529589,2023-01-18 13:00:00,0.54496723,-0.03721875
2023-01-08,VASS,2,2023,1,0.62642807,23.237715,14.556757,2023-01-18 13:00:00,0.6399208,-0.013492703
2023-01-08,EL,4,2023,1,0.66964537,21.079208,14.115595,2023-01-18 13:00:00,0.6939913,-0.024345934
2023-01-08,EL,2,2023,1,0.62124926,34.04359,21.149555,2023-01-18 13:00:00,0.6306773,-0.009428024
2023-01-08,VASS,1,2023,1,0.63886005,36.044464,23.027369,2023-01-18 13:00:00,0.6564065,-0.017546475
2023-01-15,VASS,2,2023,2,0.61838406,23.237715,14.369833,2023-01-25 13:00:00,0.6264476,-0.008063555
2023-01-15,EL,3,2023,2,0.48174512,8.920932,4.297615,2023-01-25 13:00:00,0.5077485,-0.02600336
2023-01-15,EL,2,2023,2,0.6188289,34.04359,21.067156,2023-01-25 13:00:00,0.62124926,-0.0024203658
2023-01-15,NO,0,2023,2,0.6175875,87.43758,54.000355,2023-01-25 13:00:00,0.6307416,-0.013154089
2023-01-15,VASS,3,2023,2,0.6008866,28.155403,16.918203,2023-01-25 13:00:00,0.62330085,-0.022414267
2023-01-15,EL,5,2023,2,0.6508174,17.390587,11.318096,2023-01-25 13:00:00,0.6658574,-0.01503998
2023-01-15,EL,1,2023,2,0.5997396,6.0032635,3.600395,2023-01-25 13:00:00,0.6219759,-0.022236288
2023-01-15,VASS,1,2023,2,0.6293736,36.044464,22.685436,2023-01-25 13:00:00,0.63886005,-0.009486437
2023-01-15,EL,4,2023,2,0.648118,21.079208,13.661816,2023-01-25 13:00:00,0.66964537,-0.02152735
2023-01-22,EL,2,2023,3,0.58898896,34.04359,20.051298,2023-02-01 13:00:00,0.6188289,-0.029839933
2023-01-22,VASS,2,2023,3,0.5880851,23.237715,13.665754,2023-02-01 13:00:00,0.61838406,-0.030298948
2023-01-22,VASS,1,2023,3,0.59131205,36.044464,21.313528,2023-02-01 13:00:00,0.6294432,-0.038131177
2023-01-22,VASS,3,2023,3,0.57469505,28.155403,16.18077,2023-02-01 13:00:00,0.6008866,-0.026191533
2023-01-22,EL,3,2023,3,0.4466824,8.920932,3.984823,2023-02-01 13:00:00,0.48174512,-0.03506273
2023-01-22,EL,4,2023,3,0.6242695,21.079208,13.159107,2023-02-01 13:00:00,0.648118,-0.023848534
2023-01-22,EL,1,2023,3,0.5544846,6.0032635,3.3287172,2023-02-01 13:00:00,0.5997396,-0.045255005
2023-01-22,EL,5,2023,3,0.60951537,17.390587,10.599829,2023-02-01 13:00:00,0.6508174,-0.041302025
2023-01-22,NO,0,2023,3,0.5852383,87.43758,51.171818,2023-02-01 13:00:00,0.61755764,-0.032319367
2023-01-29,VASS,2,2023,4,0.56930673,23.237715,13.229387,2023-02-08 13:00:00,0.5880685,-0.018761754
2023-01-29,EL,1,2023,4,0.5118062,6.0032635,3.0725076,2023-02-08 13:00:00,0.5544846,-0.042678416
2023-01-29,NO,0,2023,4,0.56209075,87.43758,49.147854,2023-02-08 13:00:00,0.58526564,-0.023174882
2023-01-29,EL,2,2023,4,0.5639921,34.04359,19.200314,2023-02-08 13:00:00,0.58898896,-0.024996877
2023-01-29,EL,4,2023,4,0.6148353,21.079208,12.960242,2023-02-08 13:00:00,0.6242695,-0.009434164
2023-01-29,VASS,3,2023,4,0.5638473,28.155403,15.875348,2023-02-08 13:00:00,0.5746911,-0.010843813
2023-01-29,VASS,1,2023,4,0.5561996,36.044464,20.047918,2023-02-08 13:00:00,0.59125346,-0.03505385
2023-01-29,EL,3,2023,4,0.4362437,8.920932,3.8917005,2023-02-08 13:00:00,0.4466824,-0.010438681
2023-01-29,EL,5,2023,4,0.57454526,17.390587,9.991678,2023-02-08 13:00:00,0.60958356,-0.035038292
2023-02-05,NO,0,2023,5,0.5365894,87.43758,46.91808,2023-02-15 13:00:00,0.56209075,-0.02550137
2023-02-05,EL,3,2023,5,0.4053174,8.920932,3.6158087,2023-02-15 13:00:00,0.4362437,-0.030926317
2023-02-05,EL,4,2023,5,0.59231573,21.079208,12.485547,2023-02-15 13:00:00,0.6148353,-0.022519588
2023-02-05,EL,2,2023,5,0.54451317,34.04359,18.537184,2023-02-15 13:00:00,0.56404877,-0.019535601
2023-02-05,VASS,1,2023,5,0.5256061,36.044464,18.945192,2023-02-15 13:00:00,0.5562469,-0.03064078
2023-02-05,EL,5,2023,5,0.54131866,17.390587,9.413849,2023-02-15 13:00:00,0.57454526,-0.03322661
2023-02-05,VASS,2,2023,5,0.5499763,23.237715,12.780192,2023-02-15 13:00:00,0.569301,-0.01932472
2023-02-05,EL,1,2023,5,0.47226804,6.0032635,2.8351498,2023-02-15 13:00:00,0.5118062,-0.039538145
2023-02-05,VASS,3,2023,5,0.54003835,28.155403,15.204997,2023-02-15 13:00:00,0.5638515,-0.023813128
2023-02-12,VASS,2,2023,6,0.5320138,23.237715,12.362784,2023-02-22 13:00:00,0.5499842,-0.017970443
2023-02-12,VASS,3,2023,6,0.5261481,28.155403,14.813911,2023-02-22 13:00:00,0.540034,-0.013885915
2023-02-12,EL,4,2023,6,0.5791934,21.079208,12.20894,2023-02-22 13:00:00,0.59231573,-0.01312232
2023-02-12,EL,5,2023,6,0.5073189,17.390587,8.822574,2023-02-22 13:00:00,0.5412586,-0.03393966
2023-02-12,EL,3,2023,6,0.38974926,8.920932,3.4769266,2023-02-22 13:00:00,0.4053174,-0.015568137
2023-02-12,EL,1,2023,6,0.43060762,6.0032635,2.585051,2023-02-22 13:00:00,0.47226804,-0.041660428
2023-02-12,VASS,1,2023,6,0.49633867,36.044464,17.890263,2023-02-22 13:00:00,0.5255622,-0.029223561
2023-02-12,NO,0,2023,6,0.5151229,87.43758,45.0411,2023-02-22 13:00:00,0.5365692,-0.021446288
2023-02-12,EL,2,2023,6,0.52652776,34.04359,17.924894,2023-02-22 13:00:00,0.54445225,-0.017924488
2023-02-19,VASS,2,2023,7,0.51418054,23.237715,11.94838,2023-03-01 13:00:00,0.53199315,-0.01781261
2023-02-19,VASS,3,2023,7,0.50902456,28.155403,14.331791,2023-03-01 13:00:00,0.5261525,-0.017127931
2023-02-19,EL,5,2023,7,0.47480735,17.390587,8.257177,2023-03-01 13:00:00,0.5073189,-0.032511562
2023-02-19,EL,3,2023,7,0.3718754,8.920932,3.317475,2023-03-01 13:00:00,0.38974926,-0.017873853
2023-02-19,EL,1,2023,7,0.3879336,6.0032635,2.3288677,2023-03-01 13:00:00,0.43060762,-0.042674005
2023-02-19,EL,2,2023,7,0.5097202,34.04359,17.352705,2023-03-01 13:00:00,0.52652776,-0.016807556
2023-02-19,NO,0,2023,7,0.49302462,87.43758,43.10888,2023-03-01 13:00:00,0.5151229,-0.022098273
2023-02-19,VASS,1,2023,7,0.4679045,36.044464,16.865368,2023-03-01 13:00:00,0.4963821,-0.02847758
2023-02-19,EL,4,2023,7,0.5614587,21.079208,11.835106,2023-03-01 13:00:00,0.5791934,-0.017734706
2023-02-26,EL,4,2023,8,0.538125,21.079208,11.343249,2023-03-08 13:00:00,0.5614587,-0.023333728
2023-02-26,VASS,3,2023,8,0.48368707,28.155403,13.618404,2023-03-08 13:00:00,0.50902456,-0.025337487
2023-02-26,VASS,1,2023,8,0.4429993,36.044464,15.967673,2023-03-08 13:00:00,0.46786514,-0.024865836
2023-02-26,VASS,2,2023,8,0.495722,23.237715,11.519446,2023-03-08 13:00:00,0.5142051,-0.018483102
2023-02-26,NO,0,2023,8,0.46974018,87.43758,41.072945,2023-03-08 13:00:00,0.4930591,-0.023318917
2023-02-26,EL,1,2023,8,0.35412914,6.0032635,2.1259305,2023-03-08 13:00:00,0.3879336,-0.033804476
2023-02-26,EL,5,2023,8,0.44453567,17.390587,7.730736,2023-03-08 13:00:00,0.4748595,-0.030323833
2023-02-26,EL,2,2023,8,0.49418825,34.04359,16.823942,2023-03-08 13:00:00,0.5097202,-0.015531957
2023-02-26,EL,3,2023,8,0.3389452,8.920932,3.023707,2023-03-08 13:00:00,0.3718754,-0.032930195
2023-03-05,VASS,3,2023,9,0.4688025,28.155403,13.199324,2023-03-15 13:00:00,0.48368707,-0.014884561
2023-03-05,EL,3,2023,9,0.32552564,8.920932,2.903992,2023-03-15 13:00:00,0.3389452,-0.013419569
2023-03-05,VASS,1,2023,9,0.40573,36.044464,14.624321,2023-03-15 13:00:00,0.4429993,-0.037269294
2023-03-05,NO,0,2023,9,0.44124147,87.43758,38.581085,2023-03-15 13:00:00,0.46970814,-0.028466672
2023-03-05,EL,1,2023,9,0.3108813,6.0032635,1.8663024,2023-03-15 13:00:00,0.35412914,-0.04324785
2023-03-05,EL,4,2023,9,0.52151203,21.079208,10.993061,2023-03-15 13:00:00,0.538125,-0.016612947
2023-03-05,VASS,2,2023,9,0.46525848,23.237715,10.811544,2023-03-15 13:00:00,0.495694,-0.030435532
2023-03-05,EL,5,2023,9,0.40031114,17.390587,6.9616456,2023-03-15 13:00:00,0.44453567,-0.04422453
2023-03-05,EL,2,2023,9,0.46559706,34.04359,15.850595,2023-03-15 13:00:00,0.49418825,-0.028591186
2023-03-12,EL,2,2023,10,0.43492624,34.04359,14.80645,2023-03-22 13:00:00,0.4656708,-0.030744553
2023-03-12,VASS,3,2023,10,0.44157255,28.155403,12.432652,2023-03-22 13:00:00,0.4688025,-0.027229965
2023-03-12,EL,4,2023,10,0.4968298,21.079208,10.472779,2023-03-22 13:00:00,0.52151203,-0.024682224
2023-03-12,VASS,1,2023,10,0.36451223,36.044464,13.138648,2023-03-22 13:00:00,0.40573,-0.041217774
2023-03-12,EL,1,2023,10,0.26293814,6.0032635,1.5784869,2023-03-22 13:00:00,0.3108813,-0.047943145
2023-03-12,NO,0,2023,10,0.4072288,87.43758,35.6071,2023-03-22 13:00:00,0.4412743,-0.034045488
2023-03-12,EL,3,2023,10,0.28848422,8.920932,2.5735478,2023-03-22 13:00:00,0.32552564,-0.037041426
2023-03-12,VASS,2,2023,10,0.43463713,23.237715,10.099974,2023-03-22 13:00:00,0.46528906,-0.030651927
2023-03-12,EL,5,2023,10,0.3550462,17.390587,6.174462,2023-03-22 13:00:00,0.40026745,-0.04522124
2023-03-19,EL,2,2023,11,0.41412497,34.04359,14.098301,2023-03-29 13:00:00,0.43485105,-0.020726085
2023-03-19,VASS,1,2023,11,0.33431193,36.044464,12.050095,2023-03-29 13:00:00,0.36451223,-0.030200303
2023-03-19,VASS,3,2023,11,0.4175183,28.155403,11.755396,2023-03-29 13:00:00,0.44157255,-0.024054259
2023-03-19,EL,3,2023,11,0.26263598,8.920932,2.3429575,2023-03-29 13:00:00,0.28848422,-0.02584824
2023-03-19,EL,1,2023,11,0.22556129,6.0032635,1.3541039,2023-03-29 13:00:00,0.26293814,-0.03737685
2023-03-19,NO,0,2023,11,0.38187382,87.43758,33.39012,2023-03-29 13:00:00,0.4072129,-0.025339097
2023-03-19,EL,4,2023,11,0.4727212,21.079208,9.964589,2023-03-29 13:00:00,0.4968298,-0.024108618
2023-03-19,EL,5,2023,11,0.32364604,17.390587,5.628394,2023-03-29 13:00:00,0.35508513,-0.031439096
2023-03-19,VASS,2,2023,11,0.41547775,23.237715,9.654754,2023-03-29 13:00:00,0.43460745,-0.019129694
2023-03-26,EL,3,2023,12,0.23742494,8.920932,2.1180518,2023-04-05 13:00:00,0.26263598,-0.025211036
2023-03-26,EL,4,2023,12,0.4447999,21.079208,9.37603,2023-04-05 13:00:00,0.4727212,-0.02792129
2023-03-26,VASS,3,2023,12,0.38994962,28.155403,10.979189,2023-04-05 13:00:00,0.41751453,-0.027564913
2023-03-26,VASS,1,2023,12,0.31498986,36.044464,11.353641,2023-04-05 13:00:00,0.33433986,-0.019349992
2023-03-26,EL,5,2023,12,0.30483234,17.390587,5.301213,2023-04-05 13:00:00,0.32364604,-0.0188137
2023-03-26,NO,0,2023,12,0.3624394,87.43758,31.690823,2023-04-05 13:00:00,0.38188842,-0.019449025
2023-03-26,EL,2,2023,12,0.402126,34.04359,13.689814,2023-04-05 13:00:00,0.41412497,-0.011998951
2023-03-26,EL,1,2023,12,0.19870165,6.0032635,1.1928585,2023-04-05 13:00:00,0.22556129,-0.026859641
2023-03-26,VASS,2,2023,12,0.40542966,23.237715,9.421259,2023-04-05 13:00:00,0.41550472,-0.0100750625
2023-04-02,EL,3,2023,13,0.2054862,8.920932,1.8331283,2023-04-12 13:00:00,0.23742494,-0.031938747
2023-04-02,EL,1,2023,13,0.16044909,6.0032635,0.9632182,2023-04-12 13:00:00,0.1986925,-0.038243413
2023-04-02,EL,5,2023,13,0.27504617,17.390587,4.783214,2023-04-12 13:00:00,0.30483234,-0.02978617
2023-04-02,EL,4,2023,13,0.41708606,21.079208,8.791844,2023-04-12 13:00:00,0.4447999,-0.027713835
2023-04-02,VASS,3,2023,13,0.36148292,28.155403,10.177697,2023-04-12 13:00:00,0.38995382,-0.028470904
2023-04-02,EL,2,2023,13,0.3789259,34.04359,12.899998,2023-04-12 13:00:00,0.402126,-0.023200125
2023-04-02,NO,0,2023,13,0.33494288,87.43758,29.286594,2023-04-12 13:00:00,0.362431,-0.027488112
2023-04-02,VASS,2,2023,13,0.3836897,23.237715,8.916072,2023-04-12 13:00:00,0.40546498,-0.021775275
2023-04-02,VASS,1,2023,13,0.28460968,36.044464,10.258603,2023-04-12 13:00:00,0.31496856,-0.03035888
2023-04-09,VASS,1,2023,14,0.25158104,36.044464,9.068105,2023-04-19 13:00:00,0.2846294,-0.03304836
2023-04-09,VASS,3,2023,14,0.3357708,28.155403,9.453762,2023-04-19 13:00:00,0.36148292,-0.025712132
2023-04-09,EL,4,2023,14,0.39271438,21.079208,8.278109,2023-04-19 13:00:00,0.41708606,-0.024371684
2023-04-09,EL,2,2023,14,0.35192427,34.04359,11.980765,2023-04-19 13:00:00,0.3789259,-0.02700162
2023-04-09,VASS,2,2023,14,0.3608068,23.237715,8.384325,2023-04-19 13:00:00,0.3836897,-0.022882909
2023-04-09,EL,1,2023,14,0.12309674,6.0032635,0.7389822,2023-04-19 13:00:00,0.16045786,-0.037361123
2023-04-09,NO,0,2023,14,0.3068792,87.43758,26.832773,2023-04-19 13:00:00,0.3349357,-0.028056502
2023-04-09,EL,3,2023,14,0.17423867,8.920932,1.5543712,2023-04-19 13:00:00,0.2054862,-0.031247526
2023-04-09,EL,5,2023,14,0.2453226,17.390587,4.2663035,2023-04-19 13:00:00,0.27501565,-0.029693052
2023-04-16,VASS,3,2023,15,0.3192106,28.155403,8.987503,2023-04-26 13:00:00,0.3357708,-0.016560197
2023-04-16,EL,2,2023,15,0.3425205,34.04359,11.660628,2023-04-26 13:00:00,0.35192427,-0.009403765
2023-04-16,EL,5,2023,15,0.22593224,17.390587,3.929094,2023-04-26 13:00:00,0.24534999,-0.019417748
2023-04-16,EL,3,2023,15,0.16197759,8.920932,1.444991,2023-04-26 13:00:00,0.17423867,-0.012261078
2023-04-16,EL,4,2023,15,0.37490448,21.079208,7.90269,2023-04-26 13:00:00,0.39271438,-0.017809898
2023-04-16,VASS,2,2023,15,0.3484593,23.237715,8.097398,2023-04-26 13:00:00,0.36074123,-0.0122819245
2023-04-16,NO,0,2023,15,0.29432932,87.43758,25.735443,2023-04-26 13:00:00,0.30689463,-0.012565315
2023-04-16,EL,1,2023,15,0.13007224,6.0032635,0.7808579,2023-04-26 13:00:00,0.12309674,0.0069754943
2023-04-16,VASS,1,2023,15,0.24178475,36.044464,8.715002,2023-04-26 13:00:00,0.25158104,-0.009796292
2023-04-23,EL,4,2023,16,0.3561087,21.079208,7.5064898,2023-05-03 13:00:00,0.37490448,-0.018795788
2023-04-23,EL,2,2023,16,0.34077984,34.04359,11.601369,2023-05-03 13:00:00,0.34255755,-0.0017777085
2023-04-23,NO,0,2023,16,0.28794008,87.43758,25.176783,2023-05-03 13:00:00,0.29432088,-0.0063807964
2023-04-23,VASS,1,2023,16,0.24282901,36.044464,8.752642,2023-05-03 13:00:00,0.24184565,0.0009833574
2023-04-23,VASS,3,2023,16,0.3034545,28.155403,8.543882,2023-05-03 13:00:00,0.3192106,-0.0157561
2023-04-23,VASS,2,2023,16,0.34142926,23.237715,7.934036,2023-05-03 13:00:00,0.34850138,-0.007072121
2023-04-23,EL,1,2023,16,0.15031616,6.0032635,0.90238756,2023-05-03 13:00:00,0.13007224,0.020243928
2023-04-23,EL,3,2023,16,0.1537213,8.920932,1.3713373,2023-05-03 13:00:00,0.16197759,-0.008256286
2023-04-23,EL,5,2023,16,0.21663612,17.390587,3.767429,2023-05-03 13:00:00,0.22590688,-0.009270757
2023-04-30,EL,3,2023,17,0.13159479,8.920932,1.1739482,2023-05-10 13:00:00,0.1537213,-0.02212651
2023-04-30,EL,4,2023,17,0.3375281,21.079208,7.1148257,2023-05-10 13:00:00,0.3561087,-0.018580586
2023-04-30,VASS,2,2023,17,0.32882404,23.237715,7.641119,2023-05-10 13:00:00,0.34145898,-0.012634933
2023-04-30,EL,2,2023,17,0.33390415,34.04359,11.367296,2023-05-10 13:00:00,0.3407916,-0.0068874657
2023-04-30,EL,1,2023,17,0.16146109,6.0032635,0.9692935,2023-05-10 13:00:00,0.15031616,0.011144921
2023-04-30,EL,5,2023,17,0.20733768,17.390587,3.6057236,2023-05-10 13:00:00,0.21663612,-0.009298444
2023-04-30,VASS,3,2023,17,0.28397107,28.155403,7.99532,2023-05-10 13:00:00,0.3034545,-0.019483417
2023-04-30,NO,0,2023,17,0.27759805,87.43758,24.272503,2023-05-10 13:00:00,0.28795606,-0.010358006
2023-04-30,VASS,1,2023,17,0.24062222,36.044464,8.6730995,2023-05-10 13:00:00,0.24279834,-0.0021761209
2023-05-07,EL,5,2023,18,0.19653134,17.390587,3.4177952,2023-05-17 13:00:00,0.20736112,-0.0108297765
2023-05-07,VASS,1,2023,18,0.2295828,36.044464,8.275189,2023-05-17 13:00:00,0.24065086,-0.011068061
2023-05-07,EL,2,2023,18,0.32404605,34.04359,11.031691,2023-05-17 13:00:00,0.33395055,-0.009904504
2023-05-07,VASS,2,2023,18,0.31920013,23.237715,7.4174814,2023-05-17 13:00:00,0.32882404,-0.009623915
2023-05-07,VASS,3,2023,18,0.26307,28.155403,7.4068413,2023-05-17 13:00:00,0.28397107,-0.020901084
2023-05-07,EL,4,2023,18,0.31720966,21.079208,6.6865287,2023-05-17 13:00:00,0.3375281,-0.020318449
2023-05-07,EL,1,2023,18,0.15189257,6.0032635,0.9118511,2023-05-17 13:00:00,0.16146109,-0.009568512
2023-05-07,EL,3,2023,18,0.10903239,8.920932,0.97267056,2023-05-17 13:00:00,0.13159479,-0.0225624
2023-05-07,NO,0,2023,18,0.26377684,87.43758,23.064009,2023-05-17 13:00:00,0.27753246,-0.0137556195
2023-05-14,EL,1,2023,19,0.20979069,6.0032635,1.2594289,2023-05-24 13:00:00,0.15189257,0.05789812
2023-05-14,EL,4,2023,19,0.32559246,21.079208,6.8632317,2023-05-24 13:00:00,0.31720966,0.008382797
2023-05-14,VASS,1,2023,19,0.26521584,36.044464,9.559564,2023-05-24 13:00:00,0.2295828,0.035633042
2023-05-14,EL,3,2023,19,0.14943105,8.920932,1.3330642,2023-05-24 13:00:00,0.10903239,0.040398657
2023-05-14,VASS,2,2023,19,0.33835188,23.237715,7.8625245,2023-05-24 13:00:00,0.31911626,0.019235611
2023-05-14,NO,0,2023,19,0.28876275,87.43758,25.248714,2023-05-24 13:00:00,0.26377684,0.02498591
2023-05-14,EL,5,2023,19,0.20421718,17.390587,3.5514565,2023-05-24 13:00:00,0.19653134,0.00768584
2023-05-14,VASS,3,2023,19,0.2785997,28.155403,7.844087,2023-05-24 13:00:00,0.26307,0.015529722
2023-05-14,EL,2,2023,19,0.35822564,34.04359,12.195287,2023-05-24 13:00:00,0.32404605,0.034179598
2023-05-21,VASS,2,2023,20,0.36110646,23.237715,8.391289,2023-05-31 13:00:00,0.33843663,0.022669822
2023-05-21,EL,5,2023,20,0.23054895,17.390587,4.0093813,2023-05-31 13:00:00,0.20421718,0.026331767
2023-05-21,EL,3,2023,20,0.23459199,8.920932,2.0927792,2023-05-31 13:00:00,0.14943105,0.08516094
2023-05-21,EL,1,2023,20,0.37117937,6.0032635,2.2282877,2023-05-31 13:00:00,0.20979069,0.16138868
2023-05-21,NO,0,2023,20,0.34210405,87.43758,29.91275,2023-05-31 13:00:00,0.28884545,0.053258598
2023-05-21,VASS,3,2023,20,0.3399489,28.155403,9.571398,2023-05-31 13:00:00,0.2785997,0.061349183
2023-05-21,EL,2,2023,20,0.3992263,34.04359,13.591097,2023-05-31 13:00:00,0.35822564,0.041000664
2023-05-21,EL,4,2023,20,0.3774418,21.079208,7.9561744,2023-05-31 13:00:00,0.32559246,0.051849335
2023-05-21,VASS,1,2023,20,0.33174506,36.044464,11.957573,2023-05-31 13:00:00,0.26519305,0.06655201
2023-05-28,EL,2,2023,21,0.45968547,34.04359,15.6493435,2023-06-07 13:00:00,0.3992263,0.060459167
2023-05-28,NO,0,2023,21,0.4081647,87.43758,35.688934,2023-06-07 13:00:00,0.34210405,0.06606066
2023-05-28,VASS,2,2023,21,0.39990297,23.237715,9.292831,2023-06-07 13:00:00,0.36110646,0.038796514
2023-05-28,EL,1,2023,21,0.5265547,6.0032635,3.1610467,2023-06-07 13:00:00,0.37121487,0.15533984
2023-05-28,VASS,1,2023,21,0.42149657,36.044464,15.192618,2023-06-07 13:00:00,0.33175465,0.089741915
2023-05-28,VASS,3,2023,21,0.39720204,28.155403,11.183384,2023-06-07 13:00:00,0.3399489,0.057253152
2023-05-28,EL,5,2023,21,0.28843164,17.390587,5.015995,2023-06-07 13:00:00,0.23052283,0.057908818
2023-05-28,EL,4,2023,21,0.4276834,21.079208,9.015228,2023-06-07 13:00:00,0.3774418,0.05024162
2023-05-28,EL,3,2023,21,0.31490362,8.920932,2.8092337,2023-06-07 13:00:00,0.23459199,0.080311626
2023-06-04,VASS,3,2023,22,0.43039113,28.155403,12.117836,2023-06-14 13:00:00,0.39720204,0.033189088
2023-06-04,VASS,2,2023,22,0.4273123,23.237715,9.929762,2023-06-14 13:00:00,0.39990297,0.027409345
2023-06-04,EL,5,2023,22,0.3338356,17.390587,5.805597,2023-06-14 13:00:00,0.28843164,0.045403957
2023-06-04,EL,3,2023,22,0.36555162,8.920932,3.261061,2023-06-14 13:00:00,0.31490362,0.050648004
2023-06-04,NO,0,2023,22,0.451884,87.43758,39.511646,2023-06-14 13:00:00,0.4081647,0.04371929
2023-06-04,EL,1,2023,22,0.59566,6.0032635,3.575904,2023-06-14 13:00:00,0.52651465,0.06914532
2023-06-04,VASS,1,2023,22,0.48327246,36.044464,17.419296,2023-06-14 13:00:00,0.42149657,0.061775893
2023-06-04,EL,4,2023,22,0.45503384,21.079208,9.591753,2023-06-14 13:00:00,0.4276834,0.027350426
2023-06-04,EL,2,2023,22,0.50615776,34.04359,17.231428,2023-06-14 13:00:00,0.45968822,0.04646954
2023-06-11,EL,1,2023,23,0.6591693,6.0032635,3.9571671,2023-06-21 13:00:00,0.59566,0.063509345
2023-06-11,EL,4,2023,23,0.4726942,21.079208,9.96402,2023-06-21 13:00:00,0.45503384,0.01766035
2023-06-11,EL,3,2023,23,0.4292734,8.920932,3.8295186,2023-06-21 13:00:00,0.36555162,0.063721776
2023-06-11,VASS,2,2023,23,0.46771643,23.237715,10.868661,2023-06-21 13:00:00,0.42727512,0.040441304
2023-06-11,VASS,1,2023,23,0.5514809,36.044464,19.877834,2023-06-21 13:00:00,0.48327246,0.068208426
2023-06-11,EL,2,2023,23,0.55500656,34.04359,18.894417,2023-06-21 13:00:00,0.5061363,0.048870265
2023-06-11,VASS,3,2023,23,0.45926446,28.155403,12.930776,2023-06-21 13:00:00,0.43039113,0.028873324
2023-06-11,EL,5,2023,23,0.4054185,17.390587,7.0504646,2023-06-21 13:00:00,0.3338356,0.07158288
2023-06-11,NO,0,2023,23,0.5003683,87.43758,43.75099,2023-06-21 13:00:00,0.45180184,0.04856646
2023-06-18,VASS,3,2023,24,0.517954,28.155403,14.583203,2023-06-28 13:00:00,0.45926446,0.058689535
2023-06-18,EL,4,2023,24,0.5218323,21.079208,10.999811,2023-06-28 13:00:00,0.4726942,0.0491381
2023-06-18,EL,1,2023,24,0.7222896,6.0032635,4.3360953,2023-06-28 13:00:00,0.6591693,0.063120306
2023-06-18,EL,2,2023,24,0.5972725,34.04359,20.333302,2023-06-28 13:00:00,0.55500656,0.04226595
2023-06-18,VASS,2,2023,24,0.5220188,23.237715,12.130524,2023-06-28 13:00:00,0.46771643,0.054302365
2023-06-18,EL,3,2023,24,0.5185383,8.920932,4.625845,2023-06-28 13:00:00,0.4292734,0.0892649
2023-06-18,VASS,1,2023,24,0.61358887,36.044464,22.116482,2023-06-28 13:00:00,0.55149865,0.062090218
2023-06-18,EL,5,2023,24,0.49254358,17.390587,8.565621,2023-06-28 13:00:00,0.4054656,0.087077975
2023-06-18,NO,0,2023,24,0.5593782,87.43758,48.910675,2023-06-28 13:00:00,0.50043577,0.058942437
2023-06-25,EL,5,2023,25,0.5736122,17.390587,9.975452,2023-07-05 13:00:00,0.49248642,0.081125796
2023-06-25,EL,1,2023,25,0.7778678,6.0032635,4.6697454,2023-07-05 13:00:00,0.7222896,0.055578172
2023-06-25,VASS,2,2023,25,0.5744261,23.237715,13.348351,2023-07-05 13:00:00,0.5220188,0.052407324
2023-06-25,VASS,3,2023,25,0.58436775,28.155403,16.45311,2023-07-05 13:00:00,0.517954,0.06641376
2023-06-25,EL,3,2023,25,0.5885542,8.920932,5.2504516,2023-07-05 13:00:00,0.5185383,0.07001591
2023-06-25,NO,0,2023,25,0.6160919,87.43758,53.869587,2023-07-05 13:00:00,0.55932915,0.056762755
2023-06-25,EL,2,2023,25,0.63326293,34.04359,21.558542,2023-07-05 13:00:00,0.5973358,0.035927117
2023-06-25,VASS,1,2023,25,0.66585803,36.044464,24.000496,2023-07-05 13:00:00,0.6135322,0.052325845
2023-06-25,EL,4,2023,25,0.58750606,21.079208,12.384163,2023-07-05 13:00:00,0.5218323,0.06567377
2023-07-02,VASS,1,2023,26,0.700968,36.044464,25.266018,2023-07-12 13:00:00,0.66580397,0.03516406
2023-07-02,EL,2,2023,26,0.6626706,34.04359,22.559687,2023-07-12 13:00:00,0.63326293,0.02940768
2023-07-02,EL,1,2023,26,0.8021352,6.0032635,4.815429,2023-07-12 13:00:00,0.7778678,0.024267435
2023-07-02,VASS,2,2023,26,0.6159291,23.237715,14.312785,2023-07-12 13:00:00,0.5744261,0.041503012
2023-07-02,EL,3,2023,26,0.6315953,8.920932,5.6344185,2023-07-12 13:00:00,0.5885542,0.04304111
2023-07-02,EL,5,2023,26,0.63103765,17.390587,10.974114,2023-07-12 13:00:00,0.57367843,0.05735922
2023-07-02,VASS,3,2023,26,0.6265371,28.155403,17.640404,2023-07-12 13:00:00,0.58436775,0.042169333
2023-07-02,EL,4,2023,26,0.62968004,21.079208,13.273157,2023-07-12 13:00:00,0.58750606,0.04217398
2023-07-02,NO,0,2023,26,0.6551506,87.43758,57.284782,2023-07-12 13:00:00,0.61612266,0.03902793
2023-07-09,EL,1,2023,27,0.8232539,6.0032635,4.9422107,2023-07-19 13:00:00,0.80214024,0.021113694
2023-07-09,NO,0,2023,27,0.67557037,87.43758,59.07024,2023-07-19 13:00:00,0.6551308,0.020439565
2023-07-09,EL,4,2023,27,0.64064497,21.079208,13.504289,2023-07-19 13:00:00,0.62968004,0.01096493
2023-07-09,VASS,3,2023,27,0.6382449,28.155403,17.970043,2023-07-19 13:00:00,0.6265371,0.011707842
2023-07-09,VASS,1,2023,27,0.72407216,36.044464,26.098793,2023-07-19 13:00:00,0.7010486,0.023023546
2023-07-09,VASS,2,2023,27,0.64249974,23.237715,14.930225,2023-07-19 13:00:00,0.61593974,0.026560009
2023-07-09,EL,2,2023,27,0.68028134,34.04359,23.159218,2023-07-19 13:00:00,0.6626706,0.017610729
2023-07-09,EL,3,2023,27,0.64643884,8.920932,5.766837,2023-07-19 13:00:00,0.6315953,0.0148435235
2023-07-09,EL,5,2023,27,0.6704359,17.390587,11.659273,2023-07-19 13:00:00,0.6309651,0.03947079
2023-07-16,EL,2,2023,28,0.7099565,34.04359,24.169468,2023-07-26 13:00:00,0.68022823,0.029728293
2023-07-16,EL,5,2023,28,0.7217898,17.390587,12.552346,2023-07-26 13:00:00,0.6704359,0.05135387
2023-07-16,NO,0,2023,28,0.70886415,87.43758,61.98136,2023-07-26 13:00:00,0.67557037,0.033293784
2023-07-16,VASS,1,2023,28,0.758069,36.044464,27.324192,2023-07-26 13:00:00,0.72407216,0.03399682
2023-07-16,VASS,3,2023,28,0.66375786,28.155403,18.68837,2023-07-26 13:00:00,0.6382449,0.025512934
2023-07-16,EL,1,2023,28,0.8566883,6.0032635,5.1429257,2023-07-26 13:00:00,0.8232487,0.033439636
2023-07-16,EL,4,2023,28,0.6624105,21.079208,13.963089,2023-07-26 13:00:00,0.64064497,0.02176553
2023-07-16,VASS,2,2023,28,0.68379194,23.237715,15.889762,2023-07-26 13:00:00,0.64249974,0.04129219
2023-07-16,EL,3,2023,28,0.68456846,8.920932,6.1069884,2023-07-26 13:00:00,0.64643884,0.038129628
2023-07-23,EL,1,2023,29,0.8669612,6.0032635,5.2045965,2023-08-02 13:00:00,0.8566883,0.0102728605
2023-07-23,EL,2,2023,29,0.73677135,34.04359,25.082342,2023-08-02 13:00:00,0.70992327,0.026848078
2023-07-23,EL,5,2023,29,0.7593734,17.390587,13.205949,2023-08-02 13:00:00,0.7217898,0.03758365
2023-07-23,VASS,1,2023,29,0.7798067,36.044464,28.107716,2023-08-02 13:00:00,0.75802517,0.021781504
2023-07-23,VASS,3,2023,29,0.67452085,28.155403,18.991405,2023-08-02 13:00:00,0.66375786,0.0107629895
2023-07-23,VASS,2,2023,29,0.7226395,23.237715,16.79249,2023-08-02 13:00:00,0.6837665,0.038873017
2023-07-23,NO,0,2023,29,0.7317522,87.43758,63.98264,2023-08-02 13:00:00,0.7088698,0.022882402
2023-07-23,EL,4,2023,29,0.6712656,21.079208,14.149748,2023-08-02 13:00:00,0.6624105,0.008855104
2023-07-23,EL,3,2023,29,0.7038866,8.920932,6.2793245,2023-08-02 13:00:00,0.68456846,0.019318163
2023-07-30,VASS,1,2023,30,0.7877007,36.044464,28.39225,2023-08-09 13:00:00,0.7798067,0.007894039
2023-07-30,EL,1,2023,30,0.9111068,6.0032635,5.469615,2023-08-09 13:00:00,0.8669612,0.044145644
2023-07-30,VASS,2,2023,30,0.7307472,23.237715,16.980896,2023-08-09 13:00:00,0.7226395,0.008107722
2023-07-30,EL,4,2023,30,0.6705037,21.079208,14.133688,2023-08-09 13:00:00,0.6712656,-0.0007619262
2023-07-30,EL,3,2023,30,0.7055602,8.920932,6.2942543,2023-08-09 13:00:00,0.7038866,0.0016735792
2023-07-30,VASS,3,2023,30,0.6752333,28.155403,19.011465,2023-08-09 13:00:00,0.67452085,0.0007124543
2023-07-30,EL,2,2023,30,0.7359605,34.04359,25.054737,2023-08-09 13:00:00,0.73679405,-0.00083357096
2023-07-30,EL,5,2023,30,0.7741435,17.390587,13.46281,2023-08-09 13:00:00,0.7593734,0.014770091
2023-07-30,NO,0,2023,30,0.73745877,87.43758,64.48161,2023-08-09 13:00:00,0.73174876,0.0057100058
2023-08-06,EL,4,2023,31,0.6789415,21.079208,14.31155,2023-08-16 13:00:00,0.6705037,0.008437812
2023-08-06,VASS,1,2023,31,0.78266025,36.044464,28.21057,2023-08-16 13:00:00,0.78772116,-0.005060911
2023-08-06,EL,5,2023,31,0.7766767,17.390587,13.506864,2023-08-16 13:00:00,0.7741435,0.0025331974
2023-08-06,NO,0,2023,31,0.73806846,87.43758,64.53492,2023-08-16 13:00:00,0.73745877,0.0006096959
2023-08-06,EL,2,2023,31,0.7332719,34.04359,24.963207,2023-08-16 13:00:00,0.73594457,-0.0026726723
2023-08-06,EL,1,2023,31,0.8940784,6.0032635,5.3673882,2023-08-16 13:00:00,0.9111068,-0.017028451
2023-08-06,VASS,2,2023,31,0.7311492,23.237715,16.990236,2023-08-16 13:00:00,0.7307472,0.00040197372
2023-08-06,EL,3,2023,31,0.70905715,8.920932,6.3254504,2023-08-16 13:00:00,0.7054605,0.0035966635
2023-08-06,VASS,3,2023,31,0.68367285,28.155403,19.249084,2023-08-16 13:00:00,0.6752333,0.008439541
2023-08-13,NO,0,2023,32,0.7762949,87.43758,67.87734,2023-08-23 13:00:00,0.73806846,0.038226426
2023-08-13,EL,4,2023,32,0.6944614,21.079208,14.638698,2023-08-23 13:00:00,0.6789415,0.015519917
2023-08-13,EL,1,2023,32,1.0200715,6.0032635,6.1237583,2023-08-23 13:00:00,0.89408594,0.12598556
2023-08-13,EL,5,2023,32,0.8368494,17.390587,14.553301,2023-08-23 13:00:00,0.7767653,0.060084105
2023-08-13,VASS,2,2023,32,0.7605977,23.237715,17.674553,2023-08-23 13:00:00,0.73118824,0.029409468
2023-08-13,VASS,3,2023,32,0.71003056,28.155403,19.991196,2023-08-23 13:00:00,0.68367285,0.02635771
2023-08-13,EL,2,2023,32,0.7538969,34.04359,25.665358,2023-08-23 13:00:00,0.7332712,0.02062571
2023-08-13,EL,3,2023,32,0.7664608,8.920932,6.8375444,2023-08-23 13:00:00,0.70905715,0.057403624
2023-08-13,VASS,1,2023,32,0.8352403,36.044464,30.10579,2023-08-23 13:00:00,0.7826433,0.052596986
2023-08-20,NO,0,2023,33,0.78719115,87.43758,68.830086,2023-08-30 13:00:00,0.7762949,0.0108962655
2023-08-20,EL,5,2023,33,0.85333234,17.390587,14.83995,2023-08-30 13:00:00,0.8367539,0.016578436
2023-08-20,EL,2,2023,33,0.773653,34.04359,26.337923,2023-08-30 13:00:00,0.75390214,0.019750834
2023-08-20,VASS,3,2023,33,0.713933,28.155403,20.10107,2023-08-30 13:00:00,0.71003056,0.0039024353
2023-08-20,EL,1,2023,33,0.9977882,6.0032635,5.989986,2023-08-30 13:00:00,1.0200374,-0.022249222
2023-08-20,EL,3,2023,33,0.7780687,8.920932,6.9410977,2023-08-30 13:00:00,0.7665289,0.011539817
2023-08-20,VASS,1,2023,33,0.85200244,36.044464,30.709972,2023-08-30 13:00:00,0.8352403,0.016762137
2023-08-20,VASS,2,2023,33,0.77039945,23.237715,17.902323,2023-08-30 13:00:00,0.7605977,0.009801745
2023-08-20,EL,4,2023,33,0.69512314,21.079208,14.652645,2023-08-30 13:00:00,0.6944614,0.00066173077
2023-08-27,VASS,1,2023,34,0.8590661,36.044464,30.964579,2023-09-06 13:00:00,0.85198987,0.0070762634
2023-08-27,NO,0,2023,34,0.792384,87.43758,69.28414,2023-09-06 13:00:00,0.78719115,0.005192876
2023-08-27,EL,2,2023,34,0.7716727,34.04359,26.27051,2023-09-06 13:00:00,0.7736468,-0.0019740462
2023-08-27,VASS,3,2023,34,0.7156974,28.155403,20.150747,2023-09-06 13:00:00,0.713933,0.0017644167
2023-08-27,VASS,2,2023,34,0.77662736,23.237715,18.047045,2023-09-06 13:00:00,0.77039945,0.0062279105
2023-08-27,EL,5,2023,34,0.87402827,17.390587,15.199863,2023-09-06 13:00:00,0.85333234,0.020695925
2023-08-27,EL,4,2023,34,0.69299227,21.079208,14.607729,2023-09-06 13:00:00,0.69512314,-0.002130866
2023-08-27,EL,1,2023,34,1.0149609,6.0032635,6.0930777,2023-09-06 13:00:00,0.99781597,0.017144918
2023-08-27,EL,3,2023,34,0.78947663,8.920932,7.042867,2023-09-06 13:00:00,0.7780687,0.011407912
2023-09-03,EL,4,2023,35,0.69319797,21.079208,14.612064,2023-09-13 13:00:00,0.69299227,0.00020569563
2023-09-03,VASS,3,2023,35,0.71487635,28.155403,20.12763,2023-09-13 13:00:00,0.7156974,-0.000821054
2023-09-03,NO,0,2023,35,0.78699046,87.43758,68.81254,2023-09-13 13:00:00,0.792384,-0.0053935647
2023-09-03,EL,3,2023,35,0.78480834,8.920932,7.0012217,2023-09-13 13:00:00,0.7894341,-0.0046257377
2023-09-03,VASS,2,2023,35,0.77259845,23.237715,17.953423,2023-09-13 13:00:00,0.77657723,-0.003978789
2023-09-03,EL,5,2023,35,0.88032037,17.390587,15.309287,2023-09-13 13:00:00,0.87402827,0.0062921047
2023-09-03,EL,2,2023,35,0.76097167,34.04359,25.906206,2023-09-13 13:00:00,0.7716727,-0.01070106
2023-09-03,VASS,1,2023,35,0.84940857,36.044464,30.616476,2023-09-13 13:00:00,0.8590806,-0.009672046
2023-09-03,EL,1,2023,35,0.9856565,6.0032635,5.9171557,2023-09-13 13:00:00,1.014933,-0.02927649
2023-09-10,EL,2,2023,36,0.74805063,34.04359,25.466328,2023-09-20 13:00:00,0.761008,-0.012957394
2023-09-10,VASS,3,2023,36,0.73502713,28.155403,20.694984,2023-09-20 13:00:00,0.71487635,0.02015078
2023-09-10,EL,1,2023,36,0.95051867,6.0032635,5.7062144,2023-09-20 13:00:00,0.9856565,-0.035137832
2023-09-10,NO,0,2023,36,0.78745395,87.43758,68.853065,2023-09-20 13:00:00,0.78698456,0.00046938658
2023-09-10,EL,5,2023,36,0.8852985,17.390587,15.39586,2023-09-20 13:00:00,0.88032037,0.0049781203
2023-09-10,EL,4,2023,36,0.71864766,21.079208,15.148524,2023-09-20 13:00:00,0.69319797,0.025449693
2023-09-10,VASS,2,2023,36,0.7779232,23.237715,18.077158,2023-09-20 13:00:00,0.77264977,0.0052734613
2023-09-10,EL,3,2023,36,0.7950053,8.920932,7.092188,2023-09-20 13:00:00,0.7848469,0.01015842
2023-09-10,VASS,1,2023,36,0.83221734,36.044464,29.996828,2023-09-20 13:00:00,0.849366,-0.017148674
2023-09-17,EL,1,2023,37,0.92174745,6.0032635,5.533493,2023-09-27 13:00:00,0.95051867,-0.028771222
2023-09-17,VASS,1,2023,37,0.82452196,36.044464,29.719454,2023-09-27 13:00:00,0.83221734,-0.007695377
2023-09-17,EL,2,2023,37,0.74678296,34.04359,25.423172,2023-09-27 13:00:00,0.74802154,-0.0012385845
2023-09-17,EL,3,2023,37,0.7964783,8.920932,7.105328,2023-09-27 13:00:00,0.79494995,0.0015283227
2023-09-17,NO,0,2023,37,0.78916216,87.43758,69.002426,2023-09-27 13:00:00,0.78745395,0.0017082095
2023-09-17,EL,4,2023,37,0.7275915,21.079208,15.337053,2023-09-27 13:00:00,0.71864766,0.008943856
2023-09-17,VASS,2,2023,37,0.78860635,23.237715,18.32541,2023-09-27 13:00:00,0.7779232,0.010683119
2023-09-17,EL,5,2023,37,0.8949598,17.390587,15.563875,2023-09-27 13:00:00,0.8852985,0.009661317
2023-09-17,VASS,3,2023,37,0.7418138,28.155403,20.886065,2023-09-27 13:00:00,0.73502713,0.0067866445
2023-09-24,EL,1,2023,38,0.96547854,6.0032635,5.7960224,2023-10-04 13:00:00,0.92174745,0.043731093
2023-09-24,VASS,1,2023,38,0.87968075,36.044464,31.70762,2023-10-04 13:00:00,0.82458895,0.0550918
2023-09-24,EL,2,2023,38,0.80839324,34.04359,27.520607,2023-10-04 13:00:00,0.74678296,0.06161028
2023-09-24,VASS,2,2023,38,0.82554454,23.237715,19.183767,2023-10-04 13:00:00,0.78855985,0.036984682
2023-09-24,NO,0,2023,38,0.82874024,87.43758,72.463036,2023-10-04 13:00:00,0.78917056,0.039569676
2023-09-24,EL,3,2023,38,0.82045627,8.920932,7.3192344,2023-10-04 13:00:00,0.7964783,0.023977995
2023-09-24,EL,5,2023,38,0.92044204,17.390587,16.007027,2023-10-04 13:00:00,0.8949598,0.025482237
2023-09-24,VASS,3,2023,38,0.76260006,28.155403,21.471312,2023-10-04 13:00:00,0.7418138,0.020786285
2023-09-24,EL,4,2023,38,0.7474595,21.079208,15.755855,2023-10-04 13:00:00,0.7275915,0.019867957
2023-10-01,VASS,1,2023,39,0.8886844,36.044464,32.032154,2023-10-11 13:00:00,0.87968075,0.009003639
2023-10-01,NO,0,2023,39,0.8458417,87.43758,73.95835,2023-10-11 13:00:00,0.82874024,0.017101467
2023-10-01,EL,1,2023,39,0.95769215,6.0032635,5.7492785,2023-10-11 13:00:00,0.96547854,-0.007786393
2023-10-01,EL,2,2023,39,0.828858,34.04359,28.217302,2023-10-11 13:00:00,0.80842865,0.020429373
2023-10-01,VASS,2,2023,39,0.8512237,23.237715,19.780495,2023-10-11 13:00:00,0.82554454,0.025679171
2023-10-01,VASS,3,2023,39,0.78334343,28.155403,22.05535,2023-10-11 13:00:00,0.76260006,0.02074337
2023-10-01,EL,5,2023,39,0.9332255,17.390587,16.22934,2023-10-11 13:00:00,0.92044204,0.012783468
2023-10-01,EL,4,2023,39,0.772894,21.079208,16.291996,2023-10-11 13:00:00,0.7474595,0.025434554
2023-10-01,EL,3,2023,39,0.83057714,8.920932,7.409522,2023-10-11 13:00:00,0.8205071,0.010070026
2023-10-08,EL,2,2023,40,0.8415715,34.04359,28.650116,2023-10-18 13:00:00,0.8288312,0.012740314
2023-10-08,EL,3,2023,40,0.8350573,8.920932,7.449489,2023-10-18 13:00:00,0.83057714,0.004480183
2023-10-08,EL,5,2023,40,0.93306035,17.390587,16.226465,2023-10-18 13:00:00,0.9332255,-0.00016516447
2023-10-08,EL,4,2023,40,0.7825981,21.079208,16.49655,2023-10-18 13:00:00,0.772894,0.009704053
2023-10-08,EL,1,2023,40,0.9390169,6.0032635,5.637166,2023-10-18 13:00:00,0.95769215,-0.018675268
2023-10-08,NO,0,2023,40,0.8522879,87.43758,74.521996,2023-10-18 13:00:00,0.84585625,0.006431639
2023-10-08,VASS,3,2023,40,0.7923216,28.155403,22.308134,2023-10-18 13:00:00,0.78334343,0.008978188
2023-10-08,VASS,1,2023,40,0.89043146,36.044464,32.095123,2023-10-18 13:00:00,0.8886849,0.0017465353
2023-10-08,VASS,2,2023,40,0.8621002,23.237715,20.033237,2023-10-18 13:00:00,0.8512237,0.010876477
2023-10-15,VASS,1,2023,41,0.90840346,36.044464,32.742916,2023-10-25 13:00:00,0.89043176,0.017971694
2023-10-15,EL,3,2023,41,0.8552555,8.920932,7.629676,2023-10-25 13:00:00,0.8350573,0.020198166
2023-10-15,NO,0,2023,41,0.86693335,87.43758,75.80255,2023-10-25 13:00:00,0.85227305,0.014660299
2023-10-15,VASS,3,2023,41,0.7992907,28.155403,22.50435,2023-10-25 13:00:00,0.7923216,0.0069690943
2023-10-15,EL,5,2023,41,0.94349635,17.390587,16.407955,2023-10-25 13:00:00,0.93306035,0.010435998
2023-10-15,EL,4,2023,41,0.7859653,21.079208,16.567528,2023-10-25 13:00:00,0.7825981,0.0033672452
2023-10-15,VASS,2,2023,41,0.88053566,23.237715,20.461637,2023-10-25 13:00:00,0.8621002,0.018435478
2023-10-15,EL,2,2023,41,0.8664715,34.04359,29.4978,2023-10-25 13:00:00,0.8415715,0.02490002
2023-10-15,EL,1,2023,41,0.9382904,6.0032635,5.632805,2023-10-25 13:00:00,0.9390169,-0.0007264614
2023-10-22,VASS,1,2023,42,0.90264046,36.044464,32.535194,2023-11-01 13:00:00,0.90837,-0.005729556
2023-10-22,EL,2,2023,42,0.8661363,34.04359,29.48639,2023-11-01 13:00:00,0.86645776,-0.00032144785
2023-10-22,EL,3,2023,42,0.849298,8.920932,7.5765295,2023-11-01 13:00:00,0.8552555,-0.0059574842
2023-10-22,NO,0,2023,42,0.8599374,87.43758,75.19084,2023-11-01 13:00:00,0.8669483,-0.007010877
2023-10-22,EL,5,2023,42,0.9290212,17.390587,16.156223,2023-11-01 13:00:00,0.94349635,-0.014475167
2023-10-22,VASS,3,2023,42,0.7911128,28.155403,22.2741,2023-11-01 13:00:00,0.7992907,-0.008177936
2023-10-22,EL,1,2023,42,0.9213742,6.0032635,5.5312524,2023-11-01 13:00:00,0.9382904,-0.016916215
2023-10-22,VASS,2,2023,42,0.87291175,23.237715,20.284475,2023-11-01 13:00:00,0.8805943,-0.007682562
2023-10-22,EL,4,2023,42,0.7765977,21.079208,16.370064,2023-11-01 13:00:00,0.7859653,-0.009367645
2023-10-29,EL,2,2023,43,0.8479994,34.04359,28.868944,2023-11-08 13:00:00,0.86615705,-0.018157661
2023-10-29,NO,0,2023,43,0.83578396,87.43758,73.07892,2023-11-08 13:00:00,0.8599374,-0.024153471
2023-10-29,VASS,1,2023,43,0.88183874,36.044464,31.785406,2023-11-08 13:00:00,0.90264046,-0.020801723
2023-10-29,EL,3,2023,43,0.816464,8.920932,7.2836194,2023-11-08 13:00:00,0.849298,-0.032833993
2023-10-29,EL,1,2023,43,0.8959075,6.0032635,5.3783693,2023-11-08 13:00:00,0.9213742,-0.02546668
2023-10-29,EL,4,2023,43,0.75357085,21.079208,15.884678,2023-11-08 13:00:00,0.7765977,-0.023026824
2023-10-29,VASS,3,2023,43,0.76614004,28.155403,21.57098,2023-11-08 13:00:00,0.7911128,-0.024972737
2023-10-29,EL,5,2023,43,0.8964308,17.390587,15.589457,2023-11-08 13:00:00,0.9290212,-0.03259039
2023-10-29,VASS,2,2023,43,0.8443395,23.237715,19.62052,2023-11-08 13:00:00,0.872851,-0.028511524
2023-11-05,VASS,3,2023,44,0.74781317,28.155403,21.054981,2023-11-15 13:00:00,0.76614004,-0.018326879
2023-11-05,EL,4,2023,44,0.73594874,21.079208,15.513218,2023-11-15 13:00:00,0.7535677,-0.017618954
2023-11-05,VASS,1,2023,44,0.8719225,36.044464,31.42798,2023-11-15 13:00:00,0.88187593,-0.009953439
2023-11-05,EL,5,2023,44,0.8752839,17.390587,15.221701,2023-11-15 13:00:00,0.8964308,-0.021146894
2023-11-05,EL,3,2023,44,0.79439044,8.920932,7.086703,2023-11-15 13:00:00,0.816464,-0.022073567
2023-11-05,VASS,2,2023,44,0.82442266,23.237715,19.1577,2023-11-15 13:00:00,0.84440064,-0.019977987
2023-11-05,EL,1,2023,44,0.8781517,6.0032635,5.271776,2023-11-15 13:00:00,0.8959114,-0.01775968
2023-11-05,EL,2,2023,44,0.8393329,34.04359,28.573904,2023-11-15 13:00:00,0.8479994,-0.008666515
2023-11-05,NO,0,2023,44,0.8205354,87.43758,71.745636,2023-11-15 13:00:00,0.8357681,-0.015232682
2023-11-12,VASS,2,2023,45,0.7921268,23.237715,18.407217,2023-11-22 13:00:00,0.82436,-0.03223324
2023-11-12,EL,3,2023,45,0.76219815,8.920932,6.7995176,2023-11-22 13:00:00,0.79435277,-0.03215462
2023-11-12,EL,2,2023,45,0.8133697,34.04359,27.690023,2023-11-22 13:00:00,0.8392787,-0.025909007
2023-11-12,EL,4,2023,45,0.7140593,21.079208,15.051805,2023-11-22 13:00:00,0.7359521,-0.021892786
2023-11-12,EL,1,2023,45,0.85829,6.0032635,5.1525416,2023-11-22 13:00:00,0.8781497,-0.019859672
2023-11-12,EL,5,2023,45,0.84087694,17.390587,14.6233425,2023-11-22 13:00:00,0.8752839,-0.03440696
2023-11-12,VASS,1,2023,45,0.84632087,36.044464,30.505184,2023-11-22 13:00:00,0.87185,-0.025529146
2023-11-12,NO,0,2023,45,0.7936961,87.43758,69.398865,2023-11-22 13:00:00,0.82055193,-0.026855826
2023-11-12,VASS,3,2023,45,0.7237216,28.155403,20.376675,2023-11-22 13:00:00,0.74781317,-0.024091542
2023-11-19,EL,4,2023,46,0.6898401,21.079208,14.541284,2023-11-29 13:00:00,0.7140593,-0.024219215
2023-11-19,EL,3,2023,46,0.7138878,8.920932,6.3685446,2023-11-29 13:00:00,0.76219815,-0.04831034
2023-11-19,EL,1,2023,46,0.8290692,6.0032635,4.977121,2023-11-29 13:00:00,0.85829,-0.02922082
2023-11-19,VASS,2,2023,46,0.76053137,23.237715,17.673012,2023-11-29 13:00:00,0.7921866,-0.031655252
2023-11-19,EL,5,2023,46,0.80584025,17.390587,14.014034,2023-11-29 13:00:00,0.84087694,-0.035036683
2023-11-19,VASS,3,2023,46,0.69393253,28.155403,19.537949,2023-11-29 13:00:00,0.7237216,-0.02978909
2023-11-19,NO,0,2023,46,0.76254845,87.43758,66.67539,2023-11-29 13:00:00,0.7936961,-0.031147659
2023-11-19,VASS,1,2023,46,0.81445616,36.044464,29.356636,2023-11-29 13:00:00,0.84632087,-0.031864703
2023-11-19,EL,2,2023,46,0.783913,34.04359,26.687212,2023-11-29 13:00:00,0.8133697,-0.029456675
2023-11-26,VASS,3,2023,47,0.67012787,28.155403,18.867722,2023-12-06 13:00:00,0.69393253,-0.023804665
2023-11-26,EL,1,2023,47,0.7994246,6.0032635,4.7991567,2023-12-06 13:00:00,0.8290692,-0.029644608
2023-11-26,VASS,1,2023,47,0.7874512,36.044464,28.383257,2023-12-06 13:00:00,0.81445616,-0.027004957
2023-11-26,EL,5,2023,47,0.77701235,17.390587,13.5127,2023-12-06 13:00:00,0.80584025,-0.028827906
2023-11-26,VASS,2,2023,47,0.7373234,23.237715,17.13371,2023-12-06 13:00:00,0.7604698,-0.02314639
2023-11-26,EL,4,2023,47,0.6680817,21.079208,14.082634,2023-12-06 13:00:00,0.6898401,-0.021758378
2023-11-26,NO,0,2023,47,0.7375139,87.43758,64.48643,2023-12-06 13:00:00,0.7624946,-0.024980724
2023-11-26,EL,3,2023,47,0.68296456,8.920932,6.09268,2023-12-06 13:00:00,0.7138878,-0.030923247
2023-11-26,EL,2,2023,47,0.7612503,34.04359,25.915693,2023-12-06 13:00:00,0.783913,-0.0226627
2023-12-03,EL,5,2023,48,0.73042643,17.390587,12.702544,2023-12-13 13:00:00,0.77701235,-0.046585917
2023-12-03,VASS,3,2023,48,0.64048743,28.155403,18.033182,2023-12-13 13:00:00,0.67012787,-0.029640436
2023-12-03,EL,2,2023,48,0.72836816,34.04359,24.796268,2023-12-13 13:00:00,0.7612503,-0.032882154
2023-12-03,VASS,2,2023,48,0.70183444,23.237715,16.309029,2023-12-13 13:00:00,0.73738265,-0.03554821
2023-12-03,EL,3,2023,48,0.6425092,8.920932,5.7317805,2023-12-13 13:00:00,0.68296456,-0.04045534
2023-12-03,EL,1,2023,48,0.75468326,6.0032635,4.5305624,2023-12-13 13:00:00,0.7994246,-0.044741333
2023-12-03,VASS,1,2023,48,0.7470741,36.044464,26.927887,2023-12-13 13:00:00,0.7874512,-0.04037708
2023-12-03,NO,0,2023,48,0.7018268,87.43758,61.366035,2023-12-13 13:00:00,0.7375691,-0.035742283
2023-12-03,EL,4,2023,48,0.6414126,21.079208,13.520471,2023-12-13 13:00:00,0.6680817,-0.026669085
2023-12-10,VASS,3,2023,49,0.60970706,28.155403,17.166548,2023-12-20 13:00:00,0.64048743,-0.030780375
2023-12-10,NO,0,2023,49,0.6687364,87.43758,58.47269,2023-12-20 13:00:00,0.701771,-0.033034623
2023-12-10,EL,4,2023,49,0.61448586,21.079208,12.952876,2023-12-20 13:00:00,0.6414126,-0.026926756
2023-12-10,VASS,1,2023,49,0.7100077,36.044464,25.591848,2023-12-20 13:00:00,0.7470741,-0.0370664
2023-12-10,EL,2,2023,49,0.700092,34.04359,23.833645,2023-12-20 13:00:00,0.72836816,-0.028276145
2023-12-10,EL,5,2023,49,0.6886065,17.390587,11.97527,2023-12-20 13:00:00,0.73042643,-0.04181993
2023-12-10,EL,1,2023,49,0.7147942,6.0032635,4.291098,2023-12-20 13:00:00,0.75468326,-0.039889038
2023-12-10,EL,3,2023,49,0.59841704,8.920932,5.3384376,2023-12-20 13:00:00,0.6425092,-0.04409218
2023-12-10,VASS,2,2023,49,0.67249817,23.237715,15.62732,2023-12-20 13:00:00,0.70177585,-0.029277682
2023-12-17,EL,2,2023,50,0.68546426,34.04359,23.335665,2023-12-28 13:00:00,0.700092,-0.014627755
2023-12-17,EL,4,2023,50,0.59436274,21.079208,12.528696,2023-12-28 13:00:00,0.61448586,-0.020123124
2023-12-17,VASS,1,2023,50,0.685839,36.044464,24.7207,2023-12-28 13:00:00,0.7100077,-0.02416873
2023-12-17,VASS,2,2023,50,0.66372126,23.237715,15.423366,2023-12-28 13:00:00,0.67255735,-0.008836091
2023-12-17,EL,3,2023,50,0.5748576,8.920932,5.128265,2023-12-28 13:00:00,0.5984462,-0.023588598
2023-12-17,EL,1,2023,50,0.68216187,6.0032635,4.0951977,2023-12-28 13:00:00,0.7147942,-0.03263235
2023-12-17,VASS,3,2023,50,0.5864389,28.155403,16.511423,2023-12-28 13:00:00,0.60970706,-0.023268163
2023-12-17,EL,5,2023,50,0.66533095,17.390587,11.570495,2023-12-28 13:00:00,0.6886853,-0.023354352
2023-12-17,NO,0,2023,50,0.6489296,87.43758,56.740833,2023-12-28 13:00:00,0.6687364,-0.019806802
2023-12-24,VASS,1,2023,51,0.68487066,36.044464,24.685797,2024-01-03 13:00:00,0.685839,-0.00096833706
2023-12-24,EL,4,2023,51,0.5742082,21.079208,12.103854,2024-01-03 13:00:00,0.59436274,-0.020154536
2023-12-24,EL,1,2023,51,0.66077167,6.0032635,3.9667866,2024-01-03 13:00:00,0.68216187,-0.0213902
2023-12-24,VASS,2,2023,51,0.66538626,23.237715,15.462057,2024-01-03 13:00:00,0.66372126,0.0016649961
2023-12-24,VASS,3,2023,51,0.5669031,28.155403,15.961386,2024-01-03 13:00:00,0.5864389,-0.01953578
2023-12-24,EL,2,2023,51,0.6947622,34.04359,23.652199,2024-01-03 13:00:00,0.68546426,0.009297907
2023-12-24,NO,0,2023,51,0.6429102,87.43758,56.214508,2024-01-03 13:00:00,0.64898044,-0.0060702562
2023-12-24,EL,5,2023,51,0.6554357,17.390587,11.39841,2024-01-03 13:00:00,0.665255,-0.009819329
2023-12-24,EL,3,2023,51,0.55923766,8.920932,4.9889207,2024-01-03 13:00:00,0.5748576,-0.015619934
2023-12-31,EL,2,2023,52,0.686487,34.04359,23.370481,2024-01-10 13:00:00,0.6947622,-0.008275151
2023-12-31,VASS,1,2023,52,0.6707511,36.044464,24.176863,2024-01-10 13:00:00,0.68487066,-0.0141195655
2023-12-31,EL,4,2023,52,0.55374235,21.079208,11.672451,2024-01-10 13:00:00,0.5742082,-0.02046585
2023-12-31,EL,3,2023,52,0.53739685,8.920932,4.7940807,2024-01-10 13:00:00,0.55923766,-0.02184081
2023-12-31,EL,1,2023,52,0.63617724,6.0032635,3.8191397,2024-01-10 13:00:00,0.66077167,-0.024594426
2023-12-31,VASS,2,2023,52,0.6519545,23.237715,15.149932,2024-01-10 13:00:00,0.66535807,-0.0134035945
2023-12-31,NO,0,2023,52,0.6270274,87.43758,54.825756,2024-01-10 13:00:00,0.64286906,-0.015841663
2023-12-31,EL,5,2023,52,0.6360626,17.390587,11.0615015,2024-01-10 13:00:00,0.6554357,-0.01937306
2023-12-31,VASS,3,2023,52,0.54665124,28.155403,15.391186,2024-01-10 13:00:00,0.56690043,-0.020249188
2024-01-07,EL,5,2024,1,0.597728,17.390587,10.394841,2024-01-17 13:00:00,0.6360626,-0.038334608
2024-01-07,VASS,1,2024,1,0.6354259,36.044464,22.903587,2024-01-17 13:00:00,0.6707511,-0.03532517
2024-01-07,VASS,2,2024,1,0.6210077,23.237715,14.4307995,2024-01-17 13:00:00,0.6519545,-0.030946791
2024-01-07,EL,2,2024,1,0.6575241,34.04359,22.38448,2024-01-17 13:00:00,0.686487,-0.02896291
2024-01-07,VASS,3,2024,1,0.51770574,28.155403,14.576213,2024-01-17 13:00:00,0.5466442,-0.028938472
2024-01-07,EL,1,2024,1,0.59481895,6.0032635,3.570855,2024-01-17 13:00:00,0.63617724,-0.041358292
2024-01-07,EL,4,2024,1,0.52750295,21.079208,11.119345,2024-01-17 13:00:00,0.55374235,-0.026239395
2024-01-07,NO,0,2024,1,0.59484994,87.43758,52.012238,2024-01-17 13:00:00,0.6270274,-0.03217745
2024-01-07,EL,3,2024,1,0.49718237,8.920932,4.43533,2024-01-17 13:00:00,0.53739685,-0.04021448
2024-01-14,EL,5,2024,2,0.5502991,17.390587,9.5700245,2024-01-24 13:00:00,0.59699,-0.04669088
2024-01-14,NO,0,2024,2,0.56200373,87.43758,49.140247,2024-01-24 13:00:00,0.59473884,-0.03273511
2024-01-14,VASS,2,2024,2,0.58273697,23.237715,13.541475,2024-01-24 13:00:00,0.62049663,-0.03775966
2024-01-14,EL,4,2024,2,0.5113653,21.079208,10.779176,2024-01-24 13:00:00,0.5274547,-0.01608938
2024-01-14,VASS,1,2024,2,0.59413505,36.044464,21.41528,2024-01-24 13:00:00,0.6354259,-0.04129088
2024-01-14,EL,2,2024,2,0.62146807,34.04359,21.157003,2024-01-24 13:00:00,0.6575241,-0.03605604
2024-01-14,EL,3,2024,2,0.47600672,8.920932,4.2464232,2024-01-24 13:00:00,0.49718237,-0.021175653
2024-01-14,VASS,3,2024,2,0.5007865,28.155403,14.099845,2024-01-24 13:00:00,0.51770574,-0.016919255
2024-01-14,EL,1,2024,2,0.5492658,6.0032635,3.2973874,2024-01-24 13:00:00,0.59481895,-0.045553148
2024-01-21,EL,4,2024,3,0.4855605,21.079208,10.235231,2024-01-31 13:00:00,0.51130414,-0.025743634
2024-01-21,EL,5,2024,3,0.5044495,17.390587,8.772672,2024-01-31 13:00:00,0.5502991,-0.04584962
2024-01-21,VASS,3,2024,3,0.47295493,28.155403,13.3162365,2024-01-31 13:00:00,0.5007995,-0.027844548
2024-01-21,VASS,2,2024,3,0.5462908,23.237715,12.69455,2024-01-31 13:00:00,0.5827541,-0.03646326
2024-01-21,NO,0,2024,3,0.5269218,87.43758,46.072765,2024-01-31 13:00:00,0.5619911,-0.035069287
2024-01-21,EL,2,2024,3,0.58815515,34.04359,20.022913,2024-01-31 13:00:00,0.62146807,-0.033312917
2024-01-21,EL,3,2024,3,0.44117787,8.920932,3.9357178,2024-01-31 13:00:00,0.47600672,-0.03482884
2024-01-21,VASS,1,2024,3,0.5545967,36.044464,19.990143,2024-01-31 13:00:00,0.59413505,-0.039538324
2024-01-21,EL,1,2024,3,0.5035112,6.0032635,3.0227106,2024-01-31 13:00:00,0.5492658,-0.04575461
2024-01-28,VASS,1,2024,4,0.5385362,36.044464,19.411247,2024-02-07 13:00:00,0.5545967,-0.016060531
2024-01-28,NO,0,2024,4,0.5116361,87.43758,44.736217,2024-02-07 13:00:00,0.5269509,-0.015314817
2024-01-28,EL,1,2024,4,0.47278503,6.0032635,2.8382533,2024-02-07 13:00:00,0.5035112,-0.030726165
2024-01-28,VASS,3,2024,4,0.45681766,28.155403,12.861885,2024-02-07 13:00:00,0.4729459,-0.016128242
2024-01-28,EL,2,2024,4,0.57733816,34.04359,19.654665,2024-02-07 13:00:00,0.58815515,-0.010816991
2024-01-28,EL,5,2024,4,0.48532003,17.390587,8.44,2024-02-07 13:00:00,0.50450635,-0.019186318
2024-01-28,EL,3,2024,4,0.42832822,8.920932,3.8210866,2024-02-07 13:00:00,0.44117787,-0.012849659
2024-01-28,EL,4,2024,4,0.46961814,21.079208,9.8991785,2024-02-07 13:00:00,0.48562178,-0.016003639
2024-01-28,VASS,2,2024,4,0.53323495,23.237715,12.391162,2024-02-07 13:00:00,0.54627705,-0.013042092
2024-02-04,EL,1,2024,5,0.44215697,6.0032635,2.6543849,2024-02-14 13:00:00,0.47278503,-0.030628055
2024-02-04,VASS,3,2024,5,0.44967762,28.155403,12.660854,2024-02-14 13:00:00,0.45681766,-0.0071400404
2024-02-04,VASS,1,2024,5,0.5222777,36.044464,18.82522,2024-02-14 13:00:00,0.5385362,-0.016258478
2024-02-04,EL,4,2024,5,0.4628003,21.079208,9.755464,2024-02-14 13:00:00,0.46967798,-0.0068776906
2024-02-04,EL,2,2024,5,0.5686296,34.04359,19.358192,2024-02-14 13:00:00,0.57733816,-0.008708537
2024-02-04,NO,0,2024,5,0.50053704,87.43758,43.765747,2024-02-14 13:00:00,0.5116361,-0.0110990405
2024-02-04,VASS,2,2024,5,0.5256036,23.237715,12.213826,2024-02-14 13:00:00,0.533235,-0.007631421
2024-02-04,EL,5,2024,5,0.46831584,17.390587,8.144286,2024-02-14 13:00:00,0.48526564,-0.016949803
2024-02-04,EL,3,2024,5,0.42320332,8.920932,3.775368,2024-02-14 13:00:00,0.42832822,-0.0051248968
2024-02-11,EL,4,2024,6,0.43851343,21.079208,9.243517,2024-02-21 13:00:00,0.46282127,-0.024307847
2024-02-11,EL,1,2024,6,0.3988936,6.0032635,2.3946633,2024-02-21 13:00:00,0.44215697,-0.043263376
2024-02-11,EL,5,2024,6,0.43041813,17.390587,7.485224,2024-02-21 13:00:00,0.46766922,-0.037251085
2024-02-11,VASS,3,2024,6,0.42321828,28.155403,11.915881,2024-02-21 13:00:00,0.44970402,-0.026485741
2024-02-11,NO,0,2024,6,0.46947733,87.43758,41.04996,2024-02-21 13:00:00,0.5004313,-0.030953974
2024-02-11,EL,2,2024,6,0.54064065,34.04359,18.405348,2024-02-21 13:00:00,0.5686296,-0.02798897
2024-02-11,EL,3,2024,6,0.38679102,8.920932,3.4505363,2024-02-21 13:00:00,0.42320332,-0.0364123
2024-02-11,VASS,1,2024,6,0.48820937,36.044464,17.597246,2024-02-21 13:00:00,0.5222777,-0.034068346
2024-02-11,VASS,2,2024,6,0.49421743,23.237715,11.484484,2024-02-21 13:00:00,0.52527946,-0.031062037
2024-02-18,VASS,1,2024,7,0.45493093,36.044464,16.397741,2024-02-28 13:00:00,0.48827484,-0.03334391
2024-02-18,EL,2,2024,7,0.51128274,34.04359,17.405901,2024-02-28 13:00:00,0.54064065,-0.02935791
2024-02-18,EL,4,2024,7,0.41391924,21.079208,8.72509,2024-02-28 13:00:00,0.43822265,-0.024303406
2024-02-18,EL,5,2024,7,0.39125592,17.390587,6.8041697,2024-02-28 13:00:00,0.43041816,-0.03916225
2024-02-18,NO,0,2024,7,0.43807197,87.43758,38.30395,2024-02-28 13:00:00,0.4695351,-0.031463146
2024-02-18,EL,1,2024,7,0.35763097,6.0032635,2.1469529,2024-02-28 13:00:00,0.3988936,-0.041262627
2024-02-18,VASS,2,2024,7,0.45936906,23.237715,10.674687,2024-02-28 13:00:00,0.49417442,-0.034805357
2024-02-18,EL,3,2024,7,0.3530917,8.920932,3.1499066,2024-02-28 13:00:00,0.38679102,-0.033699334
2024-02-18,VASS,3,2024,7,0.3971193,28.155403,11.181054,2024-02-28 13:00:00,0.42298093,-0.02586162
2024-02-25,EL,2,2024,8,0.4847804,34.04359,16.503666,2024-03-06 13:00:00,0.51128274,-0.026502341
2024-02-25,VASS,1,2024,8,0.42632148,36.044464,15.366529,2024-03-06 13:00:00,0.45487162,-0.028550148
2024-02-25,EL,4,2024,8,0.3946443,21.079208,8.3187895,2024-03-06 13:00:00,0.41391924,-0.01927495
2024-02-25,VASS,2,2024,8,0.42836976,23.237715,9.954334,2024-03-06 13:00:00,0.45936906,-0.030999303
2024-02-25,EL,1,2024,8,0.3225823,6.0032635,1.9365467,2024-03-06 13:00:00,0.35763097,-0.035048664
2024-02-25,EL,5,2024,8,0.35746297,17.390587,6.2164907,2024-03-06 13:00:00,0.39125592,-0.033792943
2024-02-25,EL,3,2024,8,0.3261991,8.920932,2.91,2024-03-06 13:00:00,0.3530917,-0.026892573
2024-02-25,NO,0,2024,8,0.41114956,87.43758,35.94992,2024-03-06 13:00:00,0.4380515,-0.02690193
2024-02-25,VASS,3,2024,8,0.3759578,28.155403,10.585243,2024-03-06 13:00:00,0.3971392,-0.021181405
2024-03-03,EL,5,2024,9,0.321683,17.390587,5.594256,2024-03-13 13:00:00,0.35746297,-0.035779983
2024-03-03,EL,2,2024,9,0.4598256,34.04359,15.654115,2024-03-13 13:00:00,0.4847804,-0.024954796
2024-03-03,EL,4,2024,9,0.3745473,21.079208,7.8951607,2024-03-13 13:00:00,0.39464906,-0.020101756
2024-03-03,VASS,1,2024,9,0.39616606,36.044464,14.279593,2024-03-13 13:00:00,0.42636284,-0.030196786
2024-03-03,VASS,2,2024,9,0.40164414,23.237715,9.333292,2024-03-13 13:00:00,0.42836976,-0.02672562
2024-03-03,EL,1,2024,9,0.29037473,6.0032635,1.743196,2024-03-13 13:00:00,0.3225823,-0.03220758
2024-03-03,NO,0,2024,9,0.38463405,87.43758,33.63147,2024-03-13 13:00:00,0.41114956,-0.026515514
2024-03-03,EL,3,2024,9,0.3010756,8.920932,2.685875,2024-03-13 13:00:00,0.3261991,-0.025123507
2024-03-03,VASS,3,2024,9,0.354567,28.155403,9.982977,2024-03-13 13:00:00,0.37594563,-0.021378636
2024-03-10,EL,5,2024,10,0.28704077,17.390587,4.991807,2024-03-20 13:00:00,0.321683,-0.03464222
2024-03-10,EL,4,2024,10,0.34990308,21.079208,7.37568,2024-03-20 13:00:00,0.37456024,-0.02465716
2024-03-10,VASS,2,2024,10,0.37595978,23.237715,8.736446,2024-03-20 13:00:00,0.40164414,-0.025684357
2024-03-10,EL,2,2024,10,0.43570262,34.04359,14.832882,2024-03-20 13:00:00,0.4598256,-0.024122983
2024-03-10,VASS,3,2024,10,0.32789615,28.155403,9.232048,2024-03-20 13:00:00,0.354567,-0.026670843
2024-03-10,EL,1,2024,10,0.25930044,6.0032635,1.556649,2024-03-20 13:00:00,0.29037473,-0.031074286
2024-03-10,VASS,1,2024,10,0.3660671,36.044464,13.194694,2024-03-20 13:00:00,0.39616606,-0.030098945
2024-03-10,NO,0,2024,10,0.3567833,87.43758,31.196268,2024-03-20 13:00:00,0.38463673,-0.02785343
2024-03-10,EL,3,2024,10,0.26673582,8.920932,2.379532,2024-03-20 13:00:00,0.3010756,-0.034339786
2024-03-17,EL,2,2024,11,0.41662583,34.04359,14.183438,2024-03-27 13:00:00,0.43570262,-0.019076794
2024-03-17,VASS,3,2024,11,0.30389297,28.155403,8.556229,2024-03-27 13:00:00,0.32789615,-0.024003178
2024-03-17,VASS,1,2024,11,0.33923173,36.044464,12.227426,2024-03-27 13:00:00,0.36607137,-0.026839644
2024-03-17,EL,4,2024,11,0.3275284,21.079208,6.9040394,2024-03-27 13:00:00,0.34990308,-0.02237469
2024-03-17,EL,1,2024,11,0.22751291,6.0032635,1.3658199,2024-03-27 13:00:00,0.25930044,-0.03178753
2024-03-17,EL,3,2024,11,0.23652726,8.920932,2.1100435,2024-03-27 13:00:00,0.26673582,-0.030208558
2024-03-17,EL,5,2024,11,0.23478782,17.390587,4.083098,2024-03-27 13:00:00,0.28704077,-0.05225295
2024-03-17,NO,0,2024,11,0.32825997,87.43758,28.702257,2024-03-27 13:00:00,0.3567833,-0.028523326
2024-03-17,VASS,2,2024,11,0.33948886,23.237715,7.888945,2024-03-27 13:00:00,0.37595978,-0.03647092
2024-03-24,VASS,1,2024,12,0.3094079,36.044464,11.152441,2024-04-03 13:00:00,0.33927554,-0.02986765
2024-03-24,EL,4,2024,12,0.30478582,21.079208,6.424644,2024-04-03 13:00:00,0.3275284,-0.02274257
2024-03-24,NO,0,2024,12,0.30217284,87.43758,26.42126,2024-04-03 13:00:00,0.32825997,-0.026087135
2024-03-24,VASS,3,2024,12,0.28099582,28.155403,7.9115505,2024-04-03 13:00:00,0.30389297,-0.022897154
2024-03-24,EL,2,2024,12,0.39274588,34.04359,13.37048,2024-04-03 13:00:00,0.41662583,-0.023879945
2024-03-24,EL,1,2024,12,0.19554353,6.0032635,1.1738994,2024-04-03 13:00:00,0.22751291,-0.031969383
2024-03-24,VASS,2,2024,12,0.31564933,23.237715,7.334969,2024-04-03 13:00:00,0.33948886,-0.023839533
2024-03-24,EL,3,2024,12,0.2105437,8.920932,1.878246,2024-04-03 13:00:00,0.23652726,-0.025983557
2024-03-24,EL,5,2024,12,0.20244099,17.390587,3.5205674,2024-04-03 13:00:00,0.23478782,-0.03234683
2024-03-31,EL,3,2024,13,0.19012098,8.920932,1.6960562,2024-04-10 13:00:00,0.2105437,-0.020422727
2024-03-31,VASS,1,2024,13,0.28742343,36.044464,10.3600235,2024-04-10 13:00:00,0.30937088,-0.021947443
2024-03-31,NO,0,2024,13,0.2811891,87.43758,24.586494,2024-04-10 13:00:00,0.30217284,-0.020983726
2024-03-31,EL,4,2024,13,0.28248435,21.079208,5.954547,2024-04-10 13:00:00,0.30478582,-0.022301465
2024-03-31,EL,2,2024,13,0.37574804,34.04359,12.791813,2024-04-10 13:00:00,0.39274588,-0.016997844
2024-03-31,EL,1,2024,13,0.17411992,6.0032635,1.0452878,2024-04-10 13:00:00,0.19554353,-0.021423608
2024-03-31,VASS,2,2024,13,0.29750186,23.237715,6.913264,2024-04-10 13:00:00,0.31564933,-0.018147469
2024-03-31,EL,5,2024,13,0.17508806,17.390587,3.044884,2024-04-10 13:00:00,0.20244099,-0.02735293
2024-03-31,VASS,3,2024,13,0.2589258,28.155403,7.29016,2024-04-10 13:00:00,0.28099582,-0.02207002
2024-04-07,VASS,1,2024,14,0.27234322,36.044464,9.816465,2024-04-17 13:00:00,0.28742343,-0.015080214
2024-04-07,EL,1,2024,14,0.15974173,6.0032635,0.95897174,2024-04-17 13:00:00,0.17411992,-0.01437819
2024-04-07,VASS,3,2024,14,0.23824812,28.155403,6.7079716,2024-04-17 13:00:00,0.25894338,-0.020695254
2024-04-07,EL,2,2024,14,0.36718762,34.04359,12.500384,2024-04-17 13:00:00,0.3757496,-0.008561969
2024-04-07,VASS,2,2024,14,0.28792638,23.237715,6.690751,2024-04-17 13:00:00,0.29750186,-0.009575486
2024-04-07,EL,4,2024,14,0.2614477,21.079208,5.511111,2024-04-17 13:00:00,0.2824788,-0.021031111
2024-04-07,EL,3,2024,14,0.17279202,8.920932,1.5414659,2024-04-17 13:00:00,0.19012098,-0.017328963
2024-04-07,EL,5,2024,14,0.15361676,17.390587,2.6714854,2024-04-17 13:00:00,0.17508806,-0.021471307
2024-04-07,NO,0,2024,14,0.2658445,87.43758,23.244799,2024-04-17 13:00:00,0.28121403,-0.0153695345
2024-04-14,NO,0,2024,15,0.2838895,87.43758,24.82261,2024-04-24 13:00:00,0.26585856,0.018030941
2024-04-14,EL,2,2024,15,0.40233767,34.04359,13.697019,2024-04-24 13:00:00,0.36719352,0.03514415
2024-04-14,VASS,1,2024,15,0.30281028,36.044464,10.914635,2024-04-24 13:00:00,0.27237755,0.03043273
2024-04-14,EL,3,2024,15,0.19368741,8.920932,1.7278721,2024-04-24 13:00:00,0.17279202,0.020895392
2024-04-14,VASS,2,2024,15,0.31201622,23.237715,7.250544,2024-04-24 13:00:00,0.28792638,0.024089843
2024-04-14,EL,5,2024,15,0.1607025,17.390587,2.7947106,2024-04-24 13:00:00,0.15361676,0.0070857406
2024-04-14,EL,4,2024,15,0.25221035,21.079208,5.3163943,2024-04-24 13:00:00,0.26145375,-0.009243399
2024-04-14,EL,1,2024,15,0.20055418,6.0032635,1.2039796,2024-04-24 13:00:00,0.15974173,0.040812448
2024-04-14,VASS,3,2024,15,0.23433085,28.155403,6.597679,2024-04-24 13:00:00,0.2382553,-0.003924459
2024-04-21,EL,2,2024,16,0.3963263,34.04359,13.49237,2024-05-01 13:00:00,0.40233767,-0.006011367
2024-04-21,EL,1,2024,16,0.20976594,6.0032635,1.2592803,2024-05-01 13:00:00,0.20055418,0.009211764
2024-04-21,VASS,1,2024,16,0.29791486,36.044464,10.738182,2024-05-01 13:00:00,0.3027717,-0.004856825
2024-04-21,VASS,2,2024,16,0.2997718,23.237715,6.966011,2024-05-01 13:00:00,0.31201622,-0.012244433
2024-04-21,NO,0,2024,16,0.27313653,87.43758,23.882397,2024-05-01 13:00:00,0.28387448,-0.010737956
2024-04-21,EL,5,2024,16,0.14446723,17.390587,2.5123699,2024-05-01 13:00:00,0.1607025,-0.016235262
2024-04-21,EL,3,2024,16,0.17667389,8.920932,1.5760957,2024-05-01 13:00:00,0.19368741,-0.01701352
2024-04-21,EL,4,2024,16,0.23498835,21.079208,4.9533687,2024-05-01 13:00:00,0.25221035,-0.017222002
2024-04-21,VASS,3,2024,16,0.21693514,28.155403,6.107896,2024-05-01 13:00:00,0.23434572,-0.017410576
2024-04-28,EL,4,2024,17,0.21449833,21.079208,4.5214553,2024-05-08 13:00:00,0.23498835,-0.02049002
2024-04-28,EL,1,2024,17,0.189972,6.0032635,1.140452,2024-05-08 13:00:00,0.20976594,-0.019793943
2024-04-28,VASS,3,2024,17,0.19384606,28.155403,5.4578137,2024-05-08 13:00:00,0.2169522,-0.023106143
2024-04-28,VASS,1,2024,17,0.2735251,36.044464,9.859065,2024-05-08 13:00:00,0.29795134,-0.024426252
2024-04-28,EL,3,2024,17,0.14750521,8.920932,1.3158839,2024-05-08 13:00:00,0.17667389,-0.02916868
2024-04-28,EL,2,2024,17,0.3717425,34.04359,12.655449,2024-05-08 13:00:00,0.39638197,-0.024639487
2024-04-28,NO,0,2024,17,0.249063,87.43758,21.777464,2024-05-08 13:00:00,0.27315024,-0.024087235
2024-04-28,EL,5,2024,17,0.11821145,17.390587,2.0557663,2024-05-08 13:00:00,0.14446723,-0.026255786
2024-04-28,VASS,2,2024,17,0.27506295,23.237715,6.3918343,2024-05-08 13:00:00,0.2997718,-0.024708837
2024-05-05,EL,1,2024,18,0.24889845,6.0032635,1.494203,2024-05-15 13:00:00,0.189972,0.05892645
2024-05-05,VASS,1,2024,18,0.31552958,36.044464,11.373095,2024-05-15 13:00:00,0.2735251,0.042004496
2024-05-05,EL,4,2024,18,0.20652577,21.079208,4.3533998,2024-05-15 13:00:00,0.21449833,-0.007972553
2024-05-05,EL,3,2024,18,0.18369685,8.920932,1.6387471,2024-05-15 13:00:00,0.14750521,0.036191642
2024-05-05,EL,5,2024,18,0.13168162,17.390587,2.2900205,2024-05-15 13:00:00,0.11821145,0.013470173
2024-05-05,VASS,3,2024,18,0.19639103,28.155403,5.529468,2024-05-15 13:00:00,0.19386168,0.002529353
2024-05-05,EL,2,2024,18,0.41073215,34.04359,13.982797,2024-05-15 13:00:00,0.3716937,0.03903845
2024-05-05,VASS,2,2024,18,0.29530174,23.237715,6.862138,2024-05-15 13:00:00,0.27506295,0.020238787
2024-05-05,NO,0,2024,18,0.27295893,87.43758,23.866867,2024-05-15 13:00:00,0.249063,0.023895934
2024-05-12,EL,4,2024,19,0.20702644,21.079208,4.3639536,2024-05-22 13:00:00,0.20652577,0.0005006641
2024-05-12,EL,1,2024,19,0.3881102,6.0032635,2.3299277,2024-05-22 13:00:00,0.24889845,0.13921174
2024-05-12,NO,0,2024,19,0.31540677,87.43758,27.578403,2024-05-22 13:00:00,0.27295893,0.042447835
2024-05-12,VASS,3,2024,19,0.21309847,28.155403,5.999873,2024-05-22 13:00:00,0.19639103,0.016707435
2024-05-12,VASS,2,2024,19,0.32261962,23.237715,7.496943,2024-05-22 13:00:00,0.29530174,0.027317882
2024-05-12,EL,2,2024,19,0.45880362,34.04359,15.619322,2024-05-22 13:00:00,0.4107754,0.04802823
2024-05-12,VASS,1,2024,19,0.38653058,36.044464,13.932288,2024-05-22 13:00:00,0.31552958,0.07100099
2024-05-12,EL,3,2024,19,0.2523733,8.920932,2.251405,2024-05-22 13:00:00,0.18369685,0.06867646
2024-05-12,EL,5,2024,19,0.16633321,17.390587,2.892632,2024-05-22 13:00:00,0.1313323,0.03500092
2024-05-19,EL,3,2024,20,0.37257296,8.920932,3.323698,2024-05-29 13:00:00,0.2523733,0.12019965
2024-05-19,EL,5,2024,20,0.2692897,17.390587,4.6831055,2024-05-29 13:00:00,0.1662505,0.103039205
2024-05-19,EL,2,2024,20,0.5313634,34.04359,18.08952,2024-05-29 13:00:00,0.45880362,0.0725598
2024-05-19,VASS,2,2024,20,0.39016998,23.237715,9.066659,2024-05-29 13:00:00,0.32261962,0.06755036
2024-05-19,EL,1,2024,20,0.55715007,6.0032635,3.3447187,2024-05-29 13:00:00,0.3881102,0.16903988
2024-05-19,EL,4,2024,20,0.26386997,21.079208,5.5621705,2024-05-29 13:00:00,0.20702136,0.056848615
2024-05-19,VASS,3,2024,20,0.28651556,28.155403,8.066961,2024-05-29 13:00:00,0.21309847,0.0734171
2024-05-19,NO,0,2024,20,0.40176255,87.43758,35.129143,2024-05-29 13:00:00,0.3154091,0.08635345
2024-05-19,VASS,1,2024,20,0.49422264,36.044464,17.81399,2024-05-29 13:00:00,0.38653058,0.10769206
2024-05-26,EL,3,2024,21,0.47635177,8.920932,4.249501,2024-06-05 13:00:00,0.37257296,0.10377881
2024-05-26,VASS,2,2024,21,0.45365137,23.237715,10.5418215,2024-06-05 13:00:00,0.39016998,0.06348139
2024-05-26,VASS,3,2024,21,0.34831333,28.155403,9.806902,2024-06-05 13:00:00,0.28651556,0.061797768
2024-05-26,EL,1,2024,21,0.67060703,6.0032635,4.0258307,2024-06-05 13:00:00,0.55715007,0.113456964
2024-05-26,EL,2,2024,21,0.6017772,34.04359,20.486656,2024-06-05 13:00:00,0.5313792,0.07039797
2024-05-26,EL,5,2024,21,0.38664657,17.390587,6.7240105,2024-06-05 13:00:00,0.2692897,0.11735687
2024-05-26,VASS,1,2024,21,0.6002635,36.044464,21.636175,2024-06-05 13:00:00,0.49422264,0.106040835
2024-05-26,EL,4,2024,21,0.31226778,21.079208,6.582358,2024-06-05 13:00:00,0.26383173,0.048436046
2024-05-26,NO,0,2024,21,0.48265627,87.43758,42.202297,2024-06-05 13:00:00,0.40174758,0.080908686
2024-06-02,EL,1,2024,22,0.7844156,6.0032635,4.7090535,2024-06-12 13:00:00,0.67060703,0.11380857
2024-06-02,EL,5,2024,22,0.50591147,17.390587,8.798097,2024-06-12 13:00:00,0.38977662,0.11613485
2024-06-02,EL,2,2024,22,0.67498636,34.04359,22.978958,2024-06-12 13:00:00,0.6017405,0.07324588
2024-06-02,EL,4,2024,22,0.39148402,21.079208,8.252173,2024-06-12 13:00:00,0.31225055,0.07923347
2024-06-02,NO,0,2024,22,0.57051295,87.43758,49.88427,2024-06-12 13:00:00,0.48265627,0.08785668
2024-06-02,VASS,2,2024,22,0.51934564,23.237715,12.068406,2024-06-12 13:00:00,0.45647213,0.06287351
2024-06-02,VASS,1,2024,22,0.70770735,36.044464,25.508932,2024-06-12 13:00:00,0.6002635,0.10744387
2024-06-02,EL,3,2024,22,0.56081825,8.920932,5.0030217,2024-06-12 13:00:00,0.47635177,0.08446649
2024-06-02,VASS,3,2024,22,0.42849445,28.155403,12.064434,2024-06-12 13:00:00,0.34831333,0.08018112
2024-06-09,VASS,3,2024,23,0.47460723,28.155403,13.362758,2024-06-19 13:00:00,0.42849445,0.046112776
2024-06-09,EL,2,2024,23,0.7070629,34.04359,24.07096,2024-06-19 13:00:00,0.67498636,0.032076538
2024-06-09,VASS,1,2024,23,0.74367756,36.044464,26.805458,2024-06-19 13:00:00,0.70770735,0.03597021
2024-06-09,EL,5,2024,23,0.552928,17.390587,9.615741,2024-06-19 13:00:00,0.50591147,0.0470165
2024-06-09,EL,4,2024,23,0.44095364,21.079208,9.294954,2024-06-19 13:00:00,0.39148402,0.04946962
2024-06-09,VASS,2,2024,23,0.55568445,23.237715,12.912837,2024-06-19 13:00:00,0.51933855,0.0363459
2024-06-09,NO,0,2024,23,0.60976535,87.43758,53.316406,2024-06-19 13:00:00,0.5705361,0.039229274
2024-06-09,EL,1,2024,23,0.80775243,6.0032635,4.8491507,2024-06-19 13:00:00,0.78442353,0.0233289
2024-06-09,EL,3,2024,23,0.5995068,8.920932,5.3481593,2024-06-19 13:00:00,0.56081825,0.03868854
2024-06-16,EL,4,2024,24,0.46611893,21.079208,9.8254175,2024-06-26 13:00:00,0.440914,0.025204927
2024-06-16,NO,0,2024,24,0.63456255,87.43758,55.48461,2024-06-26 13:00:00,0.60976535,0.024797201
2024-06-16,VASS,3,2024,24,0.50422996,28.155403,14.196798,2024-06-26 13:00:00,0.47460723,0.029622734
2024-06-16,EL,5,2024,24,0.5817271,17.390587,10.116575,2024-06-26 13:00:00,0.552928,0.028799117
2024-06-16,EL,1,2024,24,0.8277749,6.0032635,4.9693513,2024-06-26 13:00:00,0.8077463,0.020028591
2024-06-16,EL,3,2024,24,0.63509583,8.920932,5.6656466,2024-06-26 13:00:00,0.5995068,0.03558904
2024-06-16,VASS,1,2024,24,0.7695521,36.044464,27.738094,2024-06-26 13:00:00,0.7437131,0.02583903
2024-06-16,EL,2,2024,24,0.7277888,34.04359,24.776543,2024-06-26 13:00:00,0.7070629,0.020725906
2024-06-16,VASS,2,2024,24,0.5731938,23.237715,13.319714,2024-06-26 13:00:00,0.55568445,0.017509341
2024-06-23,NO,0,2024,25,0.66530544,87.43758,58.172695,2024-07-03 13:00:00,0.634495,0.030810416
2024-06-23,EL,5,2024,25,0.62618315,17.390587,10.889692,2024-07-03 13:00:00,0.5817271,0.044456065
2024-06-23,VASS,2,2024,25,0.6003485,23.237715,13.9507265,2024-07-03 13:00:00,0.5731975,0.027150989
2024-06-23,EL,3,2024,25,0.66001034,8.920932,5.887907,2024-07-03 13:00:00,0.63509583,0.024914503
2024-06-23,EL,2,2024,25,0.7544539,34.04359,25.684319,2024-07-03 13:00:00,0.72782916,0.02662474
2024-06-23,EL,1,2024,25,0.8494666,6.0032635,5.099572,2024-07-03 13:00:00,0.8277749,0.02169174
2024-06-23,VASS,1,2024,25,0.80346096,36.044464,28.96032,2024-07-03 13:00:00,0.76952094,0.033940017
2024-06-23,EL,4,2024,25,0.49729818,21.079208,10.482653,2024-07-03 13:00:00,0.46612605,0.031172127
2024-06-23,VASS,3,2024,25,0.5338392,28.155403,15.030458,2024-07-03 13:00:00,0.50421906,0.02962017
2024-06-30,EL,1,2024,26,0.84423906,6.0032635,5.0681896,2024-07-10 13:00:00,0.8494666,-0.0052275658
2024-06-30,EL,3,2024,26,0.68726516,8.920932,6.1310453,2024-07-10 13:00:00,0.66001034,0.02725482
2024-06-30,EL,5,2024,26,0.6757473,17.390587,11.75164,2024-07-10 13:00:00,0.6262568,0.04949045
2024-06-30,EL,2,2024,26,0.76666963,34.04359,26.100185,2024-07-10 13:00:00,0.7544539,0.0122157335
2024-06-30,NO,0,2024,26,0.69027436,87.43758,60.35592,2024-07-10 13:00:00,0.66532767,0.02494669
2024-06-30,VASS,2,2024,26,0.6379894,23.237715,14.825416,2024-07-10 13:00:00,0.6003523,0.037637115
2024-06-30,VASS,1,2024,26,0.816467,36.044464,29.429115,2024-07-10 13:00:00,0.80349046,0.012976527
2024-06-30,VASS,3,2024,26,0.5641758,28.155403,15.884597,2024-07-10 13:00:00,0.5338986,0.030277193
2024-06-30,EL,4,2024,26,0.53054136,21.079208,11.183393,2024-07-10 13:00:00,0.49737296,0.033168405
2024-07-07,VASS,3,2024,27,0.5808799,28.155403,16.354908,2024-07-17 13:00:00,0.5641758,0.016704142
2024-07-07,EL,2,2024,27,0.7722607,34.04359,26.290527,2024-07-17 13:00:00,0.7666345,0.0056262016
2024-07-07,EL,3,2024,27,0.7055518,8.920932,6.294179,2024-07-17 13:00:00,0.68726516,0.018286645
2024-07-07,NO,0,2024,27,0.7014534,87.43758,61.333385,2024-07-17 13:00:00,0.6902934,0.011160016
2024-07-07,EL,1,2024,27,0.84308314,6.0032635,5.0612507,2024-07-17 13:00:00,0.84423906,-0.0011559129
2024-07-07,VASS,1,2024,27,0.81926143,36.044464,29.52984,2024-07-17 13:00:00,0.81639534,0.0028660893
2024-07-07,VASS,2,2024,27,0.6558373,23.237715,15.24016,2024-07-17 13:00:00,0.63797605,0.017861247
2024-07-07,EL,4,2024,27,0.5457223,21.079208,11.503394,2024-07-17 13:00:00,0.53054136,0.015180945
2024-07-07,EL,5,2024,27,0.69379,17.390587,12.065415,2024-07-17 13:00:00,0.67566806,0.018121958
2024-07-14,EL,4,2024,28,0.55835813,21.079208,11.769748,2024-07-24 13:00:00,0.5457223,0.012635827
2024-07-14,EL,5,2024,28,0.726287,17.390587,12.630557,2024-07-24 13:00:00,0.69379,0.03249699
2024-07-14,EL,3,2024,28,0.7282265,8.920932,6.4964585,2024-07-24 13:00:00,0.7055518,0.02267468
2024-07-14,EL,1,2024,28,0.87182593,6.0032635,5.233801,2024-07-24 13:00:00,0.84308314,0.02874279
2024-07-14,VASS,1,2024,28,0.83638227,36.044464,30.146952,2024-07-24 13:00:00,0.81926143,0.017120838
2024-07-14,VASS,3,2024,28,0.596319,28.155403,16.789602,2024-07-24 13:00:00,0.5808799,0.015439093
2024-07-14,EL,2,2024,28,0.7840822,34.04359,26.692972,2024-07-24 13:00:00,0.7722607,0.011821449
2024-07-14,VASS,2,2024,28,0.67979956,23.237715,15.7969885,2024-07-24 13:00:00,0.6558373,0.02396226
2024-07-14,NO,0,2024,28,0.7198512,87.43758,62.942047,2024-07-24 13:00:00,0.7014348,0.018416405
2024-07-21,EL,1,2024,29,0.8902383,6.0032635,5.344335,2024-07-31 13:00:00,0.87182593,0.018412352
2024-07-21,VASS,3,2024,29,0.6092377,28.155403,17.153332,2024-07-31 13:00:00,0.596319,0.012918651
2024-07-21,EL,5,2024,29,0.7504242,17.390587,13.050317,2024-07-31 13:00:00,0.726287,0.024137199
2024-07-21,NO,0,2024,29,0.72955656,87.43758,63.79066,2024-07-31 13:00:00,0.7198512,0.009705365
2024-07-21,EL,2,2024,29,0.78295434,34.04359,26.654575,2024-07-31 13:00:00,0.7841138,-0.0011594892
2024-07-21,EL,4,2024,29,0.5725727,21.079208,12.06938,2024-07-31 13:00:00,0.55835813,0.014214575
2024-07-21,VASS,2,2024,29,0.6945674,23.237715,16.14016,2024-07-31 13:00:00,0.67979956,0.014767826
2024-07-21,VASS,1,2024,29,0.84056705,36.044464,30.297789,2024-07-31 13:00:00,0.8364298,0.0041372776
2024-07-21,EL,3,2024,29,0.73502463,8.920932,6.5571046,2024-07-31 13:00:00,0.7282265,0.006798148
2024-07-28,EL,3,2024,30,0.75167835,8.920932,6.7056713,2024-08-07 13:00:00,0.7349283,0.016750038
2024-07-28,NO,0,2024,30,0.74345344,87.43758,65.00577,2024-08-07 13:00:00,0.729526,0.01392746
2024-07-28,EL,4,2024,30,0.5928665,21.079208,12.497156,2024-08-07 13:00:00,0.5725727,0.020293772
2024-07-28,VASS,3,2024,30,0.62963307,28.155403,17.727571,2024-08-07 13:00:00,0.6092377,0.020395398
2024-07-28,EL,1,2024,30,0.91162324,6.0032635,5.472715,2024-08-07 13:00:00,0.8902383,0.021384954
2024-07-28,EL,2,2024,30,0.78468174,34.04359,26.713383,2024-08-07 13:00:00,0.78295434,0.0017274022
2024-07-28,EL,5,2024,30,0.7769061,17.390587,13.510852,2024-08-07 13:00:00,0.7504242,0.026481867
2024-07-28,VASS,2,2024,30,0.7130299,23.237715,16.569185,2024-08-07 13:00:00,0.6945674,0.018462539
2024-07-28,VASS,1,2024,30,0.8468578,36.044464,30.524534,2024-08-07 13:00:00,0.84056705,0.006290734
2024-08-04,EL,4,2024,31,0.6045193,21.079208,12.742789,2024-08-14 13:00:00,0.5928665,0.011652827
2024-08-04,EL,3,2024,31,0.7523936,8.920932,6.712052,2024-08-14 13:00:00,0.7517242,0.00066941977
2024-08-04,VASS,3,2024,31,0.6394315,28.155403,18.00345,2024-08-14 13:00:00,0.62963307,0.009798408
2024-08-04,EL,1,2024,31,0.8910667,6.0032635,5.349308,2024-08-14 13:00:00,0.91162324,-0.02055657
2024-08-04,VASS,1,2024,31,0.8312099,36.044464,29.960516,2024-08-14 13:00:00,0.846818,-0.015608072
2024-08-04,VASS,2,2024,31,0.7111331,23.237715,16.52511,2024-08-14 13:00:00,0.7130299,-0.0018967986
2024-08-04,EL,5,2024,31,0.7780004,17.390587,13.529882,2024-08-14 13:00:00,0.7769061,0.0010943413
2024-08-04,NO,0,2024,31,0.73945457,87.43758,64.65612,2024-08-14 13:00:00,0.7434972,-0.0040426254
2024-08-04,EL,2,2024,31,0.7703798,34.04359,26.226494,2024-08-14 13:00:00,0.78464925,-0.014269471
2024-08-11,EL,3,2024,32,0.7724183,8.920932,6.890691,2024-08-21 13:00:00,0.7523936,0.020024717
2024-08-11,VASS,3,2024,32,0.6551729,28.155403,18.446657,2024-08-21 13:00:00,0.6394315,0.015741408
2024-08-11,VASS,1,2024,32,0.8440593,36.044464,30.423666,2024-08-21 13:00:00,0.83123696,0.01282233
2024-08-11,EL,4,2024,32,0.6218942,21.079208,13.109037,2024-08-21 13:00:00,0.6045193,0.017374873
2024-08-11,NO,0,2024,32,0.75965184,87.43758,66.42212,2024-08-21 13:00:00,0.73945457,0.020197272
2024-08-11,EL,5,2024,32,0.8136713,17.390587,14.150221,2024-08-21 13:00:00,0.7775161,0.036155164
2024-08-11,EL,2,2024,32,0.7864983,34.04359,26.775227,2024-08-21 13:00:00,0.7703461,0.016152203
2024-08-11,EL,1,2024,32,0.89931047,6.0032635,5.398798,2024-08-21 13:00:00,0.8910667,0.008243799
2024-08-11,VASS,2,2024,32,0.7482875,23.237715,17.388493,2024-08-21 13:00:00,0.7106354,0.037652075
2024-08-18,VASS,2,2024,33,0.7592848,23.237715,17.644043,2024-08-28 13:00:00,0.7482875,0.010997295
2024-08-18,VASS,3,2024,33,0.67331797,28.155403,18.957539,2024-08-28 13:00:00,0.6551729,0.018145084
2024-08-18,NO,0,2024,33,0.76941025,87.43758,67.27537,2024-08-28 13:00:00,0.75964546,0.009764791
2024-08-18,EL,2,2024,33,0.7885531,34.04359,26.84518,2024-08-28 13:00:00,0.7864983,0.0020548105
2024-08-18,EL,1,2024,33,0.90308005,6.0032635,5.4214277,2024-08-28 13:00:00,0.89931047,0.0037695765
2024-08-18,EL,5,2024,33,0.826086,17.390587,14.366119,2024-08-28 13:00:00,0.8136713,0.012414694
2024-08-18,VASS,1,2024,33,0.8468336,36.044464,30.523664,2024-08-28 13:00:00,0.84405416,0.0027794242
2024-08-18,EL,3,2024,33,0.7871818,8.920932,7.022395,2024-08-28 13:00:00,0.7724183,0.014763474
2024-08-18,EL,4,2024,33,0.6420264,21.079208,13.533409,2024-08-28 13:00:00,0.6218942,0.020132244
2024-08-25,VASS,2,2024,34,0.7939165,23.237715,18.448807,2024-09-04 13:00:00,0.7593179,0.03459865
2024-08-25,NO,0,2024,34,0.79849434,87.43758,69.81841,2024-09-04 13:00:00,0.76941025,0.029084086
2024-08-25,EL,1,2024,34,0.9461842,6.0032635,5.6801934,2024-09-04 13:00:00,0.90308005,0.04310417
2024-08-25,VASS,1,2024,34,0.8751124,36.044464,31.54296,2024-09-04 13:00:00,0.8468336,0.028278828
2024-08-25,EL,2,2024,34,0.81285167,34.04359,27.672388,2024-09-04 13:00:00,0.7885531,0.024298549
2024-08-25,VASS,3,2024,34,0.6987885,28.155403,19.674671,2024-09-04 13:00:00,0.67331797,0.025470555
2024-08-25,EL,4,2024,34,0.66861475,21.079208,14.09387,2024-09-04 13:00:00,0.6420264,0.02658832
2024-08-25,EL,5,2024,34,0.86398065,17.390587,15.02513,2024-09-04 13:00:00,0.826086,0.037894666
2024-08-25,EL,3,2024,34,0.81337017,8.920932,7.2560196,2024-09-04 13:00:00,0.78712285,0.026247323
2024-09-01,NO,0,2024,35,0.8177013,87.43758,71.49782,2024-09-11 13:00:00,0.7984845,0.019216776
2024-09-01,EL,3,2024,35,0.8305635,8.920932,7.4094,2024-09-11 13:00:00,0.81344855,0.017114937
2024-09-01,VASS,3,2024,35,0.7203,28.155403,20.280336,2024-09-11 13:00:00,0.6987885,0.021511495
2024-09-01,EL,1,2024,35,0.9517772,6.0032635,5.7137694,2024-09-11 13:00:00,0.9461842,0.005593002
2024-09-01,EL,4,2024,35,0.6916731,21.079208,14.579922,2024-09-11 13:00:00,0.66861475,0.023058355
2024-09-01,VASS,2,2024,35,0.82229096,23.237715,19.108162,2024-09-11 13:00:00,0.7938807,0.028410256
2024-09-01,EL,5,2024,35,0.8914302,17.390587,15.502493,2024-09-11 13:00:00,0.86398065,0.027449548
2024-09-01,VASS,1,2024,35,0.88683563,36.044464,31.965515,2024-09-11 13:00:00,0.8751124,0.01172322
2024-09-01,EL,2,2024,35,0.82848465,34.04359,28.204592,2024-09-11 13:00:00,0.81285167,0.015632987
2024-09-08,EL,3,2024,36,0.82801247,8.920932,7.3866425,2024-09-18 13:00:00,0.8304866,-0.0024741292
2024-09-08,VASS,1,2024,36,0.89000374,36.044464,32.07971,2024-09-18 13:00:00,0.88683563,0.003168106
2024-09-08,EL,1,2024,36,0.95562327,6.0032635,5.7368584,2024-09-18 13:00:00,0.9517772,0.0038460493
2024-09-08,EL,4,2024,36,0.7026681,21.079208,14.811687,2024-09-18 13:00:00,0.6916731,0.010994971
2024-09-08,EL,2,2024,36,0.83049846,34.04359,28.273148,2024-09-18 13:00:00,0.82848465,0.0020138025
2024-09-08,NO,0,2024,36,0.8211073,87.43758,71.79563,2024-09-18 13:00:00,0.8176896,0.0034177303
2024-09-08,VASS,3,2024,36,0.7288422,28.155403,20.520845,2024-09-18 13:00:00,0.7203,0.00854218
2024-09-08,VASS,2,2024,36,0.82010376,23.237715,19.057339,2024-09-18 13:00:00,0.82229096,-0.0021871924
2024-09-08,EL,5,2024,36,0.8914572,17.390587,15.502963,2024-09-18 13:00:00,0.89143026,2.69413e-05
2024-09-15,EL,1,2024,37,0.9903642,6.0032635,5.9454174,2024-09-25 13:00:00,0.95562327,0.034740925
2024-09-15,EL,3,2024,37,0.8620524,8.920932,7.6903105,2024-09-25 13:00:00,0.82803917,0.03401321
2024-09-15,NO,0,2024,37,0.84097105,87.43758,73.53247,2024-09-25 13:00:00,0.82088566,0.020085394
2024-09-15,EL,2,2024,37,0.8449606,34.04359,28.76549,2024-09-25 13:00:00,0.8305296,0.014431
2024-09-15,EL,4,2024,37,0.71871734,21.079208,15.149993,2024-09-25 13:00:00,0.7026681,0.016049266
2024-09-15,VASS,2,2024,37,0.84380907,23.237715,19.608196,2024-09-25 13:00:00,0.82047725,0.023331821
2024-09-15,VASS,3,2024,37,0.74893165,28.155403,21.086473,2024-09-25 13:00:00,0.7288422,0.020089447
2024-09-15,VASS,1,2024,37,0.9072229,36.044464,32.700367,2024-09-25 13:00:00,0.8899827,0.017240226
2024-09-15,EL,5,2024,37,0.91435844,17.390587,15.901229,2024-09-25 13:00:00,0.8914054,0.022953033
2024-09-22,EL,3,2024,38,0.85227925,8.920932,7.603125,2024-10-02 13:00:00,0.8620524,-0.009773135
2024-09-22,VASS,1,2024,38,0.89075506,36.044464,32.10679,2024-10-02 13:00:00,0.9072346,-0.016479552
2024-09-22,EL,1,2024,38,0.96499985,6.0032635,5.7931485,2024-10-02 13:00:00,0.9903642,-0.02536434
2024-09-22,VASS,2,2024,38,0.8364448,23.237715,19.437067,2024-10-02 13:00:00,0.84375936,-0.007314563
2024-09-22,NO,0,2024,38,0.83318913,87.43758,72.852036,2024-10-02 13:00:00,0.84096324,-0.0077741146
2024-09-22,EL,5,2024,38,0.9039893,17.390587,15.720904,2024-10-02 13:00:00,0.91435844,-0.010369122
2024-09-22,VASS,3,2024,38,0.75252277,28.155403,21.187582,2024-10-02 13:00:00,0.74893165,0.0035911202
2024-09-22,EL,2,2024,38,0.8334714,34.04359,28.37436,2024-10-02 13:00:00,0.84493935,-0.011467934
2024-09-22,EL,4,2024,38,0.7253695,21.079208,15.2902155,2024-10-02 13:00:00,0.71871734,0.0066521764
2024-09-29,EL,2,2024,39,0.82706726,34.04359,28.156338,2024-10-09 13:00:00,0.83348256,-0.0064153075
2024-09-29,EL,5,2024,39,0.89433205,17.390587,15.552958,2024-10-09 13:00:00,0.9039893,-0.009657264
2024-09-29,NO,0,2024,39,0.8281519,87.43758,72.41159,2024-10-09 13:00:00,0.83318216,-0.0050302744
2024-09-29,EL,1,2024,39,0.95384246,6.0032635,5.726168,2024-10-09 13:00:00,0.96499985,-0.011157393
2024-09-29,VASS,2,2024,39,0.8273324,23.237715,19.225315,2024-10-09 13:00:00,0.8364448,-0.009112418
2024-09-29,VASS,1,2024,39,0.8828625,36.044464,31.822308,2024-10-09 13:00:00,0.89075506,-0.007892549
2024-09-29,VASS,3,2024,39,0.7548495,28.155403,21.253092,2024-10-09 13:00:00,0.75252277,0.002326727
2024-09-29,EL,4,2024,39,0.7262485,21.079208,15.308744,2024-10-09 13:00:00,0.72536564,0.000882864
2024-09-29,EL,3,2024,39,0.85249954,8.920932,7.60509,2024-10-09 13:00:00,0.8522107,0.0002888441
2024-10-06,EL,3,2024,40,0.8528762,8.920932,7.6084504,2024-10-16 13:00:00,0.85253894,0.00033724308
2024-10-06,NO,0,2024,40,0.8152829,87.43758,71.28636,2024-10-16 13:00:00,0.8281489,-0.01286602
2024-10-06,EL,1,2024,40,0.92758167,6.0032635,5.568517,2024-10-16 13:00:00,0.95384246,-0.026260793
2024-10-06,VASS,2,2024,40,0.8133746,23.237715,18.900967,2024-10-16 13:00:00,0.82733244,-0.013957858
2024-10-06,VASS,3,2024,40,0.75706446,28.155403,21.315454,2024-10-16 13:00:00,0.7548495,0.0022149682
2024-10-06,EL,4,2024,40,0.72876585,21.079208,15.361808,2024-10-16 13:00:00,0.7262581,0.0025077462
2024-10-06,EL,5,2024,40,0.8754804,17.390587,15.225117,2024-10-16 13:00:00,0.8943321,-0.018851697
2024-10-06,VASS,1,2024,40,0.859504,36.044464,30.980362,2024-10-16 13:00:00,0.88284785,-0.023343861
2024-10-06,EL,2,2024,40,0.807193,34.04359,27.479746,2024-10-16 13:00:00,0.82705885,-0.01986587
2024-10-13,VASS,2,2024,41,0.81050944,23.237715,18.834387,2024-10-23 13:00:00,0.81167984,-0.0011703968
2024-10-13,EL,4,2024,41,0.73131686,21.079208,15.415581,2024-10-23 13:00:00,0.72876585,0.0025510192
2024-10-13,EL,1,2024,41,0.93401897,6.0032635,5.607162,2024-10-23 13:00:00,0.92758167,0.0064373016
2024-10-13,VASS,1,2024,41,0.8570311,36.044464,30.891228,2024-10-23 13:00:00,0.859504,-0.0024728775
2024-10-13,VASS,3,2024,41,0.7628036,28.155403,21.477043,2024-10-23 13:00:00,0.75706446,0.0057391524
2024-10-13,NO,0,2024,41,0.81528497,87.43758,71.286545,2024-10-23 13:00:00,0.81486154,0.0004234314
2024-10-13,EL,3,2024,41,0.8659614,8.920932,7.725182,2024-10-23 13:00:00,0.8528315,0.01312989
2024-10-13,EL,5,2024,41,0.86818564,17.390587,15.098257,2024-10-23 13:00:00,0.87395364,-0.005768001
2024-10-13,EL,2,2024,41,0.80498546,34.04359,27.404596,2024-10-23 13:00:00,0.807193,-0.0022075176
2024-10-20,VASS,1,2024,42,0.86150235,36.044464,31.052391,2024-10-30 13:00:00,0.857066,0.0044363737
2024-10-20,NO,0,2024,42,0.82048154,87.43758,71.74092,2024-10-30 13:00:00,0.81528497,0.0051965714
2024-10-20,VASS,3,2024,42,0.775249,28.155403,21.827448,2024-10-30 13:00:00,0.7628072,0.012441814
2024-10-20,EL,5,2024,42,0.8652288,17.390587,15.046835,2024-10-30 13:00:00,0.86818564,-0.0029568672
2024-10-20,VASS,2,2024,42,0.80840373,23.237715,18.785456,2024-10-30 13:00:00,0.81050944,-0.002105713
2024-10-20,EL,2,2024,42,0.80896837,34.04359,27.540188,2024-10-30 13:00:00,0.80498546,0.0039829016
2024-10-20,EL,1,2024,42,0.9378559,6.0032635,5.630196,2024-10-30 13:00:00,0.93401897,0.0038369298
2024-10-20,EL,4,2024,42,0.746126,21.079208,15.727746,2024-10-30 13:00:00,0.73131686,0.014809132
2024-10-20,EL,3,2024,42,0.87070787,8.920932,7.767525,2024-10-30 13:00:00,0.8659614,0.0047464967
2024-10-27,VASS,1,2024,43,0.8914306,36.044464,32.131138,2024-11-06 13:00:00,0.8614833,0.02994734
2024-10-27,EL,3,2024,43,0.9056514,8.920932,8.079254,2024-11-06 13:00:00,0.870722,0.034929395
2024-10-27,EL,2,2024,43,0.84117794,34.04359,28.636717,2024-11-06 13:00:00,0.80896837,0.032209575
2024-10-27,VASS,2,2024,43,0.8497451,23.237715,19.746136,2024-11-06 13:00:00,0.80840373,0.041341364
2024-10-27,VASS,3,2024,43,0.8107746,28.155403,22.827686,2024-11-06 13:00:00,0.7752536,0.03552103
2024-10-27,EL,5,2024,43,0.9055469,17.390587,15.747992,2024-11-06 13:00:00,0.8652288,0.04031813
2024-10-27,EL,4,2024,43,0.7843437,21.079208,16.533346,2024-11-06 13:00:00,0.746126,0.038217723
2024-10-27,EL,1,2024,43,0.9584442,6.0032635,5.753793,2024-11-06 13:00:00,0.9378559,0.020588279
2024-10-27,NO,0,2024,43,0.85519254,87.43758,74.77596,2024-11-06 13:00:00,0.82047606,0.034716487
2024-11-03,EL,5,2024,44,0.9373073,17.390587,16.300323,2024-11-13 13:00:00,0.9055469,0.031760395
2024-11-03,VASS,3,2024,44,0.823553,28.155403,23.187468,2024-11-13 13:00:00,0.81078124,0.012771785
2024-11-03,EL,2,2024,44,0.8626214,34.04359,29.36673,2024-11-13 13:00:00,0.84117794,0.021443486
2024-11-03,EL,3,2024,44,0.92345345,8.920932,8.238066,2024-11-13 13:00:00,0.9056514,0.01780206
2024-11-03,EL,4,2024,44,0.7950213,21.079208,16.758419,2024-11-13 13:00:00,0.7843437,0.010677576
2024-11-03,VASS,1,2024,44,0.90491796,36.044464,32.617283,2024-11-13 13:00:00,0.89145076,0.013467193
2024-11-03,EL,1,2024,44,0.9545046,6.0032635,5.730143,2024-11-13 13:00:00,0.9584442,-0.003939569
2024-11-03,NO,0,2024,44,0.87405,87.43758,76.42482,2024-11-13 13:00:00,0.8551883,0.018861711
2024-11-03,VASS,2,2024,44,0.88440883,23.237715,20.551641,2024-11-13 13:00:00,0.849795,0.034613848
2024-11-10,EL,4,2024,45,0.8257542,21.079208,17.406246,2024-11-20 13:00:00,0.7950213,0.03073293
2024-11-10,VASS,1,2024,45,0.8873992,36.044464,31.98583,2024-11-20 13:00:00,0.90491796,-0.017518759
2024-11-10,VASS,3,2024,45,0.8505857,28.155403,23.948582,2024-11-20 13:00:00,0.82354045,0.02704525
2024-11-10,EL,3,2024,45,0.93316245,8.920932,8.324678,2024-11-20 13:00:00,0.92345345,0.009709001
2024-11-10,EL,1,2024,45,0.93826073,6.0032635,5.6326265,2024-11-20 13:00:00,0.9545046,-0.016243875
2024-11-10,EL,5,2024,45,0.9175976,17.390587,15.95756,2024-11-20 13:00:00,0.9373073,-0.019709706
2024-11-10,EL,2,2024,45,0.8437236,34.04359,28.723381,2024-11-20 13:00:00,0.8626214,-0.018897831
2024-11-10,NO,0,2024,45,0.869653,87.43758,76.04035,2024-11-20 13:00:00,0.87405,-0.0043970346
2024-11-10,VASS,2,2024,45,0.863894,23.237715,20.074923,2024-11-20 13:00:00,0.8843535,-0.020459533
2024-11-17,EL,5,2024,46,0.8991154,17.390587,15.636144,2024-11-27 13:00:00,0.9175976,-0.018482208
2024-11-17,VASS,3,2024,46,0.867863,28.155403,24.435032,2024-11-27 13:00:00,0.85059726,0.017265737
2024-11-17,EL,2,2024,46,0.8280387,34.04359,28.18941,2024-11-27 13:00:00,0.8437208,-0.015682101
2024-11-17,VASS,1,2024,46,0.86853296,36.044464,31.305805,2024-11-27 13:00:00,0.8873535,-0.018820524
2024-11-17,EL,3,2024,46,0.94041425,8.920932,8.389371,2024-11-27 13:00:00,0.9331499,0.0072643757
2024-11-17,VASS,2,2024,46,0.85189444,23.237715,19.79608,2024-11-27 13:00:00,0.863894,-0.0119995475
2024-11-17,EL,1,2024,46,0.9212482,6.0032635,5.5304956,2024-11-27 13:00:00,0.9382601,-0.01701188
2024-11-17,NO,0,2024,46,0.8638762,87.43758,75.53524,2024-11-27 13:00:00,0.86960816,-0.0057319403
2024-11-17,EL,4,2024,46,0.84555024,21.079208,17.82353,2024-11-27 13:00:00,0.8257542,0.019796014
2024-11-24,EL,2,2024,47,0.80303925,34.04359,27.33834,2024-12-04 13:00:00,0.8280042,-0.024964929
2024-11-24,EL,1,2024,47,0.88560796,6.0032635,5.316538,2024-12-04 13:00:00,0.9212516,-0.035643637
2024-11-24,NO,0,2024,47,0.8407019,87.43758,73.508934,2024-12-04 13:00:00,0.8638762,-0.023174345
2024-11-24,VASS,1,2024,47,0.8392234,36.044464,30.249357,2024-12-04 13:00:00,0.86858636,-0.029362977
2024-11-24,VASS,3,2024,47,0.8573726,28.155403,24.13967,2024-12-04 13:00:00,0.86784554,-0.010472953
2024-11-24,EL,4,2024,47,0.8373218,21.079208,17.650082,2024-12-04 13:00:00,0.84555024,-0.008228421
2024-11-24,VASS,2,2024,47,0.8234188,23.237715,19.13437,2024-12-04 13:00:00,0.85189444,-0.028475642
2024-11-24,EL,3,2024,47,0.91857255,8.920932,8.194523,2024-12-04 13:00:00,0.9404185,-0.021845937
2024-11-24,EL,5,2024,47,0.86536413,17.390587,15.04919,2024-12-04 13:00:00,0.8991154,-0.03375125
2024-12-01,EL,1,2024,48,0.86084807,6.0032635,5.167898,2024-12-11 13:00:00,0.8856027,-0.024754643
2024-12-01,VASS,1,2024,48,0.82873505,36.044464,29.871311,2024-12-11 13:00:00,0.8392234,-0.010488331
2024-12-01,EL,4,2024,48,0.829105,21.079208,17.47688,2024-12-11 13:00:00,0.8373218,-0.008216798
2024-12-01,VASS,2,2024,48,0.8234461,23.237715,19.135006,2024-12-11 13:00:00,0.8234188,2.7298927e-05
2024-12-01,VASS,3,2024,48,0.84621155,28.155403,23.825426,2024-12-11 13:00:00,0.8573726,-0.011161029
2024-12-01,EL,5,2024,48,0.849353,17.390587,14.770747,2024-12-11 13:00:00,0.86536413,-0.016011119
2024-12-01,EL,2,2024,48,0.8033099,34.04359,27.347553,2024-12-11 13:00:00,0.80303925,0.0002706647
2024-12-01,EL,3,2024,48,0.9069862,8.920932,8.091162,2024-12-11 13:00:00,0.9185893,-0.011603117
2024-12-01,NO,0,2024,48,0.83274275,87.43758,72.81301,2024-12-11 13:00:00,0.8406632,-0.007920444
2024-12-08,EL,4,2024,49,0.82437915,21.079208,17.37726,2024-12-18 13:00:00,0.829105,-0.0047258735
2024-12-08,EL,2,2024,49,0.7955357,34.04359,27.082891,2024-12-18 13:00:00,0.8033099,-0.007774234
2024-12-08,VASS,2,2024,49,0.8099035,23.237715,18.820307,2024-12-18 13:00:00,0.8234461,-0.0135425925
2024-12-08,VASS,3,2024,49,0.8399465,28.155403,23.64903,2024-12-18 13:00:00,0.8461873,-0.006240785
2024-12-08,VASS,1,2024,49,0.8123426,36.044464,29.280453,2024-12-18 13:00:00,0.82865673,-0.016314149
2024-12-08,EL,1,2024,49,0.8345575,6.0032635,5.0100684,2024-12-18 13:00:00,0.86085415,-0.026296675
2024-12-08,EL,3,2024,49,0.8930502,8.920932,7.96684,2024-12-18 13:00:00,0.9069862,-0.013935983
2024-12-08,EL,5,2024,49,0.8243046,17.390587,14.335139,2024-12-18 13:00:00,0.849353,-0.025048435
2024-12-08,NO,0,2024,49,0.82034934,87.43758,71.72936,2024-12-18 13:00:00,0.8327798,-0.012430489
2024-12-15,VASS,3,2024,50,0.83166564,28.155403,23.41588,2024-12-25 13:00:00,0.8399465,-0.008280873
2024-12-15,EL,1,2024,50,0.79617333,6.0032635,4.779639,2024-12-25 13:00:00,0.8345575,-0.03838414
2024-12-15,VASS,2,2024,50,0.7813165,23.237715,18.15601,2024-12-25 13:00:00,0.8099482,-0.028631687
2024-12-15,EL,3,2024,50,0.86357814,8.920932,7.7039213,2024-12-25 13:00:00,0.8929674,-0.029389262
2024-12-15,VASS,1,2024,50,0.7807199,36.044464,28.14063,2024-12-25 13:00:00,0.8123426,-0.031622708
2024-12-15,NO,0,2024,50,0.7968096,87.43758,69.671104,2024-12-25 13:00:00,0.8203564,-0.023546815
2024-12-15,EL,4,2024,50,0.82185113,21.079208,17.323973,2024-12-25 13:00:00,0.82437915,-0.0025280118
2024-12-15,EL,2,2024,50,0.7715071,34.04359,26.264872,2024-12-25 13:00:00,0.7954974,-0.023990333
2024-12-15,EL,5,2024,50,0.7849417,17.390587,13.650596,2024-12-25 13:00:00,0.8243046,-0.039362907
2024-12-22,NO,0,2024,51,0.79262924,87.43758,69.30558,2025-01-02 13:00:00,0.79676735,-0.004138112
2024-12-22,EL,2,2024,51,0.7849818,34.04359,26.723598,2025-01-02 13:00:00,0.7715071,0.013474703
2024-12-22,VASS,3,2024,51,0.81546366,28.155403,22.959707,2025-01-02 13:00:00,0.83166564,-0.016201973
2024-12-22,EL,1,2024,51,0.77245736,6.0032635,4.637265,2025-01-02 13:00:00,0.79617333,-0.023715973
2024-12-22,EL,4,2024,51,0.80637723,21.079208,16.997795,2025-01-02 13:00:00,0.82185113,-0.015473902
2024-12-22,EL,5,2024,51,0.77253044,17.390587,13.434757,2025-01-02 13:00:00,0.7849417,-0.012411237
2024-12-22,EL,3,2024,51,0.8465881,8.920932,7.5523543,2025-01-02 13:00:00,0.86361223,-0.01702416
2024-12-22,VASS,2,2024,51,0.78713334,23.237715,18.29118,2025-01-02 13:00:00,0.78127867,0.0058546662
2024-12-22,VASS,1,2024,51,0.77920896,36.044464,28.08617,2025-01-02 13:00:00,0.7807199,-0.0015109181
2024-12-29,VASS,3,2024,52,0.81877965,28.155403,23.05307,2025-01-08 13:00:00,0.8154372,0.0033424497
2024-12-29,EL,1,2024,52,0.75210387,6.0032635,4.5150776,2025-01-08 13:00:00,0.77245736,-0.020353496
2024-12-29,EL,4,2024,52,0.8075706,21.079208,17.02295,2025-01-08 13:00:00,0.8063984,0.001172185
2024-12-29,EL,3,2024,52,0.8608866,8.920932,7.67991,2025-01-08 13:00:00,0.8465881,0.014298499
2024-12-29,VASS,1,2024,52,0.76949626,36.044464,27.73608,2025-01-08 13:00:00,0.77920896,-0.009712696
2024-12-29,EL,5,2024,52,0.76617205,17.390587,13.324181,2025-01-08 13:00:00,0.77253044,-0.006358385
2024-12-29,EL,2,2024,52,0.7823411,34.04359,26.633701,2025-01-08 13:00:00,0.7849818,-0.0026406646
2024-12-29,VASS,2,2024,52,0.79079276,23.237715,18.376217,2025-01-08 13:00:00,0.78713334,0.0036594272
2024-12-29,NO,0,2024,52,0.79060185,87.43758,69.12831,2025-01-08 13:00:00,0.7926799,-0.0020780563
2025-01-05,EL,1,2025,1,0.71732634,6.0032635,4.306299,2025-01-15 13:00:00,0.7520976,-0.034771264
2025-01-05,NO,0,2025,1,0.76791924,87.43758,67.145,2025-01-15 13:00:00,0.7905501,-0.02263087
2025-01-05,EL,3,2025,1,0.83389443,8.920932,7.439115,2025-01-15 13:00:00,0.8608866,-0.026992142
2025-01-05,VASS,2,2025,1,0.76433665,23.237715,17.761438,2025-01-15 13:00:00,0.79079276,-0.026456118
2025-01-05,VASS,1,2025,1,0.74346685,36.044464,26.797865,2025-01-15 13:00:00,0.76949626,-0.026029408
2025-01-05,EL,4,2025,1,0.79523087,21.079208,16.762838,2025-01-15 13:00:00,0.8075706,-0.012339711
2025-01-05,EL,5,2025,1,0.7290386,17.390587,12.678409,2025-01-15 13:00:00,0.76617205,-0.037133455
2025-01-05,EL,2,2025,1,0.7641772,34.04359,26.015335,2025-01-15 13:00:00,0.7823411,-0.01816392
2025-01-05,VASS,3,2025,1,0.80404824,28.155403,22.6383,2025-01-15 13:00:00,0.8188235,-0.014775276
2025-01-12,EL,4,2025,2,0.773485,21.079208,16.304453,2025-01-22 13:00:00,0.79523087,-0.02174586
2025-01-12,VASS,3,2025,2,0.7781058,28.155403,21.90788,2025-01-22 13:00:00,0.80404824,-0.025942445
2025-01-12,VASS,1,2025,2,0.70798516,36.044464,25.518948,2025-01-22 13:00:00,0.74346685,-0.03548169
2025-01-12,EL,2,2025,2,0.73423874,34.04359,24.996122,2025-01-22 13:00:00,0.7641772,-0.02993846
2025-01-12,EL,1,2025,2,0.6797826,6.0032635,4.0809145,2025-01-22 13:00:00,0.71732634,-0.037543714
2025-01-12,EL,3,2025,2,0.7906924,8.920932,7.053713,2025-01-22 13:00:00,0.83389443,-0.043202043
2025-01-12,NO,0,2025,2,0.7346871,87.43758,64.239265,2025-01-22 13:00:00,0.7679553,-0.033268213
2025-01-12,VASS,2,2025,2,0.72601783,23.237715,16.870996,2025-01-22 13:00:00,0.7643736,-0.038355768
2025-01-12,EL,5,2025,2,0.682027,17.390587,11.860848,2025-01-22 13:00:00,0.7290386,-0.047011614
2025-01-19,VASS,2,2025,3,0.71710855,23.237715,16.663965,2025-01-29 13:00:00,0.7259818,-0.008873224
2025-01-19,EL,2,2025,3,0.7184838,34.04359,24.459768,2025-01-29 13:00:00,0.73423874,-0.015754938
2025-01-19,VASS,3,2025,3,0.79988986,28.155403,22.521221,2025-01-29 13:00:00,0.7781062,0.02178365
2025-01-19,VASS,1,2025,3,0.6844282,36.044464,24.66985,2025-01-29 13:00:00,0.70798516,-0.023556948
2025-01-19,EL,1,2025,3,0.6494294,6.0032635,3.8986957,2025-01-29 13:00:00,0.6797826,-0.030353248
2025-01-19,EL,4,2025,3,0.7968597,21.079208,16.797173,2025-01-29 13:00:00,0.7734855,0.0233742
2025-01-19,NO,0,2025,3,0.7291466,87.43758,63.754814,2025-01-29 13:00:00,0.73465127,-0.0055046678
2025-01-19,EL,3,2025,3,0.81000507,8.920932,7.226,2025-01-29 13:00:00,0.7906924,0.01931268
2025-01-19,EL,5,2025,3,0.6594932,17.390587,11.468973,2025-01-29 13:00:00,0.682027,-0.022533774
2025-01-26,NO,0,2025,4,0.70334566,87.43758,61.49884,2025-02-05 13:00:00,0.7291931,-0.025847435
2025-01-26,EL,1,2025,4,0.60922486,6.0032635,3.6573374,2025-02-05 13:00:00,0.6494294,-0.040204525
2025-01-26,EL,5,2025,4,0.6184247,17.390587,10.754768,2025-02-05 13:00:00,0.65956885,-0.041144133
2025-01-26,EL,3,2025,4,0.7813754,8.920932,6.970597,2025-02-05 13:00:00,0.81000507,-0.02862966
2025-01-26,VASS,1,2025,4,0.65139204,36.044464,23.479078,2025-02-05 13:00:00,0.6844282,-0.033036172
2025-01-26,EL,4,2025,4,0.78931546,21.079208,16.638147,2025-02-05 13:00:00,0.79687446,-0.0075590014
2025-01-26,EL,2,2025,4,0.6927321,34.04359,23.583088,2025-02-05 13:00:00,0.7184838,-0.02575171
2025-01-26,VASS,2,2025,4,0.6865278,23.237715,15.953337,2025-02-05 13:00:00,0.71710855,-0.030580759
2025-01-26,VASS,3,2025,4,0.7877931,28.155403,22.180632,2025-02-05 13:00:00,0.79989564,-0.012102544
2025-02-02,VASS,3,2025,5,0.7660764,28.155403,21.56919,2025-02-12 13:00:00,0.7877931,-0.021716714
2025-02-02,EL,4,2025,5,0.77349776,21.079208,16.30472,2025-02-12 13:00:00,0.78931546,-0.015817702
2025-02-02,NO,0,2025,5,0.6711438,87.43758,58.68319,2025-02-12 13:00:00,0.7033822,-0.032238424
2025-02-02,EL,5,2025,5,0.57332975,17.390587,9.97054,2025-02-12 13:00:00,0.6184247,-0.045094967
2025-02-02,EL,2,2025,5,0.6620035,34.04359,22.536976,2025-02-12 13:00:00,0.6927321,-0.030728579
2025-02-02,EL,1,2025,5,0.56288135,6.0032635,3.3791254,2025-02-12 13:00:00,0.60922486,-0.046343505
2025-02-02,VASS,2,2025,5,0.6522452,23.237715,15.156689,2025-02-12 13:00:00,0.6865278,-0.034282565
2025-02-02,EL,3,2025,5,0.7398798,8.920932,6.600417,2025-02-12 13:00:00,0.781319,-0.041439235
2025-02-02,VASS,1,2025,5,0.6126608,36.044464,22.08303,2025-02-12 13:00:00,0.65139204,-0.038731217
2025-02-09,EL,2,2025,6,0.62952834,34.04359,21.431404,2025-02-19 13:00:00,0.6620035,-0.032475173
2025-02-09,EL,5,2025,6,0.52842474,17.390587,9.189616,2025-02-19 13:00:00,0.57332975,-0.044905007
2025-02-09,EL,3,2025,6,0.70541596,8.920932,6.292968,2025-02-19 13:00:00,0.739949,-0.034533024
2025-02-09,VASS,1,2025,6,0.5725987,36.044464,20.639013,2025-02-19 13:00:00,0.6126608,-0.04006213
2025-02-09,NO,0,2025,6,0.6399496,87.43758,55.955643,2025-02-19 13:00:00,0.6711438,-0.03119415
2025-02-09,VASS,2,2025,6,0.61886483,23.237715,14.381005,2025-02-19 13:00:00,0.6522606,-0.033395767
2025-02-09,VASS,3,2025,6,0.74873877,28.155403,21.081041,2025-02-19 13:00:00,0.76607573,-0.017336965
2025-02-09,EL,4,2025,6,0.7618817,21.079208,16.059864,2025-02-19 13:00:00,0.77349776,-0.011616051
2025-02-09,EL,1,2025,6,0.51701015,6.0032635,3.1037483,2025-02-19 13:00:00,0.56288135,-0.0458712
2025-02-16,VASS,2,2025,7,0.5771781,23.237715,13.412301,2025-02-26 13:00:00,0.61886483,-0.041686714
2025-02-16,NO,0,2025,7,0.60093284,87.43758,52.544113,2025-02-26 13:00:00,0.63990533,-0.038972497
2025-02-16,EL,4,2025,7,0.74383104,21.079208,15.67937,2025-02-26 13:00:00,0.76185006,-0.01801902
2025-02-16,VASS,3,2025,7,0.72371,28.155403,20.376347,2025-02-26 13:00:00,0.7487443,-0.025034308
2025-02-16,EL,3,2025,7,0.65697944,8.920932,5.8608685,2025-02-26 13:00:00,0.70541596,-0.048436522
2025-02-16,EL,5,2025,7,0.47513065,17.390587,8.262801,2025-02-26 13:00:00,0.5283642,-0.053233534
2025-02-16,EL,2,2025,7,0.5908001,34.04359,20.112957,2025-02-26 13:00:00,0.62952834,-0.038728237
2025-02-16,EL,1,2025,7,0.4602164,6.0032635,2.7628002,2025-02-26 13:00:00,0.51701015,-0.05679375
2025-02-16,VASS,1,2025,7,0.52504236,36.044464,18.924871,2025-02-26 13:00:00,0.5725987,-0.04755634
2025-02-23,VASS,2,2025,8,0.5517114,23.237715,12.820512,2025-03-05 13:00:00,0.5771775,-0.025466144
2025-02-23,EL,5,2025,8,0.43644592,17.390587,7.59005,2025-03-05 13:00:00,0.47513065,-0.038684726
2025-02-23,EL,1,2025,8,0.4067785,6.0032635,2.4419987,2025-03-05 13:00:00,0.4602164,-0.05343789
2025-02-23,VASS,1,2025,8,0.4875454,36.044464,17.573313,2025-03-05 13:00:00,0.52504236,-0.037496954
2025-02-23,VASS,3,2025,8,0.7026977,28.155403,19.784737,2025-03-05 13:00:00,0.72371,-0.021012306
2025-02-23,EL,2,2025,8,0.5643274,34.04359,19.211731,2025-03-05 13:00:00,0.5908001,-0.026472688
2025-02-23,EL,3,2025,8,0.6204253,8.920932,5.5347714,2025-03-05 13:00:00,0.65697944,-0.036554158
2025-02-23,EL,4,2025,8,0.7285499,21.079208,15.357256,2025-03-05 13:00:00,0.7438677,-0.015317798
2025-02-23,NO,0,2025,8,0.5717315,87.43758,49.99082,2025-03-05 13:00:00,0.6008935,-0.02916199
2025-03-02,EL,2,2025,9,0.5455018,34.04359,18.570839,2025-03-12 13:00:00,0.5643274,-0.01882559
2025-03-02,VASS,3,2025,9,0.68414193,28.155403,19.262291,2025-03-12 13:00:00,0.7026614,-0.018519461
2025-03-02,VASS,2,2025,9,0.5296309,23.237715,12.307412,2025-03-12 13:00:00,0.5517114,-0.022080481
2025-03-02,EL,5,2025,9,0.4062182,17.390587,7.0643725,2025-03-12 13:00:00,0.43644592,-0.03022772
2025-03-02,EL,4,2025,9,0.7139353,21.079208,15.049191,2025-03-12 13:00:00,0.728572,-0.014636695
2025-03-02,VASS,1,2025,9,0.46282497,36.044464,16.68228,2025-03-12 13:00:00,0.48765782,-0.024832845
2025-03-02,EL,3,2025,9,0.5943378,8.920932,5.302047,2025-03-12 13:00:00,0.6204253,-0.026087463
2025-03-02,NO,0,2025,9,0.54962057,87.43758,48.05749,2025-03-12 13:00:00,0.5717315,-0.022110939
2025-03-02,EL,1,2025,9,0.36968824,6.0032635,2.219336,2025-03-12 13:00:00,0.40676838,-0.03708014
2025-03-09,NO,0,2025,10,0.5584408,87.43758,48.828712,2025-03-19 13:00:00,0.54966366,0.008777142
2025-03-09,EL,5,2025,10,0.41910923,17.390587,7.288555,2025-03-19 13:00:00,0.4062182,0.012891024
2025-03-09,EL,3,2025,10,0.60852087,8.920932,5.428573,2025-03-19 13:00:00,0.5943378,0.014183044
2025-03-09,EL,4,2025,10,0.7042302,21.079208,14.844615,2025-03-19 13:00:00,0.7139353,-0.009705126
2025-03-09,VASS,1,2025,10,0.47244015,36.044464,17.028852,2025-03-19 13:00:00,0.46276033,0.009679824
2025-03-09,EL,1,2025,10,0.36244717,6.0032635,2.175866,2025-03-19 13:00:00,0.36960474,-0.007157564
2025-03-09,EL,2,2025,10,0.56471485,34.04359,19.22492,2025-03-19 13:00:00,0.5455018,0.01921302
2025-03-09,VASS,3,2025,10,0.6778062,28.155403,19.083906,2025-03-19 13:00:00,0.68419236,-0.006386161
2025-03-09,VASS,2,2025,10,0.5548025,23.237715,12.892342,2025-03-19 13:00:00,0.5296309,0.025171578
2025-03-16,NO,0,2025,11,0.5298404,87.43758,46.32796,2025-03-26 13:00:00,0.5584727,-0.028632283
2025-03-16,EL,4,2025,11,0.6864952,21.079208,14.470776,2025-03-26 13:00:00,0.7042302,-0.017735004
2025-03-16,VASS,2,2025,11,0.5227255,23.237715,12.146946,2025-03-26 13:00:00,0.5548025,-0.032076955
2025-03-16,EL,1,2025,11,0.32696897,6.0032635,1.962881,2025-03-26 13:00:00,0.36244717,-0.035478204
2025-03-16,VASS,1,2025,11,0.44154605,36.044464,15.915291,2025-03-26 13:00:00,0.47255078,-0.031004727
2025-03-16,EL,3,2025,11,0.5677276,8.920932,5.064659,2025-03-26 13:00:00,0.60852087,-0.04079324
2025-03-16,EL,5,2025,11,0.38120574,17.390587,6.629391,2025-03-26 13:00:00,0.4191573,-0.03795156
2025-03-16,VASS,3,2025,11,0.65524215,28.155403,18.448605,2025-03-26 13:00:00,0.6777913,-0.022549152
2025-03-16,EL,2,2025,11,0.53853524,34.04359,18.333672,2025-03-26 13:00:00,0.56471485,-0.026179612
2025-03-23,EL,3,2025,12,0.5358322,8.920932,4.7801228,2025-04-02 13:00:00,0.5677276,-0.0318954
2025-03-23,VASS,1,2025,12,0.41223037,36.044464,14.8586235,2025-04-02 13:00:00,0.44148412,-0.029253751
2025-03-23,NO,0,2025,12,0.5062498,87.43758,44.265255,2025-04-02 13:00:00,0.52982813,-0.023578346
2025-03-23,VASS,2,2025,12,0.49855876,23.237715,11.585366,2025-04-02 13:00:00,0.52270406,-0.024145305
2025-03-23,EL,1,2025,12,0.28387597,6.0032635,1.7041823,2025-04-02 13:00:00,0.32696897,-0.043092996
2025-03-23,VASS,3,2025,12,0.63982695,28.155403,18.014585,2025-04-02 13:00:00,0.65526503,-0.01543808
2025-03-23,EL,4,2025,12,0.67512727,21.079208,14.231149,2025-04-02 13:00:00,0.6864952,-0.011367917
2025-03-23,EL,5,2025,12,0.35239187,17.390587,6.128301,2025-04-02 13:00:00,0.38120574,-0.028813869
2025-03-23,EL,2,2025,12,0.515802,34.04359,17.559752,2025-04-02 13:00:00,0.53853524,-0.022733212
2025-03-30,EL,3,2025,13,0.5145171,8.920932,4.589972,2025-04-09 13:00:00,0.5358322,-0.021315098
2025-03-30,EL,5,2025,13,0.3307145,17.390587,5.751319,2025-04-09 13:00:00,0.35239187,-0.021677375
2025-03-30,EL,2,2025,13,0.5074443,34.04359,17.275227,2025-04-09 13:00:00,0.5158539,-0.00840956
2025-03-30,VASS,3,2025,13,0.6248495,28.155403,17.592888,2025-04-09 13:00:00,0.63978106,-0.01493156
2025-03-30,VASS,2,2025,13,0.49091434,23.237715,11.407727,2025-04-09 13:00:00,0.49857974,-0.0076653957
2025-03-30,VASS,1,2025,13,0.39387164,36.044464,14.196893,2025-04-09 13:00:00,0.4122604,-0.018388778
2025-03-30,NO,0,2025,13,0.4917365,87.43758,42.99625,2025-04-09 13:00:00,0.50619274,-0.014456242
2025-03-30,EL,1,2025,13,0.2573003,6.0032635,1.5446415,2025-04-09 13:00:00,0.28387597,-0.026575685
2025-03-30,EL,4,2025,13,0.6630098,21.079208,13.975722,2025-04-09 13:00:00,0.6750597,-0.012049854
2025-04-06,VASS,1,2025,14,0.3798132,36.044464,13.690163,2025-04-16 13:00:00,0.39387164,-0.014058441
2025-04-06,VASS,3,2025,14,0.61577356,28.155403,17.33735,2025-04-16 13:00:00,0.624949,-0.00917542
2025-04-06,EL,1,2025,14,0.24875064,6.0032635,1.4933157,2025-04-16 13:00:00,0.2573003,-0.008549646
2025-04-06,EL,2,2025,14,0.49362984,34.04359,16.804932,2025-04-16 13:00:00,0.5074443,-0.013814479
2025-04-06,VASS,2,2025,14,0.47192225,23.237715,10.966394,2025-04-16 13:00:00,0.49091434,-0.018992096
2025-04-06,EL,3,2025,14,0.49095887,8.920932,4.3798103,2025-04-16 13:00:00,0.5145171,-0.023558259
2025-04-06,NO,0,2025,14,0.47792685,87.43758,41.788765,2025-04-16 13:00:00,0.49174732,-0.013820469
2025-04-06,EL,4,2025,14,0.6579477,21.079208,13.869018,2025-04-16 13:00:00,0.6631308,-0.0051831007
2025-04-06,EL,5,2025,14,0.30951193,17.390587,5.3825936,2025-04-16 13:00:00,0.3307145,-0.021202564
2025-04-13,EL,2,2025,15,0.4873767,34.04359,16.592052,2025-04-23 13:00:00,0.49364406,-0.006267369
2025-04-13,EL,3,2025,15,0.47368312,8.920932,4.2256947,2025-04-23 13:00:00,0.49095887,-0.01727575
2025-04-13,VASS,3,2025,15,0.6046245,28.155403,17.023447,2025-04-23 13:00:00,0.61577463,-0.011150122
2025-04-13,NO,0,2025,15,0.46924815,87.43758,41.029922,2025-04-23 13:00:00,0.47795293,-0.0087047815
2025-04-13,VASS,2,2025,15,0.4617488,23.237715,10.729987,2025-04-23 13:00:00,0.47192225,-0.01017344
2025-04-13,EL,5,2025,15,0.29794383,17.390587,5.181418,2025-04-23 13:00:00,0.30947644,-0.011532605
2025-04-13,EL,4,2025,15,0.64793664,21.079208,13.657992,2025-04-23 13:00:00,0.65794724,-0.0100106
2025-04-13,VASS,1,2025,15,0.37386125,36.044464,13.475629,2025-04-23 13:00:00,0.3798132,-0.005951941
2025-04-13,EL,1,2025,15,0.2506467,6.0032635,1.5046983,2025-04-23 13:00:00,0.24875064,0.0018960685
2025-04-20,VASS,1,2025,16,0.39457494,36.044464,14.222242,2025-04-30 13:00:00,0.37386125,0.020713687
2025-04-20,EL,1,2025,16,0.3047417,6.0032635,1.8294448,2025-04-30 13:00:00,0.2506467,0.054095
2025-04-20,NO,0,2025,16,0.4813347,87.43758,42.08674,2025-04-30 13:00:00,0.469259,0.012075692
2025-04-20,EL,3,2025,16,0.50405395,8.920932,4.4966307,2025-04-30 13:00:00,0.47368312,0.030370831
2025-04-20,VASS,2,2025,16,0.47001612,23.237715,10.922101,2025-04-30 13:00:00,0.46178904,0.00822708
2025-04-20,EL,2,2025,16,0.50396246,34.04359,17.15669,2025-04-30 13:00:00,0.4873767,0.016585767
2025-04-20,VASS,3,2025,16,0.6083403,28.155403,17.128067,2025-04-30 13:00:00,0.6046178,0.0037225485
2025-04-20,EL,4,2025,16,0.6405417,21.079208,13.502111,2025-04-30 13:00:00,0.64801157,-0.0074698925
2025-04-20,EL,5,2025,16,0.3008228,17.390587,5.231485,2025-04-30 13:00:00,0.29794383,0.002878964
2025-04-27,EL,3,2025,17,0.49058038,8.920932,4.376434,2025-05-07 13:00:00,0.50405395,-0.01347357
2025-04-27,EL,5,2025,17,0.29734722,17.390587,5.1710424,2025-05-07 13:00:00,0.3008228,-0.0034755766
2025-04-27,EL,1,2025,17,0.33097726,6.0032635,1.9869437,2025-05-07 13:00:00,0.3047417,0.02623555
2025-04-27,VASS,1,2025,17,0.3956199,36.044464,14.259907,2025-05-07 13:00:00,0.39457494,0.0010449588
2025-04-27,EL,2,2025,17,0.4951014,34.04359,16.85503,2025-05-07 13:00:00,0.50396246,-0.008861065
2025-04-27,VASS,3,2025,17,0.5949163,28.155403,16.750107,2025-05-07 13:00:00,0.60834056,-0.013424277
2025-04-27,EL,4,2025,17,0.6263269,21.079208,13.202476,2025-05-07 13:00:00,0.6405421,-0.014215171
2025-04-27,VASS,2,2025,17,0.45761722,23.237715,10.633979,2025-05-07 13:00:00,0.47001612,-0.012398899
2025-04-27,NO,0,2025,17,0.47429666,87.43758,41.47135,2025-05-07 13:00:00,0.4813347,-0.007038027
2025-05-04,VASS,1,2025,18,0.42166913,36.044464,15.198838,2025-05-14 13:00:00,0.3956199,0.026049227
2025-05-04,EL,5,2025,18,0.32883185,17.390587,5.718579,2025-05-14 13:00:00,0.2973813,0.03145054
2025-05-04,EL,1,2025,18,0.36270237,6.0032635,2.177398,2025-05-14 13:00:00,0.33097726,0.03172511
2025-05-04,VASS,3,2025,18,0.59793067,28.155403,16.834978,2025-05-14 13:00:00,0.5949163,0.0030143857
2025-05-04,NO,0,2025,18,0.49304447,87.43758,43.110615,2025-05-14 13:00:00,0.47429666,0.018747807
2025-05-04,EL,4,2025,18,0.6187424,21.079208,13.042601,2025-05-14 13:00:00,0.6263269,-0.0075845122
2025-05-04,EL,3,2025,18,0.52656156,8.920932,4.6974196,2025-05-14 13:00:00,0.49058038,0.03598118
2025-05-04,VASS,2,2025,18,0.48314202,23.237715,11.227117,2025-05-14 13:00:00,0.45757738,0.02556464
2025-05-04,EL,2,2025,18,0.51651335,34.04359,17.58397,2025-05-14 13:00:00,0.49508566,0.021427691
2025-05-11,EL,1,2025,19,0.3896647,6.0032635,2.33926,2025-05-21 13:00:00,0.36270237,0.02696234
2025-05-11,NO,0,2025,19,0.4917016,87.43758,42.9932,2025-05-21 13:00:00,0.49304447,-0.0013428628
2025-05-11,VASS,1,2025,19,0.42728826,36.044464,15.401377,2025-05-21 13:00:00,0.4217094,0.0055788755
2025-05-11,EL,2,2025,19,0.5132518,34.04359,17.472933,2025-05-21 13:00:00,0.51651883,-0.0032670498
2025-05-11,VASS,3,2025,19,0.5933392,28.155403,16.705704,2025-05-21 13:00:00,0.5980601,-0.0047208667
2025-05-11,EL,4,2025,19,0.6100031,21.079208,12.858383,2025-05-21 13:00:00,0.6188325,-0.008829415
2025-05-11,EL,3,2025,19,0.53149307,8.920932,4.741413,2025-05-21 13:00:00,0.52656156,0.0049315095
2025-05-11,EL,5,2025,19,0.32721874,17.390587,5.690526,2025-05-21 13:00:00,0.32883185,-0.0016131103
2025-05-11,VASS,2,2025,19,0.47482145,23.237715,11.033766,2025-05-21 13:00:00,0.4831841,-0.008362651
2025-05-18,VASS,1,2025,20,0.45379418,36.044464,16.356768,2025-05-28 13:00:00,0.42728826,0.026505917
2025-05-18,EL,1,2025,20,0.4330719,6.0032635,2.599845,2025-05-28 13:00:00,0.3896647,0.0434072
2025-05-18,EL,2,2025,20,0.52411604,34.04359,17.84279,2025-05-28 13:00:00,0.51325554,0.010860503
2025-05-18,VASS,3,2025,20,0.60274655,28.155403,16.970572,2025-05-28 13:00:00,0.5932665,0.009480059
2025-05-18,VASS,2,2025,20,0.48914397,23.237715,11.366588,2025-05-28 13:00:00,0.4747801,0.014363855
2025-05-18,EL,5,2025,20,0.36302978,17.390587,6.3133006,2025-05-28 13:00:00,0.32739654,0.035633236
2025-05-18,NO,0,2025,20,0.5096536,87.43758,44.562878,2025-05-28 13:00:00,0.4916918,0.01796183
2025-05-18,EL,3,2025,20,0.5655377,8.920932,5.045123,2025-05-28 13:00:00,0.53149307,0.034044623
2025-05-18,EL,4,2025,20,0.6104993,21.079208,12.868843,2025-05-28 13:00:00,0.6100031,0.00049620867
2025-05-25,EL,2,2025,21,0.5256937,34.04359,17.896502,2025-06-04 13:00:00,0.5241479,0.0015457869
2025-05-25,VASS,2,2025,21,0.4969172,23.237715,11.547219,2025-06-04 13:00:00,0.4891401,0.007777095
2025-05-25,EL,5,2025,21,0.3864165,17.390587,6.7200093,2025-06-04 13:00:00,0.36299938,0.023417115
2025-05-25,NO,0,2025,21,0.52225715,87.43758,45.664898,2025-06-04 13:00:00,0.5096738,0.012583375
2025-05-25,VASS,1,2025,21,0.4673807,36.044464,16.846487,2025-06-04 13:00:00,0.4537375,0.013643205
2025-05-25,VASS,3,2025,21,0.61802596,28.155403,17.40077,2025-06-04 13:00:00,0.60274655,0.015279412
2025-05-25,EL,3,2025,21,0.5976341,8.920932,5.331453,2025-06-04 13:00:00,0.5655377,0.032096386
2025-05-25,EL,4,2025,21,0.618728,21.079208,13.042296,2025-06-04 13:00:00,0.6104993,0.00822866
2025-05-25,EL,1,2025,21,0.46464467,6.0032635,2.7893846,2025-06-04 13:00:00,0.4330719,0.03157276
2025-06-01,NO,0,2025,22,0.5498491,87.43758,48.077473,2025-06-11 13:00:00,0.52226454,0.027584553
2025-06-01,EL,1,2025,22,0.5069902,6.0032635,3.0435958,2025-06-11 13:00:00,0.46464467,0.042345524
2025-06-01,VASS,1,2025,22,0.4912763,36.044464,17.70779,2025-06-11 13:00:00,0.4673807,0.023895591
2025-06-01,VASS,2,2025,22,0.5225401,23.237715,12.142637,2025-06-11 13:00:00,0.4968699,0.0256702
2025-06-01,VASS,3,2025,22,0.65224266,28.155403,18.364155,2025-06-11 13:00:00,0.6180548,0.034187853
2025-06-01,EL,2,2025,22,0.54238653,34.04359,18.464785,2025-06-11 13:00:00,0.5256937,0.016692817
2025-06-01,EL,5,2025,22,0.41933104,17.390587,7.2924128,2025-06-11 13:00:00,0.3864165,0.03291455
2025-06-01,EL,4,2025,22,0.6522402,21.079208,13.748708,2025-06-11 13:00:00,0.618728,0.033512235
2025-06-01,EL,3,2025,22,0.63349277,8.920932,5.6513457,2025-06-11 13:00:00,0.5976341,0.03585869
2025-06-08,VASS,3,2025,23,0.69309807,28.155403,19.514456,2025-06-18 13:00:00,0.6522304,0.040867686
2025-06-08,EL,5,2025,23,0.44624436,17.390587,7.760451,2025-06-18 13:00:00,0.41933104,0.026913315
2025-06-08,EL,3,2025,23,0.66649544,8.920932,5.9457603,2025-06-18 13:00:00,0.63349277,0.033002675
2025-06-08,EL,4,2025,23,0.6944838,21.079208,14.63917,2025-06-18 13:00:00,0.652224,0.042259812
2025-06-08,EL,2,2025,23,0.56475836,34.04359,19.226402,2025-06-18 13:00:00,0.54238653,0.022371829
2025-06-08,VASS,1,2025,23,0.5182667,36.044464,18.680645,2025-06-18 13:00:00,0.4912763,0.026990384
2025-06-08,EL,1,2025,23,0.5441666,6.0032635,3.2667756,2025-06-18 13:00:00,0.5069902,0.03717643
2025-06-08,VASS,2,2025,23,0.54471034,23.237715,12.657824,2025-06-18 13:00:00,0.5225401,0.022170246
2025-06-08,NO,0,2025,23,0.57988894,87.43758,50.704086,2025-06-18 13:00:00,0.54984635,0.030042589
2025-06-15,VASS,2,2025,24,0.5528388,23.237715,12.84671,2025-06-25 13:00:00,0.54471034,0.008128464
2025-06-15,VASS,1,2025,24,0.5310616,36.044464,19.14183,2025-06-25 13:00:00,0.5183294,0.012732208
2025-06-15,EL,2,2025,24,0.5680745,34.04359,19.339296,2025-06-25 13:00:00,0.56475836,0.003316164
2025-06-15,VASS,3,2025,24,0.7246234,28.155403,20.402063,2025-06-25 13:00:00,0.6931633,0.031460106
2025-06-15,EL,4,2025,24,0.7257982,21.079208,15.299252,2025-06-25 13:00:00,0.69457006,0.031228125
2025-06-15,EL,5,2025,24,0.46700776,17.390587,8.121538,2025-06-25 13:00:00,0.44615152,0.020856231
2025-06-15,NO,0,2025,24,0.59725803,87.43758,52.222797,2025-06-25 13:00:00,0.579882,0.017376006
2025-06-15,EL,1,2025,24,0.56732875,6.0032635,3.405824,2025-06-25 13:00:00,0.5440009,0.023327827
2025-06-15,EL,3,2025,24,0.6961897,8.920932,6.2106605,2025-06-25 13:00:00,0.66649544,0.02969426
2025-06-22,NO,0,2025,25,0.63758904,87.43758,55.74924,2025-07-02 13:00:00,0.5972628,0.040326238
2025-06-22,EL,1,2025,25,0.6020202,6.0032635,3.614086,2025-07-02 13:00:00,0.5672738,0.03474641
2025-06-22,VASS,2,2025,25,0.5919417,23.237715,13.755373,2025-07-02 13:00:00,0.5528388,0.039102912
2025-06-22,EL,3,2025,25,0.7667673,8.920932,6.8402786,2025-07-02 13:00:00,0.6961897,0.07057762
2025-06-22,EL,2,2025,25,0.5782236,34.04359,19.684807,2025-07-02 13:00:00,0.56803846,0.0101851225
2025-06-22,EL,4,2025,25,0.79022557,21.079208,16.65733,2025-07-02 13:00:00,0.72586954,0.06435603
2025-06-22,VASS,3,2025,25,0.7899581,28.155403,22.241589,2025-07-02 13:00:00,0.7246321,0.065326035
2025-06-22,VASS,1,2025,25,0.55366224,36.044464,19.956459,2025-07-02 13:00:00,0.5310616,0.02260065
2025-06-22,EL,5,2025,25,0.5256145,17.390587,9.140744,2025-07-02 13:00:00,0.4669829,0.0586316
2025-06-29,EL,3,2025,26,0.832674,8.920932,7.428228,2025-07-09 13:00:00,0.7667673,0.0659067
2025-06-29,VASS,2,2025,26,0.63894135,23.237715,14.847537,2025-07-09 13:00:00,0.5919417,0.046999633
2025-06-29,VASS,1,2025,26,0.58135355,36.044464,20.954578,2025-07-09 13:00:00,0.55366224,0.027691305
2025-06-29,NO,0,2025,26,0.6747103,87.43758,58.99503,2025-07-09 13:00:00,0.63758904,0.037121236
2025-06-29,VASS,3,2025,26,0.83135164,28.155403,23.40704,2025-07-09 13:00:00,0.7899581,0.04139352
2025-06-29,EL,5,2025,26,0.59099513,17.390587,10.277752,2025-07-09 13:00:00,0.5256145,0.06538063
2025-06-29,EL,1,2025,26,0.63764346,6.0032635,3.827942,2025-07-09 13:00:00,0.6020202,0.035623252
2025-06-29,EL,4,2025,26,0.8251652,21.079208,17.39383,2025-07-09 13:00:00,0.79022557,0.034939647
2025-06-29,EL,2,2025,26,0.59539855,34.04359,20.269505,2025-07-09 13:00:00,0.5782487,0.017149866
2025-07-06,VASS,2,2025,27,0.67003566,23.237715,15.570098,2025-07-16 13:00:00,0.63894135,0.031094313
2025-07-06,EL,2,2025,27,0.6026448,34.04359,20.516193,2025-07-16 13:00:00,0.59539336,0.0072514415
2025-07-06,EL,4,2025,27,0.8484781,21.079208,17.885246,2025-07-16 13:00:00,0.82516587,0.023312211
2025-07-06,VASS,1,2025,27,0.59998703,36.044464,21.626211,2025-07-16 13:00:00,0.58135355,0.018633485
2025-07-06,NO,0,2025,27,0.6990611,87.43758,61.12421,2025-07-16 13:00:00,0.6746773,0.024383783
2025-07-06,EL,3,2025,27,0.87149197,8.920932,7.7745204,2025-07-16 13:00:00,0.83261883,0.038873136
2025-07-06,EL,5,2025,27,0.64224225,17.390587,11.168969,2025-07-16 13:00:00,0.59106296,0.05117929
2025-07-06,EL,1,2025,27,0.6652491,6.0032635,3.9936657,2025-07-16 13:00:00,0.63764346,0.027605653
2025-07-06,VASS,3,2025,27,0.8577541,28.155403,24.150412,2025-07-16 13:00:00,0.8313581,0.026396036
2025-07-13,VASS,3,2025,28,0.87211466,28.155403,24.554739,2025-07-23 13:00:00,0.8577541,0.014360547
2025-07-13,VASS,2,2025,28,0.6750092,23.237715,15.685671,2025-07-23 13:00:00,0.67003566,0.004973531
2025-07-13,EL,2,2025,28,0.5967161,34.04359,20.314358,2025-07-23 13:00:00,0.6026051,-0.0058889985
2025-07-13,EL,3,2025,28,0.88434964,8.920932,7.8892226,2025-07-23 13:00:00,0.8715613,0.012788355
2025-07-13,NO,0,2025,28,0.70831543,87.43758,61.933388,2025-07-23 13:00:00,0.6990428,0.009272635
2025-07-13,VASS,1,2025,28,0.6082766,36.044464,21.925003,2025-07-23 13:00:00,0.59998703,0.008289576
2025-07-13,EL,5,2025,28,0.67152596,17.390587,11.678229,2025-07-23 13:00:00,0.6421686,0.029357374
2025-07-13,EL,1,2025,28,0.6760682,6.0032635,4.0586157,2025-07-23 13:00:00,0.6650202,0.011047959
2025-07-13,EL,4,2025,28,0.86407757,21.079208,18.214073,2025-07-23 13:00:00,0.8484154,0.015662193
2025-07-20,VASS,2,2025,29,0.68193257,23.237715,15.846555,2025-07-30 13:00:00,0.6750092,0.0069233775
2025-07-20,EL,4,2025,29,0.8865196,21.079208,18.687132,2025-07-30 13:00:00,0.86407757,0.022442043
2025-07-20,EL,1,2025,29,0.6959513,6.0032635,4.177979,2025-07-30 13:00:00,0.6761092,0.019842088
2025-07-20,NO,0,2025,29,0.7210096,87.43758,63.043335,2025-07-30 13:00:00,0.70831543,0.01269418
2025-07-20,VASS,3,2025,29,0.8917989,28.155403,25.108957,2025-07-30 13:00:00,0.872051,0.019747913
2025-07-20,VASS,1,2025,29,0.6194035,36.044464,22.326067,2025-07-30 13:00:00,0.6082766,0.011126876
2025-07-20,EL,2,2025,29,0.5841797,34.04359,19.887575,2025-07-30 13:00:00,0.5967484,-0.012568712
2025-07-20,EL,3,2025,29,0.89717275,8.920932,8.003616,2025-07-30 13:00:00,0.8842841,0.01288867
2025-07-20,EL,5,2025,29,0.7198298,17.390587,12.518262,2025-07-30 13:00:00,0.67152596,0.048303843
2025-07-27,EL,3,2025,30,0.887867,8.920932,7.9206004,2025-08-06 13:00:00,0.89717275,-0.009305775
2025-07-27,VASS,1,2025,30,0.61409426,36.044464,22.134699,2025-08-06 13:00:00,0.6194035,-0.005309224
2025-07-27,EL,2,2025,30,0.5679138,34.04359,19.333824,2025-08-06 13:00:00,0.58414936,-0.01623559
2025-07-27,VASS,2,2025,30,0.6753158,23.237715,15.692796,2025-08-06 13:00:00,0.68193257,-0.006616771
2025-07-27,EL,1,2025,30,0.69377595,6.0032635,4.16492,2025-08-06 13:00:00,0.6959513,-0.002175331
2025-07-27,NO,0,2025,30,0.7196447,87.43758,62.923992,2025-08-06 13:00:00,0.7210898,-0.001445055
2025-07-27,EL,4,2025,30,0.9000715,21.079208,18.972795,2025-08-06 13:00:00,0.8866001,0.013471425
2025-07-27,EL,5,2025,30,0.7338764,17.390587,12.762541,2025-08-06 13:00:00,0.7198298,0.014046609
2025-07-27,VASS,3,2025,30,0.89997,28.155403,25.339018,2025-08-06 13:00:00,0.8918455,0.008124471
2025-08-03,EL,1,2025,31,0.7115555,6.0032635,4.271655,2025-08-13 13:00:00,0.69377595,0.01777953
2025-08-03,EL,3,2025,31,0.89129436,8.920932,7.951176,2025-08-13 13:00:00,0.88784176,0.003452599
2025-08-03,EL,2,2025,31,0.5554665,34.04359,18.910072,2025-08-13 13:00:00,0.5679488,-0.012482345
2025-08-03,VASS,3,2025,31,0.9144244,28.155403,25.745989,2025-08-13 13:00:00,0.89997,0.014454424
2025-08-03,VASS,1,2025,31,0.6126218,36.044464,22.081625,2025-08-13 13:00:00,0.614091,-0.0014691949
2025-08-03,EL,4,2025,31,0.916939,21.079208,19.32835,2025-08-13 13:00:00,0.90007615,0.01686287
2025-08-03,EL,5,2025,31,0.7340744,17.390587,12.765985,2025-08-13 13:00:00,0.7338764,0.00019800663
2025-08-03,VASS,2,2025,31,0.66320527,23.237715,15.411375,2025-08-13 13:00:00,0.6753442,-0.012138963
2025-08-03,NO,0,2025,31,0.72021544,87.43758,62.973896,2025-08-13 13:00:00,0.71956867,0.00064677
2025-08-10,EL,1,2025,32,0.74428225,6.0032635,4.4681225,2025-08-20 13:00:00,0.7115555,0.032726765
2025-08-10,EL,3,2025,32,0.917815,8.920932,8.187765,2025-08-20 13:00:00,0.89129436,0.02652067
2025-08-10,VASS,3,2025,32,0.9316265,28.155403,26.230318,2025-08-20 13:00:00,0.9144244,0.01720208
2025-08-10,NO,0,2025,32,0.7562653,87.43758,66.12601,2025-08-20 13:00:00,0.72023267,0.036032617
2025-08-10,EL,4,2025,32,0.93512064,21.079208,19.711603,2025-08-20 13:00:00,0.9169939,0.018126726
2025-08-10,VASS,2,2025,32,0.72148794,23.237715,16.76573,2025-08-20 13:00:00,0.6631775,0.05831045
2025-08-10,EL,2,2025,32,0.59358495,34.04359,20.207764,2025-08-20 13:00:00,0.5554665,0.03811848
2025-08-10,EL,5,2025,32,0.79258114,17.390587,13.78345,2025-08-20 13:00:00,0.7340744,0.058506727
2025-08-10,VASS,1,2025,32,0.6485378,36.044464,23.3762,2025-08-20 13:00:00,0.6126218,0.03591603
2025-08-17,EL,5,2025,33,0.8086896,17.390587,14.063586,2025-08-27 13:00:00,0.79258114,0.016108453
2025-08-17,NO,0,2025,33,0.7628247,87.43758,66.69955,2025-08-27 13:00:00,0.75624937,0.006575346
2025-08-17,VASS,1,2025,33,0.6516794,36.044464,23.489435,2025-08-27 13:00:00,0.6484641,0.003215313
2025-08-17,EL,3,2025,33,0.9208665,8.920932,8.214988,2025-08-27 13:00:00,0.91783196,0.003034532
2025-08-17,VASS,2,2025,33,0.7281385,23.237715,16.920275,2025-08-27 13:00:00,0.72148794,0.006650567
2025-08-17,EL,4,2025,33,0.9489792,21.079208,20.00373,2025-08-27 13:00:00,0.93512064,0.013858557
2025-08-17,EL,1,2025,33,0.7409039,6.0032635,4.447841,2025-08-27 13:00:00,0.74428225,-0.0033783317
2025-08-17,VASS,3,2025,33,0.94269,28.155403,26.541817,2025-08-27 13:00:00,0.9316265,0.011063516
2025-08-17,EL,2,2025,33,0.59357506,34.04359,20.207426,2025-08-27 13:00:00,0.59358495,-9.894371e-06
2025-08-24,EL,4,2025,34,0.95737296,21.079208,20.180664,2025-09-03 13:00:00,0.9489792,0.0083937645
2025-08-24,VASS,2,2025,34,0.7078298,23.237715,16.448345,2025-09-03 13:00:00,0.7281385,-0.020308733
2025-08-24,VASS,1,2025,34,0.64038765,36.044464,23.08243,2025-09-03 13:00:00,0.6516794,-0.011291742
2025-08-24,EL,3,2025,34,0.9271897,8.920932,8.271397,2025-09-03 13:00:00,0.9208424,0.0063472986
2025-08-24,EL,1,2025,34,0.730192,6.0032635,4.3835354,2025-09-03 13:00:00,0.7409039,-0.010711908
2025-08-24,NO,0,2025,34,0.7557637,87.43758,66.082146,2025-09-03 13:00:00,0.7628395,-0.0070757866
2025-08-24,EL,2,2025,34,0.58007485,34.04359,19.74783,2025-09-03 13:00:00,0.59357506,-0.013500214
2025-08-24,EL,5,2025,34,0.79089564,17.390587,13.754139,2025-09-03 13:00:00,0.8086896,-0.017793953
2025-08-24,VASS,3,2025,34,0.952557,28.155403,26.819628,2025-09-03 13:00:00,0.94269,0.0098670125
2025-08-31,EL,3,2025,35,0.9135454,8.920932,8.149676,2025-09-10 13:00:00,0.92725724,-0.01371181
2025-08-31,EL,1,2025,35,0.7192683,6.0032635,4.3179574,2025-09-10 13:00:00,0.730192,-0.010923684
2025-08-31,VASS,2,2025,35,0.6903293,23.237715,16.041676,2025-09-10 13:00:00,0.7078298,-0.01750046
2025-08-31,VASS,1,2025,35,0.62926435,36.044464,22.681496,2025-09-10 13:00:00,0.64044094,-0.011176586
2025-08-31,EL,5,2025,35,0.7684113,17.390587,13.363122,2025-09-10 13:00:00,0.79089564,-0.022484362
2025-08-31,NO,0,2025,35,0.7429251,87.43758,64.95957,2025-09-10 13:00:00,0.755749,-0.01282388
2025-08-31,EL,2,2025,35,0.5709554,34.04359,19.43737,2025-09-10 13:00:00,0.58007485,-0.009119451
2025-08-31,EL,4,2025,35,0.9464346,21.079208,19.950094,2025-09-10 13:00:00,0.95737296,-0.010938346
2025-08-31,VASS,3,2025,35,0.9415059,28.155403,26.508478,2025-09-10 13:00:00,0.952557,-0.011051118
2025-09-07,EL,1,2025,36,0.7632707,6.0032635,4.582115,2025-09-17 13:00:00,0.7192683,0.044002354
2025-09-07,EL,3,2025,36,0.90641844,8.920932,8.086097,2025-09-17 13:00:00,0.9135454,-0.007126987
2025-09-07,NO,0,2025,36,0.7676479,87.43758,67.12128,2025-09-17 13:00:00,0.74299544,0.024652481
2025-09-07,VASS,1,2025,36,0.6821672,36.044464,24.588352,2025-09-17 13:00:00,0.62926435,0.052902818
2025-09-07,EL,5,2025,36,0.7918595,17.390587,13.770901,2025-09-17 13:00:00,0.7684113,0.023448229
2025-09-07,VASS,2,2025,36,0.7051477,23.237715,16.38602,2025-09-17 13:00:00,0.6903293,0.01481837
2025-09-07,EL,2,2025,36,0.616777,34.04359,20.997303,2025-09-17 13:00:00,0.5709554,0.045821607
2025-09-07,VASS,3,2025,36,0.93623656,28.155403,26.360117,2025-09-17 13:00:00,0.94151753,-0.0052809715
2025-09-07,EL,4,2025,36,0.9438665,21.079208,19.89596,2025-09-17 13:00:00,0.946433,-0.0025665164
2025-09-14,EL,3,2025,37,0.89108974,8.920932,7.9493504,2025-09-24 13:00:00,0.90635115,-0.015261412
2025-09-14,VASS,1,2025,37,0.71978295,36.044464,25.944191,2025-09-24 13:00:00,0.6821672,0.037615776
2025-09-14,VASS,3,2025,37,0.9318965,28.155403,26.237923,2025-09-24 13:00:00,0.93623656,-0.0043400526
2025-09-14,EL,4,2025,37,0.943654,21.079208,19.891481,2025-09-24 13:00:00,0.9438665,-0.00021249056
2025-09-14,EL,5,2025,37,0.8022017,17.390587,13.950758,2025-09-24 13:00:00,0.7918595,0.010342181
2025-09-14,NO,0,2025,37,0.78195226,87.43758,68.37202,2025-09-24 13:00:00,0.767564,0.014388263
2025-09-14,VASS,2,2025,37,0.70463306,23.237715,16.374062,2025-09-24 13:00:00,0.7051477,-0.0005146265
2025-09-14,EL,1,2025,37,0.80641115,6.0032635,4.841099,2025-09-24 13:00:00,0.7632707,0.04314047
2025-09-14,EL,2,2025,37,0.6441534,34.04359,21.929295,2025-09-24 13:00:00,0.616777,0.027376413
2025-09-21,NO,0,2025,38,0.80293876,87.43758,70.20702,2025-10-01 13:00:00,0.782038,0.020900786
2025-09-21,VASS,3,2025,38,0.92665863,28.155403,26.090446,2025-10-01 13:00:00,0.9318965,-0.0052378774
2025-09-21,VASS,2,2025,38,0.72772175,23.237715,16.91059,2025-10-01 13:00:00,0.70463306,0.023088694
2025-09-21,EL,1,2025,38,0.8468971,6.0032635,5.084147,2025-10-01 13:00:00,0.80641115,0.040485978
2025-09-21,EL,3,2025,38,0.89344436,8.920932,7.970356,2025-10-01 13:00:00,0.8910767,0.0023676753
2025-09-21,EL,5,2025,38,0.8307493,17.390587,14.447217,2025-10-01 13:00:00,0.8022937,0.028455555
2025-09-21,EL,2,2025,38,0.67866075,34.04359,23.10405,2025-10-01 13:00:00,0.6441534,0.034507334
2025-09-21,EL,4,2025,38,0.9372046,21.079208,19.755531,2025-10-01 13:00:00,0.943654,-0.0064494014
2025-09-21,VASS,1,2025,38,0.75867206,36.044464,27.345928,2025-10-01 13:00:00,0.71978295,0.03888911
2025-09-28,EL,1,2025,39,0.8335603,6.0032635,5.004082,2025-10-08 13:00:00,0.8468971,-0.013336837
2025-09-28,VASS,2,2025,39,0.70920795,23.237715,16.480373,2025-10-08 13:00:00,0.7277684,-0.01856047
2025-09-28,EL,3,2025,39,0.89993995,8.920932,8.028303,2025-10-08 13:00:00,0.89344436,0.006495595
2025-09-28,EL,4,2025,39,0.94345653,21.079208,19.887316,2025-10-08 13:00:00,0.9372046,0.006251931
2025-09-28,VASS,3,2025,39,0.93417686,28.155403,26.302126,2025-10-08 13:00:00,0.92665863,0.007518232
2025-09-28,VASS,1,2025,39,0.74878263,36.044464,26.98947,2025-10-08 13:00:00,0.75867206,-0.009889424
2025-09-28,EL,5,2025,39,0.8158323,17.390587,14.187801,2025-10-08 13:00:00,0.83065397,-0.014821649
2025-09-28,NO,0,2025,39,0.7961093,87.43758,69.60987,2025-10-08 13:00:00,0.80286396,-0.0067546368
2025-09-28,EL,2,2025,39,0.66615784,34.04359,22.678404,2025-10-08 13:00:00,0.67866075,-0.012502909
2025-10-05,VASS,1,2025,40,0.755174,36.044464,27.219841,2025-10-15 13:00:00,0.74843264,0.006741345
2025-10-05,EL,2,2025,40,0.6725876,34.04359,22.897295,2025-10-15 13:00:00,0.6661062,0.0064813495
2025-10-05,VASS,3,2025,40,0.9267281,28.155403,26.092403,2025-10-15 13:00:00,0.9342915,-0.0075633526
2025-10-05,EL,5,2025,40,0.80747193,17.390587,14.04241,2025-10-15 13:00:00,0.81528866,-0.007816732
2025-10-05,EL,1,2025,40,0.83107823,6.0032635,4.9891815,2025-10-15 13:00:00,0.8331925,-0.002114296
2025-10-05,VASS,2,2025,40,0.7009006,23.237715,16.287329,2025-10-15 13:00:00,0.7091634,-0.008262813
2025-10-05,EL,4,2025,40,0.9354732,21.079208,19.719036,2025-10-15 13:00:00,0.9436148,-0.008141577
2025-10-05,NO,0,2025,40,0.79431885,87.43758,69.45332,2025-10-15 13:00:00,0.796027,-0.0017081499
2025-10-05,EL,3,2025,40,0.893539,8.920932,7.9712005,2025-10-15 13:00:00,0.89993995,-0.006400943
2025-10-12,VASS,2,2025,41,0.72839135,23.237715,16.926151,2025-10-22 13:00:00,0.7009006,0.027490735
2025-10-12,NO,0,2025,41,0.81383866,87.43758,71.16008,2025-10-22 13:00:00,0.7943005,0.019538164
2025-10-12,VASS,3,2025,41,0.93930024,28.155403,26.446377,2025-10-22 13:00:00,0.92673033,0.012569904
2025-10-12,EL,4,2025,41,0.9428974,21.079208,19.875532,2025-10-22 13:00:00,0.935461,0.0074363947
2025-10-12,VASS,1,2025,41,0.7747357,36.044464,27.924934,2025-10-22 13:00:00,0.755174,0.019561708
2025-10-12,EL,3,2025,41,0.9269976,8.920932,8.269683,2025-10-22 13:00:00,0.89357287,0.033424735
2025-10-12,EL,5,2025,41,0.8411511,17.390587,14.62811,2025-10-22 13:00:00,0.8074843,0.03366679
2025-10-12,EL,2,2025,41,0.68850803,34.04359,23.439285,2025-10-22 13:00:00,0.6725876,0.01592046
2025-10-12,EL,1,2025,41,0.8509212,6.0032635,5.108304,2025-10-22 13:00:00,0.83107823,0.019842982
2025-10-19,EL,4,2025,42,0.9549504,21.079208,20.1296,2025-10-29 13:00:00,0.9428974,0.012053013
2025-10-19,VASS,3,2025,42,0.9522944,28.155403,26.812233,2025-10-29 13:00:00,0.93930024,0.01299417
2025-10-19,EL,5,2025,42,0.83133817,17.390587,14.457458,2025-10-29 13:00:00,0.8411511,-0.009812951
2025-10-19,VASS,2,2025,42,0.7134034,23.237715,16.577866,2025-10-29 13:00:00,0.7284203,-0.015016913
2025-10-19,VASS,1,2025,42,0.7615244,36.044464,27.448738,2025-10-29 13:00:00,0.7747227,-0.013198316
2025-10-19,NO,0,2025,42,0.8082479,87.43758,70.67124,2025-10-29 13:00:00,0.81377596,-0.005528033
2025-10-19,EL,3,2025,42,0.9373539,8.920932,8.36207,2025-10-29 13:00:00,0.9270207,0.01033318
2025-10-19,EL,2,2025,42,0.671776,34.04359,22.869665,2025-10-29 13:00:00,0.68850803,-0.016732037
2025-10-19,EL,1,2025,42,0.84003705,6.0032635,5.042964,2025-10-29 13:00:00,0.8509212,-0.010884166
2025-10-26,VASS,3,2025,43,0.94507223,28.155403,26.608889,2025-11-05 13:00:00,0.9522944,-0.0072221756
2025-10-26,EL,2,2025,43,0.6765343,34.04359,23.031656,2025-11-05 13:00:00,0.6717568,0.004777491
2025-10-26,EL,1,2025,43,0.8753081,6.0032635,5.254705,2025-11-05 13:00:00,0.84003705,0.03527105
2025-10-26,NO,0,2025,43,0.80894345,87.43758,70.732056,2025-11-05 13:00:00,0.8082879,0.0006555319
2025-10-26,EL,4,2025,43,0.94965804,21.079208,20.018042,2025-11-05 13:00:00,0.9549504,-0.005292356
2025-10-26,VASS,2,2025,43,0.7040069,23.237715,16.359512,2025-11-05 13:00:00,0.7133774,-0.009370506
2025-10-26,EL,3,2025,43,0.92074937,8.920932,8.213943,2025-11-05 13:00:00,0.9373457,-0.016596317
2025-10-26,EL,5,2025,43,0.8272237,17.390587,14.385905,2025-11-05 13:00:00,0.8313505,-0.004126787
2025-10-26,VASS,1,2025,43,0.7742743,36.044464,27.908302,2025-11-05 13:00:00,0.7614883,0.012785971
2025-11-02,VASS,3,2025,44,0.9294826,28.155403,26.169954,2025-11-12 13:00:00,0.94507223,-0.015589654
2025-11-02,EL,5,2025,44,0.81532514,17.390587,14.178982,2025-11-12 13:00:00,0.8272237,-0.011898577
2025-11-02,EL,2,2025,44,0.67460275,34.04359,22.965899,2025-11-12 13:00:00,0.6765343,-0.0019315481
2025-11-02,EL,1,2025,44,0.8738614,6.0032635,5.24602,2025-11-12 13:00:00,0.8753081,-0.0014467239
2025-11-02,VASS,2,2025,44,0.68892497,23.237715,16.009043,2025-11-12 13:00:00,0.7040069,-0.015081942
2025-11-02,NO,0,2025,44,0.800029,87.43758,69.95259,2025-11-12 13:00:00,0.80890125,-0.008872271
2025-11-02,EL,3,2025,44,0.89534163,8.920932,7.987282,2025-11-12 13:00:00,0.9207496,-0.02540797
2025-11-02,EL,4,2025,44,0.936348,21.079208,19.737476,2025-11-12 13:00:00,0.94965804,-0.013310015
2025-11-02,VASS,1,2025,44,0.7742772,36.044464,27.90841,2025-11-12 13:00:00,0.7742743,2.9206276e-06
2025-11-09,VASS,3,2025,45,0.9245501,28.155403,26.03108,2025-11-19 13:00:00,0.92948264,-0.004932523
2025-11-09,EL,4,2025,45,0.93447065,21.079208,19.697903,2025-11-19 13:00:00,0.936348,-0.0018773675
2025-11-09,EL,1,2025,45,0.8876529,6.0032635,5.3288145,2025-11-19 13:00:00,0.8738614,0.0137915015
2025-11-09,EL,5,2025,45,0.8309144,17.390587,14.450088,2025-11-19 13:00:00,0.81532514,0.015589237
2025-11-09,EL,2,2025,45,0.6965956,34.04359,23.714615,2025-11-19 13:00:00,0.6746729,0.021922708
2025-11-09,EL,3,2025,45,0.8886381,8.920932,7.9274793,2025-11-19 13:00:00,0.8954191,-0.0067810416
2025-11-09,NO,0,2025,45,0.8116591,87.43758,70.969505,2025-11-19 13:00:00,0.79993343,0.011725664
2025-11-09,VASS,1,2025,45,0.7940025,36.044464,28.619394,2025-11-19 13:00:00,0.7742772,0.019725263
2025-11-09,VASS,2,2025,45,0.70739025,23.237715,16.438133,2025-11-19 13:00:00,0.68892497,0.01846528
2025-11-16,EL,5,2025,46,0.82486874,17.390587,14.344952,2025-11-26 13:00:00,0.8309144,-0.0060456395
2025-11-16,EL,3,2025,46,0.8832621,8.920932,7.879521,2025-11-26 13:00:00,0.8885985,-0.005336404
2025-11-16,NO,0,2025,46,0.80588675,87.43758,70.46479,2025-11-26 13:00:00,0.81173724,-0.005850494
2025-11-16,VASS,1,2025,46,0.7896722,36.044464,28.463312,2025-11-26 13:00:00,0.79402184,-0.004349649
2025-11-16,EL,1,2025,46,0.8792043,6.0032635,5.2780952,2025-11-26 13:00:00,0.8876529,-0.008448601
2025-11-16,VASS,3,2025,46,0.91158116,28.155403,25.665934,2025-11-26 13:00:00,0.92454976,-0.0129686
2025-11-16,EL,4,2025,46,0.9195713,21.079208,19.383837,2025-11-26 13:00:00,0.93447065,-0.014899373
2025-11-16,VASS,2,2025,46,0.7075159,23.237715,16.441053,2025-11-26 13:00:00,0.70739025,0.00012564659
2025-11-16,EL,2,2025,46,0.69652945,34.04359,23.712364,2025-11-26 13:00:00,0.6965551,-2.5629997e-05
2025-11-23,NO,0,2025,47,0.77720493,87.43758,67.95692,2025-12-03 13:00:00,0.80588675,-0.028681815
2025-11-23,EL,3,2025,47,0.8518777,8.920932,7.5995426,2025-12-03 13:00:00,0.8832621,-0.03138441
2025-11-23,EL,4,2025,47,0.8970706,21.079208,18.909538,2025-12-03 13:00:00,0.9195713,-0.022500694
2025-11-23,EL,1,2025,47,0.8415991,6.0032635,5.0523415,2025-12-03 13:00:00,0.8792043,-0.037605166
2025-11-23,EL,5,2025,47,0.7947788,17.390587,13.82167,2025-12-03 13:00:00,0.82486874,-0.030089915
2025-11-23,VASS,1,2025,47,0.7591353,36.044464,27.362625,2025-12-03 13:00:00,0.789655,-0.030519724
2025-11-23,EL,2,2025,47,0.66706455,34.04359,22.709272,2025-12-03 13:00:00,0.69648415,-0.029419601
2025-11-23,VASS,3,2025,47,0.88745445,28.155403,24.986637,2025-12-03 13:00:00,0.91158116,-0.024126709
2025-11-23,VASS,2,2025,47,0.6763976,23.237715,15.717935,2025-12-03 13:00:00,0.7075159,-0.031118274
2025-11-30,VASS,2,2025,48,0.6604356,23.237715,15.347014,2025-12-10 13:00:00,0.6763976,-0.015962005
2025-11-30,EL,2,2025,48,0.65097266,34.04359,22.161448,2025-12-10 13:00:00,0.66713005,-0.016157389
2025-11-30,NO,0,2025,48,0.75798196,87.43758,66.27611,2025-12-10 13:00:00,0.77720493,-0.019222975
2025-11-30,VASS,3,2025,48,0.87167406,28.155403,24.542334,2025-12-10 13:00:00,0.88745445,-0.01578039
2025-11-30,EL,5,2025,48,0.76955056,17.390587,13.382936,2025-12-10 13:00:00,0.7947788,-0.025228262
2025-11-30,EL,3,2025,48,0.82406926,8.920932,7.351465,2025-12-10 13:00:00,0.85190976,-0.027840495
2025-11-30,EL,1,2025,48,0.80862415,6.0032635,4.854384,2025-12-10 13:00:00,0.8415991,-0.03297496
2025-11-30,VASS,1,2025,48,0.7353319,36.044464,26.504644,2025-12-10 13:00:00,0.7591556,-0.023823678
2025-11-30,EL,4,2025,48,0.885433,21.079208,18.664228,2025-12-10 13:00:00,0.8970706,-0.0116375685
2025-12-07,VASS,2,2025,49,0.6443805,23.237715,14.97393,2025-12-17 13:00:00,0.6604356,-0.016055107
2025-12-07,EL,2,2025,49,0.64378977,34.04359,21.916914,2025-12-17 13:00:00,0.65097266,-0.007182896
2025-12-07,VASS,3,2025,49,0.85340065,28.155403,24.027838,2025-12-17 13:00:00,0.87167406,-0.018273413
2025-12-07,EL,5,2025,49,0.738882,17.390587,12.849591,2025-12-17 13:00:00,0.76955056,-0.030668557
2025-12-07,NO,0,2025,49,0.74088,87.43758,64.780754,2025-12-17 13:00:00,0.7578498,-0.0169698
2025-12-07,EL,3,2025,49,0.79539526,8.920932,7.0956664,2025-12-17 13:00:00,0.82406926,-0.028674006
2025-12-07,VASS,1,2025,49,0.71853924,36.044464,25.89936,2025-12-17 13:00:00,0.7353113,-0.016772091
2025-12-07,EL,1,2025,49,0.78247815,6.0032635,4.697423,2025-12-17 13:00:00,0.8082395,-0.025761366
2025-12-07,EL,4,2025,49,0.87095165,21.079208,18.358973,2025-12-17 13:00:00,0.885433,-0.014481366
2025-12-14,EL,4,2025,50,0.8555582,21.079208,18.03449,2025-12-24 13:00:00,0.87095165,-0.015393436
2025-12-14,VASS,2,2025,50,0.6570882,23.237715,15.269229,2025-12-24 13:00:00,0.6437142,0.013374031
2025-12-14,VASS,1,2025,50,0.7145142,36.044464,25.754282,2025-12-24 13:00:00,0.71853924,-0.004025042
2025-12-14,EL,2,2025,50,0.6553349,34.04359,22.309954,2025-12-24 13:00:00,0.6437619,0.011573017
2025-12-14,EL,1,2025,50,0.76089364,6.0032635,4.5678453,2025-12-24 13:00:00,0.78247815,-0.02158451
2025-12-14,NO,0,2025,50,0.7366734,87.43758,64.41294,2025-12-24 13:00:00,0.74088,-0.004206598
2025-12-14,EL,3,2025,50,0.7740056,8.920932,6.904851,2025-12-24 13:00:00,0.79539526,-0.021389663
2025-12-14,EL,5,2025,50,0.7308245,17.390587,12.709466,2025-12-24 13:00:00,0.7388327,-0.008008242
2025-12-14,VASS,3,2025,50,0.8343823,28.155403,23.492369,2025-12-24 13:00:00,0.85340065,-0.019018352
2025-12-21,VASS,1,2025,51,0.7228425,36.044464,26.05447,2025-12-31 13:00:00,0.7145142,0.008328319
2025-12-21,EL,3,2025,51,0.76640946,8.920932,6.837086,2025-12-31 13:00:00,0.7740056,-0.007596135
2025-12-21,EL,5,2025,51,0.72684324,17.390587,12.640229,2025-12-31 13:00:00,0.7308245,-0.0039812326
2025-12-21,EL,2,2025,51,0.6774329,34.04359,23.062248,2025-12-31 13:00:00,0.65537405,0.022058845
2025-12-21,VASS,3,2025,51,0.8259978,28.155403,23.2563,2025-12-31 13:00:00,0.8343823,-0.008384466
2025-12-21,EL,4,2025,51,0.848353,21.079208,17.882612,2025-12-31 13:00:00,0.8555582,-0.0072051883
2025-12-21,VASS,2,2025,51,0.673144,23.237715,15.642328,2025-12-31 13:00:00,0.6570854,0.016058564
2025-12-21,EL,1,2025,51,0.75638473,6.0032635,4.5407767,2025-12-31 13:00:00,0.76089364,-0.0045089126
2025-12-21,NO,0,2025,51,0.7418264,87.43758,64.8635,2025-12-31 13:00:00,0.73665917,0.005167246
2025-12-28,EL,4,2025,52,0.8535654,21.079208,17.992483,2026-01-07 13:00:00,0.848353,0.0052123666
2025-12-28,EL,1,2025,52,0.7185756,6.0032635,4.313799,2026-01-07 13:00:00,0.75610316,-0.03752756
2025-12-28,EL,3,2025,52,0.73751426,8.920932,6.579314,2026-01-07 13:00:00,0.76640946,-0.0288952
2025-12-28,VASS,2,2025,52,0.6517644,23.237715,15.1455145,2026-01-07 13:00:00,0.67315394,-0.021389544
2025-12-28,VASS,1,2025,52,0.690699,36.044464,24.895876,2026-01-07 13:00:00,0.7228425,-0.032143533
2025-12-28,EL,2,2025,52,0.6548282,34.04359,22.292704,2026-01-07 13:00:00,0.67737585,-0.022547662
2025-12-28,EL,5,2025,52,0.6929016,17.390587,12.049965,2026-01-07 13:00:00,0.7264269,-0.033525288
2025-12-28,NO,0,2025,52,0.72184974,87.43758,63.116795,2026-01-07 13:00:00,0.7418264,-0.019976676
2025-12-28,VASS,3,2025,52,0.82368416,28.155403,23.191158,2026-01-07 13:00:00,0.8259978,-0.0023136735
2026-01-04,EL,1,2026,1,0.6768758,6.0032635,4.063464,2026-01-14 13:00:00,0.7184666,-0.04159075
2026-01-04,EL,4,2026,1,0.84342414,21.079208,17.778713,2026-01-14 13:00:00,0.8538676,-0.010443449
2026-01-04,EL,2,2026,1,0.6269469,34.04359,21.343523,2026-01-14 13:00:00,0.65489644,-0.027949512
2026-01-04,VASS,2,2026,1,0.6255542,23.237715,14.53645,2026-01-14 13:00:00,0.65175164,-0.026197433
2026-01-04,VASS,1,2026,1,0.65528417,36.044464,23.619368,2026-01-14 13:00:00,0.690699,-0.035414815
2026-01-04,NO,0,2026,1,0.69464934,87.43758,60.738457,2026-01-14 13:00:00,0.72184974,-0.0272004
2026-01-04,EL,5,2026,1,0.6585343,17.390587,11.452297,2026-01-14 13:00:00,0.69229496,-0.033760667
2026-01-04,VASS,3,2026,1,0.8067668,28.155403,22.714844,2026-01-14 13:00:00,0.82391685,-0.017150044
2026-01-04,EL,3,2026,1,0.69741434,8.920932,6.2215853,2026-01-14 13:00:00,0.73751426,-0.04009992
2026-01-11,NO,0,2026,2,0.65708065,87.43758,57.45354,2026-01-21 13:00:00,0.69465965,-0.037579
2026-01-11,EL,2,2026,2,0.58883435,34.04359,20.046036,2026-01-21 13:00:00,0.6269469,-0.03811258
2026-01-11,EL,4,2026,2,0.8231364,21.079208,17.351065,2026-01-21 13:00:00,0.84342414,-0.020287752
2026-01-11,VASS,1,2026,2,0.60807604,36.044464,21.917776,2026-01-21 13:00:00,0.65528417,-0.04720813
2026-01-11,EL,5,2026,2,0.6105258,17.390587,10.617401,2026-01-21 13:00:00,0.6584606,-0.04793483
2026-01-11,EL,1,2026,2,0.6238853,6.0032635,3.745348,2026-01-21 13:00:00,0.6768758,-0.052990556
2026-01-11,EL,3,2026,2,0.6526113,8.920932,5.821901,2026-01-21 13:00:00,0.69741434,-0.044803023
2026-01-11,VASS,2,2026,2,0.58943415,23.237715,13.697103,2026-01-21 13:00:00,0.6255542,-0.036120057
2026-01-11,VASS,3,2026,2,0.7809396,28.155403,21.987667,2026-01-21 13:00:00,0.8067657,-0.025826097
2026-01-18,VASS,1,2026,3,0.56292284,36.044464,20.290253,2026-01-28 13:00:00,0.60807604,-0.0451532
2026-01-18,EL,3,2026,3,0.6078134,8.920932,5.4222617,2026-01-28 13:00:00,0.6526113,-0.044797897
2026-01-18,EL,1,2026,3,0.572018,6.0032635,3.433975,2026-01-28 13:00:00,0.62272143,-0.050703406
2026-01-18,VASS,2,2026,3,0.5584035,23.237715,12.976022,2026-01-28 13:00:00,0.58943415,-0.031030655
2026-01-18,EL,5,2026,3,0.5658909,17.390587,9.841175,2026-01-28 13:00:00,0.6105258,-0.04463488
2026-01-18,VASS,3,2026,3,0.7545277,28.155403,21.244032,2026-01-28 13:00:00,0.7809396,-0.026411891
2026-01-18,EL,2,2026,3,0.5539987,34.04359,18.860106,2026-01-28 13:00:00,0.5887513,-0.034752607
2026-01-18,EL,4,2026,3,0.80260265,21.079208,16.918228,2026-01-28 13:00:00,0.8230956,-0.020492971
2026-01-18,NO,0,2026,3,0.62151384,87.43758,54.343662,2026-01-28 13:00:00,0.65706474,-0.035550892
2026-01-25,NO,0,2026,4,0.5837499,87.43758,51.041676,2026-02-04 13:00:00,0.62151384,-0.037763953
2026-01-25,EL,1,2026,4,0.5209868,6.0032635,3.1276212,2026-02-04 13:00:00,0.5720082,-0.051021397
2026-01-25,EL,3,2026,4,0.55780816,8.920932,4.9761686,2026-02-04 13:00:00,0.6078134,-0.050005257
2026-01-25,VASS,1,2026,4,0.51783913,36.044464,18.665234,2026-02-04 13:00:00,0.56292284,-0.0450837
2026-01-25,EL,4,2026,4,0.7785944,21.079208,16.412155,2026-02-04 13:00:00,0.80271995,-0.024125576
2026-01-25,VASS,3,2026,4,0.72427815,28.155403,20.392344,2026-02-04 13:00:00,0.7546152,-0.030337036
2026-01-25,EL,2,2026,4,0.5166021,34.04359,17.58699,2026-02-04 13:00:00,0.5539987,-0.03739661
2026-01-25,VASS,2,2026,4,0.5234237,23.237715,12.16317,2026-02-04 13:00:00,0.5584035,-0.03497982
2026-01-25,EL,5,2026,4,0.5217981,17.390587,9.074374,2026-02-04 13:00:00,0.5658909,-0.044092834
2026-02-01,VASS,3,2026,5,0.69440544,28.155403,19.551264,2026-02-11 13:00:00,0.7242769,-0.029871464
2026-02-01,EL,3,2026,5,0.50831366,8.920932,4.5346313,2026-02-11 13:00:00,0.55780816,-0.049494505
2026-02-01,EL,2,2026,5,0.4782398,34.04359,16.281,2026-02-11 13:00:00,0.5166021,-0.038362294
2026-02-01,EL,1,2026,5,0.4703695,6.0032635,2.823752,2026-02-11 13:00:00,0.5209611,-0.050591618
2026-02-01,EL,5,2026,5,0.4748148,17.390587,8.257308,2026-02-11 13:00:00,0.5218579,-0.047043115
2026-02-01,EL,4,2026,5,0.7547321,21.079208,15.909155,2026-02-11 13:00:00,0.77857435,-0.023842275
2026-02-01,VASS,2,2026,5,0.48469907,23.237715,11.263299,2026-02-11 13:00:00,0.5234237,-0.0387246
2026-02-01,VASS,1,2026,5,0.472831,36.044464,17.042942,2026-02-11 13:00:00,0.51783913,-0.045008123
2026-02-01,NO,0,2026,5,0.5451211,87.43758,47.664066,2026-02-11 13:00:00,0.5837499,-0.038628817
2026-02-08,VASS,1,2026,6,0.43310905,36.044464,15.611183,2026-02-18 13:00:00,0.47284943,-0.039740384
2026-02-08,EL,3,2026,6,0.4620125,8.920932,4.121582,2026-02-18 13:00:00,0.50831366,-0.046301156
2026-02-08,EL,2,2026,6,0.44598234,34.04359,15.182839,2026-02-18 13:00:00,0.4782398,-0.032257468
2026-02-08,EL,5,2026,6,0.4325019,17.390587,7.521462,2026-02-18 13:00:00,0.47478178,-0.04227987
2026-02-08,VASS,2,2026,6,0.45201817,23.237715,10.503869,2026-02-18 13:00:00,0.48469907,-0.0326809
2026-02-08,VASS,3,2026,6,0.66527003,28.155403,18.730946,2026-02-18 13:00:00,0.694376,-0.029105961
2026-02-08,NO,0,2026,6,0.5106277,87.43758,44.64805,2026-02-18 13:00:00,0.54518765,-0.034559965
2026-02-08,EL,4,2026,6,0.73140854,21.079208,15.417514,2026-02-18 13:00:00,0.7547321,-0.023323536
2026-02-08,EL,1,2026,6,0.4233022,6.0032635,2.541195,2026-02-18 13:00:00,0.4703564,-0.0470542
2026-02-15,EL,2,2026,7,0.41212153,34.04359,14.030097,2026-02-25 13:00:00,0.44598234,-0.033860803
2026-02-15,NO,0,2026,7,0.47483885,87.43758,41.518757,2026-02-25 13:00:00,0.5105857,-0.035746872
2026-02-15,EL,3,2026,7,0.41382048,8.920932,3.691664,2026-02-25 13:00:00,0.4620125,-0.048192024
2026-02-15,EL,1,2026,7,0.37421998,6.0032635,2.2465413,2026-02-25 13:00:00,0.4233022,-0.04908222
2026-02-15,EL,4,2026,7,0.7084496,21.079208,14.9335575,2026-02-25 13:00:00,0.73140854,-0.022958934
2026-02-15,VASS,3,2026,7,0.63625073,28.155403,17.913895,2026-02-25 13:00:00,0.66582024,-0.029569507
2026-02-15,VASS,1,2026,7,0.3917441,36.044464,14.120207,2026-02-25 13:00:00,0.4330653,-0.04132119
2026-02-15,EL,5,2026,7,0.388746,17.390587,6.7605205,2026-02-25 13:00:00,0.4325421,-0.043796092
2026-02-15,VASS,2,2026,7,0.41722047,23.237715,9.69525,2026-02-25 13:00:00,0.45201817,-0.0347977
2026-02-22,VASS,1,2026,8,0.3575994,36.044464,12.88948,2026-03-04 13:00:00,0.3917441,-0.0341447
2026-02-22,EL,2,2026,8,0.3845883,34.04359,13.092767,2026-03-04 13:00:00,0.41212153,-0.027533233
2026-02-22,EL,5,2026,8,0.3521244,17.390587,6.1236496,2026-03-04 13:00:00,0.38870144,-0.036577046
2026-02-22,VASS,3,2026,8,0.61085075,28.155403,17.198748,2026-03-04 13:00:00,0.6361599,-0.025309145
2026-02-22,EL,1,2026,8,0.33173728,6.0032635,1.9915063,2026-03-04 13:00:00,0.37422204,-0.04248476
2026-02-22,VASS,2,2026,8,0.38843748,23.237715,9.0264,2026-03-04 13:00:00,0.41722047,-0.028782994
2026-02-22,EL,4,2026,8,0.6874155,21.079208,14.490175,2026-03-04 13:00:00,0.7084496,-0.021034122
2026-02-22,NO,0,2026,8,0.44483963,87.43758,38.8957,2026-03-04 13:00:00,0.4748168,-0.029977173
2026-02-22,EL,3,2026,8,0.3748952,8.920932,3.3444142,2026-03-04 13:00:00,0.41382048,-0.03892529
2026-03-01,EL,3,2026,9,0.3392019,8.920932,3.025997,2026-03-11 13:00:00,0.3748952,-0.035693288
2026-03-01,NO,0,2026,9,0.4219059,87.43758,36.89043,2026-03-11 13:00:00,0.44486293,-0.022957027
2026-03-01,VASS,3,2026,9,0.5864147,28.155403,16.510742,2026-03-11 13:00:00,0.61089385,-0.02447915
2026-03-01,VASS,2,2026,9,0.37296802,23.237715,8.666924,2026-03-11 13:00:00,0.38843748,-0.015469462
2026-03-01,EL,2,2026,9,0.3673464,34.04359,12.50579,2026-03-11 13:00:00,0.3845883,-0.017241895
2026-03-01,EL,5,2026,9,0.32659444,17.390587,5.679669,2026-03-11 13:00:00,0.3521193,-0.025524855
2026-03-01,VASS,1,2026,9,0.33104843,36.044464,11.932464,2026-03-11 13:00:00,0.3575994,-0.026550978
2026-03-01,EL,1,2026,9,0.2928591,6.0032635,1.7581105,2026-03-11 13:00:00,0.3316736,-0.038814485
2026-03-01,EL,4,2026,9,0.66692,21.079208,14.058146,2026-03-11 13:00:00,0.6874155,-0.020495474
2026-03-08,NO,0,2026,10,0.39683264,87.43758,34.698086,2026-03-18 13:00:00,0.4218713,-0.02503866
2026-03-08,EL,2,2026,10,0.34069815,34.04359,11.598588,2026-03-18 13:00:00,0.36735004,-0.02665189
2026-03-08,EL,4,2026,10,0.6546261,21.079208,13.799,2026-03-18 13:00:00,0.66694045,-0.012314379
2026-03-08,VASS,3,2026,10,0.57043725,28.155403,16.06089,2026-03-18 13:00:00,0.5864177,-0.015980422
2026-03-08,EL,3,2026,10,0.3146101,8.920932,2.8066154,2026-03-18 13:00:00,0.3392019,-0.024591804
2026-03-08,VASS,2,2026,10,0.3492729,23.237715,8.116304,2026-03-18 13:00:00,0.37296802,-0.023695111
2026-03-08,EL,1,2026,10,0.25416407,6.0032635,1.5258139,2026-03-18 13:00:00,0.2928591,-0.038695037
2026-03-08,EL,5,2026,10,0.29432613,17.390587,5.118504,2026-03-18 13:00:00,0.32655966,-0.032233536
2026-03-08,VASS,1,2026,10,0.29848573,36.044464,10.758758,2026-03-18 13:00:00,0.3310283,-0.032542586
2026-03-15,EL,4,2026,11,0.64051056,21.079208,13.501456,2026-03-25 13:00:00,0.6546261,-0.014115512
2026-03-15,VASS,2,2026,11,0.33345053,23.237715,7.7486286,2026-03-25 13:00:00,0.3492729,-0.01582238
2026-03-15,EL,1,2026,11,0.23272371,6.0032635,1.3971018,2026-03-25 13:00:00,0.25416407,-0.021440357
2026-03-15,EL,2,2026,11,0.329375,34.04359,11.213107,2026-03-25 13:00:00,0.34096077,-0.011585772
2026-03-15,EL,5,2026,11,0.27063784,17.390587,4.7065506,2026-03-25 13:00:00,0.2943486,-0.023710757
2026-03-15,VASS,3,2026,11,0.55418706,28.155403,15.603359,2026-03-25 13:00:00,0.5703671,-0.016180038
2026-03-15,VASS,1,2026,11,0.28262934,36.044464,10.187223,2026-03-25 13:00:00,0.29849476,-0.015865415
2026-03-15,EL,3,2026,11,0.29538465,8.920932,2.635106,2026-03-25 13:00:00,0.3146101,-0.019225448
2026-03-15,NO,0,2026,11,0.38086843,87.43758,33.302216,2026-03-25 13:00:00,0.39687824,-0.016009808
2026-03-22,VASS,3,2026,12,0.55187136,28.155403,15.53816,2026-04-01 13:00:00,0.5542115,-0.002340138
2026-03-22,EL,2,2026,12,0.3136191,34.04359,10.676721,2026-04-01 13:00:00,0.32943243,-0.01581332
2026-03-22,VASS,2,2026,12,0.31377676,23.237715,7.2914553,2026-04-01 13:00:00,0.33345053,-0.019673765
2026-03-22,VASS,1,2026,12,0.26393825,36.044464,9.513513,2026-04-01 13:00:00,0.28262934,-0.018691093
2026-03-22,EL,4,2026,12,0.64188033,21.079208,13.53033,2026-04-01 13:00:00,0.64051056,0.0013697743
2026-03-22,EL,3,2026,12,0.28310487,8.920932,2.5255592,2026-04-01 13:00:00,0.29538465,-0.012279779
2026-03-22,EL,1,2026,12,0.20963706,6.0032635,1.2585065,2026-04-01 13:00:00,0.2326563,-0.02301924
2026-03-22,EL,5,2026,12,0.24532093,17.390587,4.266275,2026-04-01 13:00:00,0.27063784,-0.025316909
2026-03-22,NO,0,2026,12,0.3670319,87.43758,32.09238,2026-04-01 13:00:00,0.38086247,-0.013830572
2026-03-29,VASS,3,2026,13,0.5425064,28.155403,15.274487,2026-04-08 13:00:00,0.55185086,-0.009344459
2026-03-29,EL,2,2026,13,0.30652168,34.04359,10.435099,2026-04-08 13:00:00,0.3136191,-0.007097423
2026-03-29,NO,0,2026,13,0.35527745,87.43758,31.0646,2026-04-08 13:00:00,0.36705557,-0.011778116
2026-03-29,EL,3,2026,13,0.26560602,8.920932,2.3694532,2026-04-08 13:00:00,0.28303498,-0.017428964
2026-03-29,EL,1,2026,13,0.18915749,6.0032635,1.1355623,2026-04-08 13:00:00,0.20963706,-0.020479575
2026-03-29,VASS,2,2026,13,0.2999567,23.237715,6.970309,2026-04-08 13:00:00,0.3137192,-0.013762504
2026-03-29,VASS,1,2026,13,0.251633,36.044464,9.069977,2026-04-08 13:00:00,0.26397786,-0.012344867
2026-03-29,EL,5,2026,13,0.22492467,17.390587,3.9115717,2026-04-08 13:00:00,0.24532093,-0.020396262
2026-03-29,EL,4,2026,13,0.6344923,21.079208,13.374596,2026-04-08 13:00:00,0.64185435,-0.0073620677
2026-04-05,VASS,2,2026,14,0.28688997,23.237715,6.6666675,2026-04-15 13:00:00,0.30004147,-0.013151497
2026-04-05,VASS,1,2026,14,0.2396252,36.044464,8.637162,2026-04-15 13:00:00,0.25159574,-0.011970535
2026-04-05,EL,2,2026,14,0.2999105,34.04359,10.21003,2026-04-15 13:00:00,0.3064726,-0.0065621138
2026-04-05,VASS,3,2026,14,0.52660453,28.155403,14.826763,2026-04-15 13:00:00,0.5425064,-0.015901864
2026-04-05,EL,1,2026,14,0.16936193,6.0032635,1.0167243,2026-04-15 13:00:00,0.1891576,-0.019795671
2026-04-05,EL,5,2026,14,0.20468254,17.390587,3.5595493,2026-04-15 13:00:00,0.22492467,-0.020242125
2026-04-05,EL,3,2026,14,0.24288127,8.920932,2.1667273,2026-04-15 13:00:00,0.26560602,-0.022724748
2026-04-05,NO,0,2026,14,0.3417435,87.43758,29.881224,2026-04-15 13:00:00,0.35525477,-0.01351127
2026-04-05,EL,4,2026,14,0.620737,21.079208,13.084645,2026-04-15 13:00:00,0.6344923,-0.013755262
2026-04-12,NO,0,2026,15,0.32839224,87.43758,28.713821,2026-04-22 13:00:00,0.34173223,-0.013339996
2026-04-12,EL,4,2026,15,0.61416674,21.079208,12.94615,2026-04-22 13:00:00,0.6207298,-0.0065630674
2026-04-12,VASS,3,2026,15,0.517548,28.155403,14.571773,2026-04-22 13:00:00,0.52660453,-0.009056509
2026-04-12,VASS,2,2026,15,0.27056843,23.237715,6.287392,2026-04-22 13:00:00,0.28688997,-0.01632154
2026-04-12,EL,1,2026,15,0.15104835,6.0032635,0.9067831,2026-04-22 13:00:00,0.16936193,-0.018313587
2026-04-12,EL,2,2026,15,0.28833535,34.04359,9.81597,2026-04-22 13:00:00,0.2999105,-0.011575133
2026-04-12,EL,5,2026,15,0.184476,17.390587,3.2081459,2026-04-22 13:00:00,0.20468254,-0.02020654
2026-04-12,EL,3,2026,15,0.22383508,8.920932,1.9968175,2026-04-22 13:00:00,0.24288127,-0.019046187
2026-04-12,VASS,1,2026,15,0.22504279,36.044464,8.1115465,2026-04-22 13:00:00,0.23966071,-0.01461792
2026-04-19,VASS,1,2026,16,0.21963322,36.044464,7.916562,2026-04-29 13:00:00,0.22501418,-0.0053809583
2026-04-19,VASS,3,2026,16,0.5065554,28.155403,14.262271,2026-04-29 13:00:00,0.517548,-0.010992646
2026-04-19,NO,0,2026,16,0.31825143,87.43758,27.827135,2026-04-29 13:00:00,0.32841113,-0.010159701
2026-04-19,EL,3,2026,16,0.2091923,8.920932,1.8661903,2026-04-29 13:00:00,0.22383508,-0.014642775
2026-04-19,EL,2,2026,16,0.2762329,34.04359,9.40396,2026-04-29 13:00:00,0.28837666,-0.012143761
2026-04-19,EL,1,2026,16,0.157013,6.0032635,0.9425905,2026-04-29 13:00:00,0.15104538,0.005967617
2026-04-19,EL,4,2026,16,0.60462785,21.079208,12.745077,2026-04-29 13:00:00,0.61415404,-0.009526193
2026-04-19,EL,5,2026,16,0.1740437,17.390587,3.026722,2026-04-29 13:00:00,0.184476,-0.010432303
2026-04-19,VASS,2,2026,16,0.2537916,23.237715,5.8975368,2026-04-29 13:00:00,0.27056843,-0.01677683
2026-04-26,EL,5,2026,17,0.16696556,17.390587,2.9036288,2026-05-06 13:00:00,0.17677172,-0.009806156
2026-04-26,NO,0,2026,17,0.3233697,87.43758,28.274664,2026-05-06 13:00:00,0.31826746,0.005102247
2026-04-26,VASS,1,2026,17,0.2357169,36.044464,8.496289,2026-05-06 13:00:00,0.21965915,0.016057745
2026-04-26,EL,4,2026,17,0.6047517,21.079208,12.747687,2026-05-06 13:00:00,0.60463196,0.00011974573
2026-04-26,EL,3,2026,17,0.22197758,8.920932,1.9802468,2026-05-06 13:00:00,0.2091923,0.012785271
2026-04-26,EL,2,2026,17,0.28253484,34.04359,9.6185,2026-05-06 13:00:00,0.27619562,0.006339222
2026-04-26,VASS,3,2026,17,0.5105041,28.155403,14.373449,2026-05-06 13:00:00,0.5065554,0.003948748
2026-04-26,VASS,2,2026,17,0.24282815,23.237715,5.642771,2026-05-06 13:00:00,0.2537916,-0.010963455
2026-04-26,EL,1,2026,17,0.1966059,6.0032635,1.1802771,2026-05-06 13:00:00,0.15701778,0.039588124
2026-05-03,EL,2,2026,18,0.28844455,34.04359,9.819688,2026-05-13 13:00:00,0.28256935,0.0058752
2026-05-03,VASS,2,2026,18,0.23213232,23.237715,5.3942246,2026-05-13 13:00:00,0.24282815,-0.01069583
2026-05-03,VASS,3,2026,18,0.5129886,28.155403,14.443401,2026-05-13 13:00:00,0.5105248,0.0024638176
2026-05-03,NO,0,2026,18,0.3288657,87.43758,28.75522,2026-05-13 13:00:00,0.32331064,0.0055550635
2026-05-03,EL,3,2026,18,0.23333386,8.920932,2.0815554,2026-05-13 13:00:00,0.22203887,0.011294991
2026-05-03,EL,5,2026,18,0.16208637,17.390587,2.8187768,2026-05-13 13:00:00,0.16696556,-0.0048791915
2026-05-03,VASS,1,2026,18,0.253798,36.044464,9.148014,2026-05-13 13:00:00,0.2357169,0.018081114
2026-05-03,EL,1,2026,18,0.24401231,6.0032635,1.4648702,2026-05-13 13:00:00,0.19661039,0.04740192
2026-05-03,EL,4,2026,18,0.6040136,21.079208,12.732129,2026-05-13 13:00:00,0.6047534,-0.00073975325
2026-05-10,VASS,3,2026,19,0.5070632,28.155403,14.276568,2026-05-20 13:00:00,0.5130279,-0.0059646964
2026-05-10,VASS,2,2026,19,0.21405974,23.237715,4.9742594,2026-05-20 13:00:00,0.23213232,-0.018072575
2026-05-10,NO,0,2026,19,0.32439142,87.43758,28.364,2026-05-20 13:00:00,0.32892728,-0.004535854
2026-05-10,EL,4,2026,19,0.5978471,21.079208,12.602144,2026-05-20 13:00:00,0.60403514,-0.006188035
2026-05-10,EL,1,2026,19,0.27422628,6.0032635,1.6462526,2026-05-20 13:00:00,0.24401231,0.030213967
2026-05-10,EL,5,2026,19,0.15105262,17.390587,2.6268935,2026-05-20 13:00:00,0.16208637,-0.011033744
2026-05-10,EL,2,2026,19,0.28221822,34.04359,9.607721,2026-05-20 13:00:00,0.28844455,-0.006226331
2026-05-10,EL,3,2026,19,0.22838329,8.920932,2.0373917,2026-05-20 13:00:00,0.23333386,-0.004950568
2026-05-10,VASS,1,2026,19,0.25886258,36.044464,9.330564,2026-05-20 13:00:00,0.253798,0.005064577
2026-05-17,VASS,3,2026,20,0.5105527,28.155403,14.374816,2026-05-27 13:00:00,0.5070632,0.0034894943
2026-05-17,EL,2,2026,20,0.27864915,34.04359,9.4862175,2026-05-27 13:00:00,0.28221822,-0.0035690665
2026-05-17,EL,3,2026,20,0.23075558,8.920932,2.0585546,2026-05-27 13:00:00,0.22838329,0.0023722947
2026-05-17,NO,0,2026,20,0.3243583,87.43758,28.361105,2026-05-27 13:00:00,0.32440245,-4.413724e-05
2026-05-17,EL,1,2026,20,0.30316427,6.0032635,1.8199751,2026-05-27 13:00:00,0.2742361,0.02892816
2026-05-17,VASS,2,2026,20,0.20145868,23.237715,4.6814394,2026-05-27 13:00:00,0.21405974,-0.012601063
2026-05-17,VASS,1,2026,20,0.2641085,36.044464,9.5196495,2026-05-27 13:00:00,0.25886258,0.005245924
2026-05-17,EL,5,2026,20,0.14328279,17.390587,2.4917715,2026-05-27 13:00:00,0.1510575,-0.0077747107
2026-05-17,EL,4,2026,20,0.60074407,21.079208,12.66321,2026-05-27 13:00:00,0.5978459,0.0028981566
2026-05-24,EL,1,2026,21,0.40405533,6.0032635,2.4256506,2026-06-03 13:00:00,0.3031678,0.10088754
2026-05-24,VASS,3,2026,21,0.5549466,28.155403,15.624745,2026-06-03 13:00:00,0.5105527,0.044393897
2026-05-24,VASS,2,2026,21,0.23388262,23.237715,5.4348974,2026-06-03 13:00:00,0.20145868,0.032423943
2026-05-24,EL,2,2026,21,0.32456565,34.04359,11.04938,2026-06-03 13:00:00,0.27863955,0.045926094
2026-05-24,NO,0,2026,21,0.37456557,87.43758,32.751106,2026-06-03 13:00:00,0.3243583,0.050207257
2026-05-24,VASS,1,2026,21,0.32978928,36.044464,11.887078,2026-06-03 13:00:00,0.2641085,0.06568077
2026-05-24,EL,5,2026,21,0.19104435,17.390587,3.3223732,2026-06-03 13:00:00,0.14332516,0.04771918
2026-05-24,EL,3,2026,21,0.29990622,8.920932,2.675443,2026-06-03 13:00:00,0.23075558,0.06915064
2026-05-24,EL,4,2026,21,0.6375187,21.079208,13.43839,2026-06-03 13:00:00,0.60074407,0.036774635
2026-05-31,EL,4,2026,22,0.67968076,21.079208,14.327133,2026-06-10 13:00:00,0.6375187,0.04216206
2026-05-31,EL,5,2026,22,0.28124315,17.390587,4.890983,2026-06-10 13:00:00,0.19104435,0.0901988
2026-05-31,VASS,1,2026,22,0.40885434,36.044464,14.736936,2026-06-10 13:00:00,0.32980445,0.079049885
2026-05-31,EL,2,2026,22,0.37645456,34.04359,12.815865,2026-06-10 13:00:00,0.32454857,0.05190599
2026-05-31,VASS,3,2026,22,0.6038841,28.155403,17.0026,2026-06-10 13:00:00,0.5549466,0.0489375
2026-05-31,NO,0,2026,22,0.43616304,87.43758,38.13704,2026-06-10 13:00:00,0.37452814,0.0616349
2026-05-31,EL,1,2026,22,0.48899007,6.0032635,2.9355364,2026-06-10 13:00:00,0.40392295,0.08506712
2026-05-31,VASS,2,2026,22,0.282802,23.237715,6.571672,2026-06-10 13:00:00,0.23388262,0.048919365
2026-05-31,EL,3,2026,22,0.37239268,8.920932,3.3220897,2026-06-10 13:00:00,0.29990622,0.07248646
2026-06-07,EL,3,2026,23,0.45105144,8.920932,4.023799,2026-06-17 13:00:00,0.37239268,0.07865876
2026-06-07,VASS,1,2026,23,0.50891364,36.044464,18.34352,2026-06-17 13:00:00,0.40885434,0.1000593
2026-06-07,NO,0,2026,23,0.51727355,87.43758,45.229145,2026-06-17 13:00:00,0.43620962,0.081063926
2026-06-07,EL,2,2026,23,0.4466768,34.04359,15.206481,2026-06-17 13:00:00,0.37651953,0.07015726
2026-06-07,VASS,3,2026,23,0.6733289,28.155403,18.957846,2026-06-17 13:00:00,0.6038841,0.069444776
2026-06-07,VASS,2,2026,23,0.34734023,23.237715,8.071393,2026-06-17 13:00:00,0.282802,0.06453824
2026-06-07,EL,4,2026,23,0.7472802,21.079208,15.752075,2026-06-17 13:00:00,0.67968076,0.067599416
2026-06-07,EL,1,2026,23,0.60365355,6.0032635,3.6238914,2026-06-17 13:00:00,0.48885164,0.11480191
2026-06-07,EL,5,2026,23,0.38896704,17.390587,6.7643647,2026-06-17 13:00:00,0.28124315,0.10772389
2026-06-14,EL,4,2026,24,0.79885954,21.079208,16.839327,2026-06-24 13:00:00,0.7472758,0.051583707
2026-06-14,EL,5,2026,24,0.4635182,17.390587,8.060853,2026-06-24 13:00:00,0.38984653,0.07367167
2026-06-14,VASS,1,2026,24,0.5808682,36.044464,20.937082,2026-06-24 13:00:00,0.5088386,0.07202959
2026-06-14,NO,0,2026,24,0.5745539,87.43758,50.237602,2026-06-24 13:00:00,0.51727355,0.05728036
2026-06-14,EL,3,2026,24,0.49282557,8.920932,4.3964634,2026-06-24 13:00:00,0.45105144,0.041774124
2026-06-14,VASS,3,2026,24,0.7213837,28.155403,20.310848,2026-06-24 13:00:00,0.6733289,0.048054814
2026-06-14,EL,1,2026,24,0.6872958,6.0032635,4.126018,2026-06-24 13:00:00,0.60368437,0.08361143
2026-06-14,VASS,2,2026,24,0.39204702,23.237715,9.110276,2026-06-24 13:00:00,0.34848464,0.043562382
2026-06-14,EL,2,2026,24,0.49772188,34.04359,16.94424,2026-06-24 13:00:00,0.4466768,0.05104509
2026-06-21,VASS,2,2026,25,0.42935526,23.237715,9.977236,2026-07-01 13:00:00,0.39204702,0.037308246
2026-06-21,VASS,1,2026,25,0.6078951,36.044464,21.911251,2026-07-01 13:00:00,0.5809314,0.026963651
2026-06-21,EL,2,2026,25,0.51747257,34.04359,17.616623,2026-07-01 13:00:00,0.49772188,0.019750684
2026-06-21,EL,5,2026,25,0.5154033,17.390587,8.963165,2026-07-01 13:00:00,0.4635182,0.05188507
2026-06-21,EL,1,2026,25,0.7117908,6.0032635,4.273068,2026-07-01 13:00:00,0.6872958,0.024495006
2026-06-21,NO,0,2026,25,0.6018022,87.43758,52.620125,2026-07-01 13:00:00,0.5745539,0.027248263
2026-06-21,VASS,3,2026,25,0.7404637,28.155403,20.848053,2026-07-01 13:00:00,0.7213837,0.019079983
2026-06-21,EL,3,2026,25,0.5216743,8.920932,4.6538205,2026-07-01 13:00:00,0.49282557,0.028848708
2026-06-21,EL,4,2026,25,0.81773674,21.079208,17.237244,2026-07-01 13:00:00,0.7987746,0.018962145
2026-06-28,EL,2,2026,26,0.52001834,34.04359,17.70329,2026-07-08 13:00:00,0.51747257,0.002545774
2026-06-28,EL,4,2026,26,0.83902586,21.079208,17.686003,2026-07-08 13:00:00,0.81773674,0.02128911
2026-06-28,VASS,3,2026,26,0.76057845,28.155403,21.414392,2026-07-08 13:00:00,0.7404637,0.02011478
2026-06-28,EL,5,2026,26,0.55563,17.390587,9.662731,2026-07-08 13:00:00,0.5154451,0.040184915
2026-06-28,EL,1,2026,26,0.71941656,6.0032635,4.318847,2026-07-08 13:00:00,0.7118085,0.007608056
2026-06-28,NO,0,2026,26,0.6187181,87.43758,54.099213,2026-07-08 13:00:00,0.6018022,0.016915917
2026-06-28,VASS,2,2026,26,0.4530671,23.237715,10.528244,2026-07-08 13:00:00,0.42935526,0.02371183
2026-06-28,EL,3,2026,26,0.5447667,8.920932,4.8598266,2026-07-08 13:00:00,0.5216743,0.023092449
2026-06-28,VASS,1,2026,26,0.61815375,36.044464,22.281021,2026-07-08 13:00:00,0.6078951,0.010258675
2026-07-05,VASS,3,2026,27,0.7816491,28.155403,22.007645,2026-07-15 13:00:00,0.76057845,0.02107066
2026-07-05,EL,2,2026,27,0.5205164,34.04359,17.720245,2026-07-15 13:00:00,0.52001834,0.0004980564
2026-07-05,EL,3,2026,27,0.56451666,8.920932,5.0360146,2026-07-15 13:00:00,0.5447667,0.01974994
2026-07-05,NO,0,2026,27,0.6305877,87.43758,55.137062,2026-07-15 13:00:00,0.6187181,0.011869609
2026-07-05,VASS,2,2026,27,0.46842876,23.237715,10.885214,2026-07-15 13:00:00,0.4530671,0.015361667
2026-07-05,EL,5,2026,27,0.57546926,17.390587,10.007747,2026-07-15 13:00:00,0.55563,0.019839227
2026-07-05,VASS,1,2026,27,0.6209831,36.044464,22.383003,2026-07-15 13:00:00,0.6180952,0.0028879046
2026-07-05,EL,1,2026,27,0.72521377,6.0032635,4.3536496,2026-07-15 13:00:00,0.71941656,0.0057972074
2026-07-05,EL,4,2026,27,0.86172825,21.079208,18.16455,2026-07-15 13:00:00,0.83902586,0.022702396
2026-07-12,VASS,3,2026,28,0.7949568,28.155403,22.382328,2026-07-22 13:00:00,0.7816491,0.013307691
2026-07-12,EL,2,2026,28,0.5074815,34.04359,17.276493,2026-07-22 13:00:00,0.5205164,-0.01303488
2026-07-12,NO,0,2026,28,0.628454,87.43758,54.9505,2026-07-22 13:00:00,0.6305877,-0.0021336675
2026-07-12,EL,3,2026,28,0.5767923,8.920932,5.145525,2026-07-22 13:00:00,0.56451666,0.012275636
2026-07-12,EL,4,2026,28,0.87390333,21.079208,18.421192,2026-07-22 13:00:00,0.86172825,0.012175083
2026-07-12,VASS,2,2026,28,0.465444,23.237715,10.815854,2026-07-22 13:00:00,0.46842876,-0.0029847622
2026-07-12,EL,1,2026,28,0.72025645,6.0032635,4.3238893,2026-07-22 13:00:00,0.72521377,-0.0049573183
2026-07-12,EL,5,2026,28,0.57204586,17.390587,9.948213,2026-07-22 13:00:00,0.5754699,-0.0034240484
2026-07-12,VASS,1,2026,28,0.6080409,36.044464,21.91651,2026-07-22 13:00:00,0.6210239,-0.0129829645
2026-07-19,EL,4,2026,29,0.8788846,21.079208,18.526194,2026-07-29 13:00:00,0.87390333,0.0049812794
2026-07-19,EL,1,2026,29,0.71419376,6.0032635,4.2874937,2026-07-29 13:00:00,0.7202558,-0.006062031
2026-07-19,VASS,1,2026,29,0.5916685,36.044464,21.326372,2026-07-29 13:00:00,0.60800695,-0.016338468
2026-07-19,EL,5,2026,29,0.5642439,17.390587,9.812532,2026-07-29 13:00:00,0.57204586,-0.00780195
2026-07-19,EL,2,2026,29,0.49087018,34.04359,16.710983,2026-07-29 13:00:00,0.5074815,-0.016611338
2026-07-19,NO,0,2026,29,0.6205158,87.43758,54.2564,2026-07-29 13:00:00,0.628454,-0.007938206
2026-07-19,VASS,2,2026,29,0.459227,23.237715,10.671386,2026-07-29 13:00:00,0.46539706,-0.006170064
2026-07-19,VASS,3,2026,29,0.79684925,28.155403,22.435612,2026-07-29 13:00:00,0.7949568,0.0018924475
2026-07-19,EL,3,2026,29,0.5710968,8.920932,5.094715,2026-07-29 13:00:00,0.5767923,-0.005695522
2026-07-26,EL,4,2026,30,0.8883896,21.079208,18.72655,2026-08-05 13:00:00,0.8789316,0.009458005
2026-07-26,VASS,3,2026,30,0.80283993,28.155403,22.60428,2026-08-05 13:00:00,0.79684925,0.005990684
2026-07-26,EL,1,2026,30,0.7069868,6.0032635,4.244228,2026-08-05 13:00:00,0.71419376,-0.0072069764
2026-07-26,EL,2,2026,30,0.4790299,34.04359,16.307898,2026-08-05 13:00:00,0.49087018,-0.011840284
2026-07-26,VASS,1,2026,30,0.5784096,36.044464,20.848465,2026-08-05 13:00:00,0.59173006,-0.013320446
2026-07-26,NO,0,2026,30,0.6182537,87.43758,54.058605,2026-08-05 13:00:00,0.6205158,-0.0022621155
2026-07-26,EL,5,2026,30,0.5680417,17.390587,9.878578,2026-08-05 13:00:00,0.56419134,0.0038503408
2026-07-26,VASS,2,2026,30,0.4648604,23.237715,10.802294,2026-08-05 13:00:00,0.45922518,0.0056352317
2026-07-26,EL,3,2026,30,0.570209,8.920932,5.086796,2026-08-05 13:00:00,0.5710968,-0.0008877516
2026-08-02,VASS,2,2026,31,0.49525836,23.237715,11.508673,2026-08-12 13:00:00,0.4648604,0.030397952
2026-08-02,VASS,3,2026,31,0.8099797,28.155403,22.805304,2026-08-12 13:00:00,0.80283993,0.0071397424
2026-08-02,NO,0,2026,31,0.6281369,87.43758,54.922764,2026-08-12 13:00:00,0.6182537,0.009883165
2026-08-02,EL,3,2026,31,0.57977,8.920932,5.172089,2026-08-12 13:00:00,0.570209,0.009561002
2026-08-02,EL,2,2026,31,0.4807837,34.04359,16.367603,2026-08-12 13:00:00,0.4790299,0.0017538071
2026-08-02,EL,5,2026,31,0.59858584,17.390587,10.409759,2026-08-12 13:00:00,0.5680417,0.030544162
2026-08-02,EL,4,2026,31,0.89778805,21.079208,18.924662,2026-08-12 13:00:00,0.8884213,0.009366751
2026-08-02,VASS,1,2026,31,0.5773795,36.044464,20.811337,2026-08-12 13:00:00,0.5784096,-0.0010300875
2026-08-02,EL,1,2026,31,0.7052345,6.0032635,4.233709,2026-08-12 13:00:00,0.70700353,-0.0017690063
2026-08-09,VASS,2,2026,32,0.5258535,23.237715,12.219634,2026-08-19 13:00:00,0.49525836,0.030595154
2026-08-09,EL,4,2026,32,0.9038931,21.079208,19.053352,2026-08-19 13:00:00,0.8977875,0.006105602
2026-08-09,NO,0,2026,32,0.64144284,87.43758,56.08621,2026-08-19 13:00:00,0.62803197,0.013410866
2026-08-09,VASS,1,2026,32,0.5841473,36.044464,21.055275,2026-08-19 13:00:00,0.5773795,0.00676775
2026-08-09,EL,3,2026,32,0.60440236,8.920932,5.391832,2026-08-19 13:00:00,0.5786894,0.025712967
2026-08-09,VASS,3,2026,32,0.8173854,28.155403,23.013815,2026-08-19 13:00:00,0.80964535,0.0077400208
2026-08-09,EL,5,2026,32,0.63466716,17.390587,11.037233,2026-08-19 13:00:00,0.59858584,0.036081314
2026-08-09,EL,2,2026,32,0.48436067,34.04359,16.489374,2026-08-19 13:00:00,0.48070917,0.0036514997
2026-08-09,EL,1,2026,32,0.7158625,6.0032635,4.297511,2026-08-19 13:00:00,0.70524853,0.010613978
2026-08-16,VASS,3,2026,33,0.82825804,28.155403,23.319937,2026-08-26 13:00:00,0.8173854,0.010872662
2026-08-16,VASS,1,2026,33,0.58369637,36.044464,21.039024,2026-08-26 13:00:00,0.5841514,-0.00045502186
2026-08-16,NO,0,2026,33,0.6478905,87.43758,56.649975,2026-08-26 13:00:00,0.6414437,0.006446779
2026-08-16,EL,2,2026,33,0.4809589,34.04359,16.373568,2026-08-26 13:00:00,0.48443684,-0.003477931
2026-08-16,EL,5,2026,33,0.6534986,17.390587,11.364723,2026-08-26 13:00:00,0.6346717,0.018826902
2026-08-16,VASS,2,2026,33,0.5381528,23.237715,12.505442,2026-08-26 13:00:00,0.5258801,0.012272716
2026-08-16,EL,1,2026,33,0.7188706,6.0032635,4.31557,2026-08-26 13:00:00,0.7158625,0.0030080676
2026-08-16,EL,3,2026,33,0.62986594,8.920932,5.6189914,2026-08-26 13:00:00,0.60440236,0.025463581
2026-08-16,EL,4,2026,33,0.90962255,21.079208,19.174124,2026-08-26 13:00:00,0.90392774,0.0056948066
2026-08-23,NO,0,2026,34,0.6395198,87.43758,55.918064,2026-09-02 13:00:00,0.6478905,-0.0083706975
2026-08-23,EL,4,2026,34,0.9075675,21.079208,19.130804,2026-09-02 13:00:00,0.90964174,-0.0020742416
2026-08-23,VASS,2,2026,34,0.5252982,23.237715,12.20673,2026-09-02 13:00:00,0.5381528,-0.012854636
2026-08-23,VASS,3,2026,34,0.8298982,28.155403,23.366117,2026-09-02 13:00:00,0.82825804,0.001640141
2026-08-23,EL,5,2026,34,0.6417546,17.390587,11.160489,2026-09-02 13:00:00,0.6534986,-0.011743963
2026-08-23,VASS,1,2026,34,0.5707319,36.044464,20.571724,2026-09-02 13:00:00,0.58368003,-0.012948155
2026-08-23,EL,2,2026,34,0.46631882,34.04359,15.875167,2026-09-02 13:00:00,0.48098746,-0.0146686435
2026-08-23,EL,1,2026,34,0.7126633,6.0032635,4.2783055,2026-09-02 13:00:00,0.7188646,-0.006201327
2026-08-23,EL,3,2026,34,0.63727957,8.920932,5.6851273,2026-09-02 13:00:00,0.6298702,0.007409394
2026-08-30,VASS,3,2026,35,0.8277183,28.155403,23.304743,2026-09-09 13:00:00,0.8298982,-0.002179861
2026-08-30,VASS,2,2026,35,0.5143705,23.237715,11.952795,2026-09-09 13:00:00,0.5252982,-0.010927677
2026-08-30,EL,2,2026,35,0.45900613,34.04359,15.626217,2026-09-09 13:00:00,0.46628535,-0.0072792172
2026-08-30,EL,1,2026,35,0.7164716,6.0032635,4.301168,2026-09-09 13:00:00,0.7126544,0.0038172007
2026-08-30,EL,3,2026,35,0.627002,8.920932,5.593442,2026-09-09 13:00:00,0.63727957,-0.010277569
2026-08-30,VASS,1,2026,35,0.56706446,36.044464,20.439535,2026-09-09 13:00:00,0.57070595,-0.0036414862
2026-08-30,NO,0,2026,35,0.63438076,87.43758,55.46872,2026-09-09 13:00:00,0.6395244,-0.0051436424
2026-08-30,EL,5,2026,35,0.63516414,17.390587,11.0458765,2026-09-09 13:00:00,0.6417561,-0.0065919757
2026-08-30,EL,4,2026,35,0.9068742,21.079208,19.11619,2026-09-09 13:00:00,0.9075675,-0.0006933212
2026-09-06,EL,5,2026,36,0.63889813,17.390587,11.110812,2026-09-16 13:00:00,0.6351734,0.0037247539
2026-09-06,EL,3,2026,36,0.6325786,8.920932,5.6431904,2026-09-16 13:00:00,0.627002,0.0055766106
2026-09-06,EL,4,2026,36,0.9027621,21.079208,19.029512,2026-09-16 13:00:00,0.90691763,-0.0041555166
2026-09-06,EL,1,2026,36,0.72504455,6.0032635,4.352634,2026-09-16 13:00:00,0.7164716,0.008572936
2026-09-06,NO,0,2026,36,0.6360544,87.43758,55.615055,2026-09-16 13:00:00,0.63442105,0.0016333461
2026-09-06,VASS,1,2026,36,0.5703967,36.044464,20.559645,2026-09-16 13:00:00,0.56708664,0.0033100843
2026-09-06,VASS,3,2026,36,0.82625234,28.155403,23.263466,2026-09-16 13:00:00,0.82764095,-0.0013886094
2026-09-06,EL,2,2026,36,0.4608634,34.04359,15.6894455,2026-09-16 13:00:00,0.45899883,0.0018645823
2026-09-06,VASS,2,2026,36,0.5169777,23.237715,12.013381,2026-09-16 13:00:00,0.5144231,0.002554655
